Codigo,Município,Rural,Urbana,RI,Ano
150010,Abaetetuba (PA),58102,82998,Tocantins,2010
150013,Abel Figueiredo (PA),746,6034,Rio Capim,2010
150020,Acará (PA),40948,12621,Tocantins,2010
150030,Afuá (PA),25564,9478,Marajó,2010
150034,Água Azul do Norte (PA),20181,4876,Araguaia,2010
150040,Alenquer (PA),24904,27722,Baixo Amazonas,2010
150050,Almeirim (PA),13649,19965,Baixo Amazonas,2010
150060,Altamira (PA),14983,84092,Xingu,2010
150070,Anajás (PA),15265,9494,Marajó,2010
150080,Ananindeua (PA),1161,470819,Guajará,2010
150085,Anapu (PA),10710,9833,Xingu,2010
150090,Augusto Corrêa (PA),22257,18240,Rio Caeté,2010
150095,Aurora do Pará (PA),18378,8168,Rio Capim,2010
150100,Aveiro (PA),12670,3179,Tapajós,2010
150110,Bagre (PA),13203,10661,Marajó,2010
150120,Baião (PA),18327,18555,Tocantins,2010
150125,Bannach (PA),2149,1282,Araguaia,2010
150130,Barcarena (PA),63562,36297,Tocantins,2010
150140,Belém (PA),11924,1381475,Guajará,2010
150145,Belterra (PA),9466,6852,Baixo Amazonas,2010
150150,Benevides (PA),22739,28912,Guajará,2010
150157,Bom Jesus do Tocantins (PA),7140,8158,Carajás,2010
150160,Bonito (PA),9803,3827,Rio Caeté,2010
150170,Bragança (PA),40606,72621,Rio Caeté,2010
150172,Brasil Novo (PA),8791,6899,Xingu,2010
150175,Brejo Grande do Araguaia (PA),3009,4308,Carajás,2010
150178,Breu Branco (PA),23185,29308,Lago Tucuruí,2010
150180,Breves (PA),46300,46560,Marajó,2010
150190,Bujaru (PA),17596,8099,Rio Capim,2010
150195,Cachoeira do Piriá (PA),20952,5532,Rio Caeté,2010
150200,Cachoeira do Arari (PA),13087,7356,Marajó,2010
150210,Cametá (PA),68058,52838,Tocantins,2010
150215,Canaã dos Carajás (PA),5989,20727,Carajás,2010
150220,Capanema (PA),12907,50732,Rio Caeté,2010
150230,Capitão Poço (PA),30452,21441,Rio Capim,2010
150240,Castanhal (PA),19771,153378,Guamá,2010
150250,Chaves (PA),18495,2510,Marajó,2010
150260,Colares (PA),7720,3661,Guamá,2010
150270,Conceição do Araguaia (PA),13093,32464,Araguaia,2010
150275,Concórdia do Pará (PA),13128,15088,Rio Capim,2010
150276,Cumaru do Norte (PA),7755,2711,Araguaia,2010
150277,Curionópolis (PA),5758,12530,Carajás,2010
150280,Curralinho (PA),17619,10930,Marajó,2010
150285,Curuá (PA),6473,5781,Baixo Amazonas,2010
150290,Curuçá (PA),22120,12174,Guamá,2010
150293,Dom Eliseu (PA),18803,32516,Rio Capim,2010
150295,Eldorado do Carajás (PA),15208,16578,Carajás,2010
150300,Faro (PA),2049,6128,Baixo Amazonas,2010
150304,Floresta do Araguaia (PA),9054,8714,Araguaia,2010
150307,Garrafão do Norte (PA),16427,8607,Rio Capim,2010
150309,Goianésia do Pará (PA),9354,21082,Lago Tucuruí,2010
150310,Gurupá (PA),19482,9580,Marajó,2010
150320,Igarapé-Açu (PA),14680,21207,Guamá,2010
150330,Igarapé-Miri (PA),31872,26205,Tocantins,2010
150340,Inhangapi (PA),7266,2771,Guamá,2010
150345,Ipixuna do Pará (PA),39082,12227,Rio Capim,2010
150350,Irituia (PA),24840,6524,Rio Capim,2010
150360,Itaituba (PA),26811,70682,Tapajós,2010
150370,Itupiranga (PA),30730,20490,Lago Tucuruí,2010
150375,Jacareacanga (PA),9173,4930,Tapajós,2010
150380,Jacundá (PA),5677,45683,Lago Tucuruí,2010
150390,Juruti (PA),31234,15852,Baixo Amazonas,2010
150400,Limoeiro do Ajuru (PA),18824,6197,Tocantins,2010
150405,Mãe do Rio (PA),4852,23052,Rio Capim,2010
150410,Magalhães Barata (PA),4320,3795,Guamá,2010
150420,Marabá (PA),47399,186270,Carajás,2010
150430,Maracanã (PA),16720,11656,Guamá,2010
150440,Marapanim (PA),14901,11704,Guamá,2010
150442,Marituba (PA),1123,107123,Guajará,2010
150445,Medicilândia (PA),17769,9559,Xingu,2010
150450,Melgaço (PA),19305,5503,Marajó,2010
150460,Mocajuba (PA),8452,18279,Tocantins,2010
150470,Moju (PA),44856,25162,Tocantins,2010
150480,Monte Alegre (PA),30897,24565,Baixo Amazonas,2010
150490,Muaná (PA),19683,14521,Marajó,2010
150495,Nova Esperança do Piriá (PA),12194,7964,Rio Capim,2010
150497,Nova Ipixuna (PA),6919,7726,Lago Tucuruí,2010
150500,Nova Timboteua (PA),8150,5520,Rio Caeté,2010
150503,Novo Progresso (PA),7407,17717,Tapajós,2010
150506,Novo Repartimento (PA),34100,27950,Lago Tucuruí,2010
150510,Óbidos (PA),23867,25466,Baixo Amazonas,2010
150520,Oeiras do Pará (PA),17163,11432,Tocantins,2010
150530,Oriximiná (PA),22647,40147,Baixo Amazonas,2010
150540,Ourém (PA),8873,7438,Rio Capim,2010
150543,Ourilândia do Norte (PA),7446,19913,Araguaia,2010
150548,Pacajá (PA),26232,13747,Xingu,2010
150549,Palestina do Pará (PA),2929,4546,Carajás,2010
150550,Paragominas (PA),21308,76511,Rio Capim,2010
150553,Parauapebas (PA),15218,138690,Carajás,2010
150555,Pau D'Arco (PA),2392,3641,Araguaia,2010
150560,Peixe-Boi (PA),3685,4169,Rio Caeté,2010
150563,Piçarra (PA),9116,3581,Carajás,2010
150565,Placas (PA),19080,4854,Xingu,2010
150570,Ponta de Pedras (PA),13575,12424,Marajó,2010
150580,Portel (PA),27320,24852,Marajó,2010
150590,Porto de Moz (PA),19373,14583,Xingu,2010
150600,Prainha (PA),20390,8959,Baixo Amazonas,2010
150610,Primavera (PA),3877,6391,Rio Caeté,2010
150611,Quatipuru (PA),7098,5313,Rio Caeté,2010
150613,Redenção (PA),5491,70065,Araguaia,2010
150616,Rio Maria (PA),4185,13512,Araguaia,2010
150618,Rondon do Pará (PA),12268,34696,Rio Capim,2010
150619,Rurópolis (PA),24814,15273,Tapajós,2010
150620,Salinópolis (PA),4030,33391,Rio Caeté,2010
150630,Salvaterra (PA),7511,12672,Marajó,2010
150635,Santa Bárbara do Pará (PA),11683,5458,Guajará,2010
150640,Santa Cruz do Arari (PA),4161,3994,Marajó,2010
150650,Santa Izabel do Pará (PA),16466,43000,Guamá,2010
150655,Santa Luzia do Pará (PA),10731,8693,Rio Caeté,2010
150658,Santa Maria das Barreiras (PA),10849,6357,Araguaia,2010
150660,Santa Maria do Pará (PA),9698,13328,Guamá,2010
150670,Santana do Araguaia (PA),26490,29663,Araguaia,2010
150680,Santarém (PA),78790,215790,Baixo Amazonas,2010
150690,Santarém Novo (PA),4332,1809,Rio Caeté,2010
150700,Santo Antônio do Tauá (PA),11803,14871,Guamá,2010
150710,São Caetano de Odivelas (PA),9933,6958,Guamá,2010
150715,São Domingos do Araguaia (PA),7876,15254,Carajás,2010
150720,São Domingos do Capim (PA),23257,6589,Guamá,2010
150730,São Félix do Xingu (PA),46227,45113,Araguaia,2010
150740,São Francisco do Pará (PA),9947,5113,Guamá,2010
150745,São Geraldo do Araguaia (PA),11997,13590,Carajás,2010
150746,São João da Ponta (PA),4234,1031,Guamá,2010
150747,São João de Pirabas (PA),10160,10487,Rio Caeté,2010
150750,São João do Araguaia (PA),10569,2586,Carajás,2010
150760,São Miguel do Guamá (PA),19683,31884,Guamá,2010
150770,São Sebastião da Boa Vista (PA),13002,9902,Marajó,2010
150775,Sapucaia (PA),1722,3325,Araguaia,2010
150780,Senador José Porfírio (PA),6575,6470,Xingu,2010
150790,Soure (PA),1986,21015,Marajó,2010
150795,Tailândia (PA),20584,58713,Tocantins,2010
150796,Terra Alta (PA),5928,4334,Guamá,2010
150797,Terra Santa (PA),6614,10335,Baixo Amazonas,2010
150800,Tomé-Açu (PA),24955,31563,Rio Capim,2010
150803,Tracuateua (PA),20199,7256,Rio Caeté,2010
150805,Trairão (PA),11196,5679,Tapajós,2010
150808,Tucumã (PA),6783,26907,Araguaia,2010
150810,Tucuruí (PA),4686,92442,Lago Tucuruí,2010
150812,Ulianópolis (PA),14816,28525,Rio Capim,2010
150815,Uruará (PA),20359,24430,Xingu,2010
150820,Vigia (PA),15536,32353,Guamá,2010
150830,Viseu (PA),38319,18397,Rio Caeté,2010
150835,Vitória do Xingu (PA),8069,5362,Xingu,2010
150840,Xinguara (PA),9081,31492,Araguaia,2010
0,,25572339,177508417,,2022
1,,2024601,6095530,,2022
150010,,59798,98390,Tocantins,2022
150013,,770,5366,Rio Capim,2022
150020,,45944,13079,Tocantins,2022
150030,,25890,11875,Marajó,2022
150034,,8778,9302,Araguaia,2022
150040,,34224,35153,Baixo Amazonas,2022
150050,,11780,22500,Baixo Amazonas,2022
150060,,22077,104202,Xingu,2022
150070,,15705,12306,Marajó,2022
150080,,1480,477298,Guajará,2022
150085,,16010,15840,Xingu,2022
150090,,21629,22944,Rio Caeté,2022
150095,,13638,10136,Rio Capim,2022
150100,,13873,4417,Tapajós,2022
150110,,18889,13003,Marajó,2022
150120,,24330,27311,Tocantins,2022
150125,,2420,1611,Araguaia,2022
150130,,22163,104487,Tocantins,2022
150140,,6770,1296633,Guajará,2022
150145,,9321,8778,Baixo Amazonas,2022
150150,,3269,60298,Guajará,2022
150157,,7672,10333,Carajás,2022
150160,,5697,6925,Rio Caeté,2022
150170,,35474,87608,Rio Caeté,2022
150172,,11314,13404,Xingu,2022
150175,,2991,3792,Carajás,2022
150178,,17212,28500,Lago Tucuruí,2022
150180,,51459,55509,Marajó,2022
150190,,15723,8660,Rio Capim,2022
150195,,12478,7152,Rio Caeté,2022
150200,,12618,11363,Marajó,2022
150210,,65971,68213,Tocantins,2022
150215,,7747,69332,Carajás,2022
150220,,10690,59704,Rio Caeté,2022
150230,,25301,31205,Rio Capim,2022
150240,,14389,177867,Guamá,2022
150250,,16071,4686,Marajó,2022
150260,,7775,5093,Guamá,2022
150270,,11460,33157,Araguaia,2022
150275,,10389,16492,Rio Capim,2022
150276,,9035,5001,Araguaia,2022
150277,,2045,17905,Carajás,2022
150280,,20388,13515,Marajó,2022
150285,,6759,7358,Baixo Amazonas,2022
150290,,16546,24716,Guamá,2022
150293,,9163,49321,Rio Capim,2022
150295,,10939,17253,Carajás,2022
150300,,1530,7198,Baixo Amazonas,2022
150304,,7449,10449,Araguaia,2022
150307,,10515,14188,Rio Capim,2022
150309,,9572,16790,Lago Tucuruí,2022
150310,,18558,13228,Marajó,2022
150320,,10935,24862,Guamá,2022
150330,,35920,28911,Tocantins,2022
150340,,6666,3659,Guamá,2022
150345,,14797,15532,Rio Capim,2022
150350,,21997,8958,Rio Capim,2022
150360,,16030,107284,Tapajós,2022
150370,,21196,28558,Lago Tucuruí,2022
150375,,13892,10150,Tapajós,2022
150380,,4006,33701,Lago Tucuruí,2022
150390,,21090,29791,Baixo Amazonas,2022
150400,,20834,8735,Tocantins,2022
150405,,6519,27834,Rio Capim,2022
150410,,4258,3857,Guamá,2022
150420,,26814,239719,Carajás,2022
150430,,15158,10813,Guamá,2022
150440,,11324,15249,Guamá,2022
150442,,306,111479,Guajará,2022
150445,,16349,10745,Xingu,2022
150450,,18224,9657,Marajó,2022
150460,,7774,19424,Tocantins,2022
150470,,50886,33208,Tocantins,2022
150475,,15038,8463,Baixo Amazonas,2022
150480,,27358,32654,Baixo Amazonas,2022
150490,,25807,19561,Marajó,2022
150495,,7748,12730,Rio Capim,2022
150497,,6905,7050,Lago Tucuruí,2022
150500,,3701,9105,Rio Caeté,2022
150503,,6707,26931,Tapajós,2022
150506,,28043,32689,Lago Tucuruí,2022
150510,,20530,31699,Baixo Amazonas,2022
150520,,18175,15669,Tocantins,2022
150530,,20936,47358,Baixo Amazonas,2022
150540,,6971,10884,Rio Capim,2022
150543,,4972,27495,Araguaia,2022
150548,,22133,18964,Xingu,2022
150549,,2161,4724,Carajás,2022
150550,,9400,96150,Rio Capim,2022
150553,,9611,258225,Carajás,2022
150555,,2692,4239,Araguaia,2022
150560,,3299,4986,Rio Caeté,2022
150563,,7514,5318,Carajás,2022
150565,,10608,8060,Xingu,2022
150570,,11982,13002,Marajó,2022
150580,,32280,30223,Marajó,2022
150590,,20734,19863,Xingu,2022
150600,,17057,18520,Baixo Amazonas,2022
150610,,3649,7202,Rio Caeté,2022
150611,,1873,9651,Rio Caeté,2022
150613,,3967,81630,Araguaia,2022
150616,,4414,13970,Araguaia,2022
150618,,19272,33871,Rio Capim,2022
150619,,14132,21637,Tapajós,2022
150620,,3633,41139,Rio Caeté,2022
150630,,6315,17814,Marajó,2022
150635,,7323,13764,Guajará,2022
150640,,1175,6270,Marajó,2022
150650,,14349,58670,Guamá,2022
150655,,9418,10952,Rio Caeté,2022
150658,,8368,8180,Araguaia,2022
150660,,7544,17080,Guamá,2022
150670,,6594,25819,Araguaia,2022
150680,,67435,264507,Baixo Amazonas,2022
150690,,4206,1910,Rio Caeté,2022
150700,,9144,18317,Guamá,2022
150710,,7436,9230,Guamá,2022
150715,,6202,14890,Carajás,2022
150720,,21289,9310,Guamá,2022
150730,,26304,39114,Araguaia,2022
150740,,7452,7442,Guamá,2022
150745,,7312,16943,Carajás,2022
150746,,3554,876,Guamá,2022
150747,,7559,13130,Rio Caeté,2022
150750,,8242,5422,Carajás,2022
150760,,15048,37846,Guamá,2022
150770,,14383,11260,Marajó,2022
150775,,1083,4764,Araguaia,2022
150780,,13613,8963,Xingu,2022
150790,,1661,22543,Marajó,2022
150795,,9622,62871,Tocantins,2022
150796,,4492,5908,Guamá,2022
150797,,2523,16259,Baixo Amazonas,2022
150800,,24778,42807,Rio Capim,2022
150803,,18422,10173,Rio Caeté,2022
150805,,5843,9399,Tapajós,2022
150808,,5433,34117,Araguaia,2022
150810,,5746,85560,Lago Tucuruí,2022
150812,,11486,26486,Rio Capim,2022
150815,,17880,25678,Xingu,2022
150820,,11236,39596,Guamá,2022
150830,,28756,29936,Rio Caeté,2022
150835,,6907,8700,Xingu,2022
150840,,6503,46390,Araguaia,2022
