Codigo,Municipio,Branca,Preta,Amarela,Parda,Indígena,Total,RI,Ano,Homens,Mulheres
1,Pará,1570281.0,793621.0,12432,5673446.0,69180.0,8120131,,2022,,
150010,Abaetetuba (PA),29624.0,15895.0,107,112187.0,83.0,158188,Tocantins,2022,,
150013,Abel Figueiredo (PA),1228.0,640.0,-,4258.0,10.0,6136,Rio Capim,2022,,
150020,Acará (PA),5684.0,8503.0,65,44748.0,23.0,59023,Tocantins,2022,,
150030,Afuá (PA),5470.0,2567.0,24,29690.0,12.0,37765,Marajó,2022,,
150034,Água Azul do Norte (PA),4451.0,1829.0,13,11609.0,176.0,18080,Araguaia,2022,,
150040,Alenquer (PA),10431.0,5405.0,41,53463.0,36.0,69377,Baixo Amazonas,2022,,
150050,Almeirim (PA),5102.0,2583.0,12,25498.0,1085.0,34280,Baixo Amazonas,2022,,
150060,Altamira (PA),29118.0,12939.0,329,77948.0,5944.0,126279,Xingu,2022,,
150070,Anajás (PA),3900.0,1610.0,8,22488.0,5.0,28011,Marajó,2022,,
150080,Ananindeua (PA),112106.0,53576.0,949,311624.0,508.0,478778,Guajará,2022,,
150085,Anapu (PA),6182.0,3497.0,215,21015.0,941.0,31850,Xingu,2022,,
150090,Augusto Corrêa (PA),5022.0,1430.0,8,38105.0,8.0,44573,Rio Caeté,2022,,
150095,Aurora do Pará (PA),3005.0,2617.0,18,18085.0,49.0,23774,Rio Capim,2022,,
150100,Aveiro (PA),1720.0,1004.0,18,12581.0,2967.0,18290,Tapajós,2022,,
150110,Bagre (PA),3185.0,2974.0,6,25726.0,1.0,31892,Marajó,2022,,
150120,Baião (PA),5955.0,11813.0,12,33810.0,51.0,51641,Tocantins,2022,,
150125,Bannach (PA),726.0,414.0,8,2667.0,216.0,4031,Araguaia,2022,,
150130,Barcarena (PA),22494.0,10492.0,234,93144.0,284.0,126650,Tocantins,2022,,
150140,Belém (PA),342476.0,149395.0,3298,806103.0,2069.0,1303403,Guajará,2022,,
150145,Belterra (PA),2394.0,937.0,52,14012.0,704.0,18099,Baixo Amazonas,2022,,
150150,Benevides (PA),12040.0,6258.0,119,45082.0,68.0,63567,Guajará,2022,,
150157,Bom Jesus do Tocantins (PA),3963.0,1314.0,18,11633.0,1077.0,18005,Carajás,2022,,
150160,Bonito (PA),2075.0,680.0,9,9856.0,2.0,12622,Rio Caeté,2022,,
150170,Bragança (PA),16431.0,5413.0,57,101085.0,94.0,123082,Rio Caeté,2022,,
150172,Brasil Novo (PA),5996.0,2850.0,21,15457.0,393.0,24718,Xingu,2022,,
150175,Brejo Grande do Araguaia (PA),1140.0,782.0,5,4774.0,82.0,6783,Carajás,2022,,
150178,Breu Branco (PA),7787.0,5254.0,49,32526.0,96.0,45712,Lago Tucuruí,2022,,
150180,Breves (PA),15892.0,7566.0,118,83288.0,104.0,106968,Marajó,2022,,
150190,Bujaru (PA),2546.0,3060.0,19,18732.0,26.0,24383,Rio Capim,2022,,
150195,Cachoeira do Piriá (PA),2712.0,2470.0,5,14412.0,31.0,19630,Rio Caeté,2022,,
150200,Cachoeira do Arari (PA),2124.0,3508.0,14,18319.0,16.0,23981,Marajó,2022,,
150210,Cametá (PA),23161.0,10565.0,55,100277.0,125.0,134184,Tocantins,2022,,
150215,Canaã dos Carajás (PA),16694.0,7515.0,204,52546.0,120.0,77079,Carajás,2022,,
150220,Capanema (PA),16489.0,3796.0,149,49858.0,102.0,70394,Rio Caeté,2022,,
150230,Capitão Poço (PA),8253.0,3059.0,43,45081.0,69.0,56506,Rio Capim,2022,,
150240,Castanhal (PA),42881.0,16429.0,719,132079.0,144.0,192256,Guamá,2022,,
150250,Chaves (PA),2620.0,2692.0,40,15381.0,24.0,20757,Marajó,2022,,
150260,Colares (PA),2165.0,834.0,2,9855.0,12.0,12868,Guamá,2022,,
150270,Conceição do Araguaia (PA),9601.0,5992.0,142,28776.0,102.0,44617,Araguaia,2022,,
150275,Concórdia do Pará (PA),3659.0,4594.0,52,18543.0,33.0,26881,Rio Capim,2022,,
150276,Cumaru do Norte (PA),2273.0,1502.0,12,7246.0,2446.0,14036,Araguaia,2022,,
150277,Curionópolis (PA),4019.0,2192.0,15,13693.0,31.0,19950,Carajás,2022,,
150280,Curralinho (PA),4925.0,2117.0,13,26835.0,13.0,33903,Marajó,2022,,
150285,Curuá (PA),1741.0,813.0,1,11552.0,10.0,14117,Baixo Amazonas,2022,,
150290,Curuçá (PA),7190.0,2159.0,33,31857.0,23.0,41262,Guamá,2022,,
150293,Dom Eliseu (PA),13176.0,6145.0,82,39034.0,47.0,58484,Rio Capim,2022,,
150295,Eldorado do Carajás (PA),5526.0,3409.0,22,19198.0,37.0,28192,Carajás,2022,,
150300,Faro (PA),1129.0,201.0,1,7314.0,83.0,8728,Baixo Amazonas,2022,,
150304,Floresta do Araguaia (PA),3816.0,1896.0,23,12134.0,29.0,17898,Araguaia,2022,,
150307,Garrafão do Norte (PA),3324.0,1523.0,29,19819.0,8.0,24703,Rio Capim,2022,,
150309,Goianésia do Pará (PA),5095.0,2860.0,15,18279.0,112.0,26362,Lago Tucuruí,2022,,
150310,Gurupá (PA),5092.0,1992.0,8,24643.0,51.0,31786,Marajó,2022,,
150320,Igarapé-Açu (PA),6803.0,2108.0,105,26754.0,25.0,35797,Guamá,2022,,
150330,Igarapé-Miri (PA),11507.0,11062.0,24,42215.0,23.0,64831,Tocantins,2022,,
150340,Inhangapi (PA),1030.0,1569.0,10,7709.0,7.0,10325,Guamá,2022,,
150345,Ipixuna do Pará (PA),4748.0,3052.0,26,22468.0,35.0,30329,Rio Capim,2022,,
150350,Irituia (PA),4224.0,3023.0,34,23661.0,12.0,30955,Rio Capim,2022,,
150360,Itaituba (PA),23860.0,13079.0,135,84202.0,2035.0,123314,Tapajós,2022,,
150370,Itupiranga (PA),9112.0,6270.0,62,33868.0,442.0,49754,Lago Tucuruí,2022,,
150375,Jacareacanga (PA),1854.0,1214.0,17,7141.0,13816.0,24042,Tapajós,2022,,
150380,Jacundá (PA),7819.0,4488.0,62,25293.0,42.0,37707,Lago Tucuruí,2022,,
150390,Juruti (PA),6241.0,2538.0,69,41921.0,112.0,50881,Baixo Amazonas,2022,,
150400,Limoeiro do Ajuru (PA),5112.0,1146.0,2,23296.0,13.0,29569,Tocantins,2022,,
150405,Mãe do Rio (PA),6601.0,2909.0,50,24779.0,13.0,34353,Rio Capim,2022,,
150410,Magalhães Barata (PA),1314.0,379.0,-,6421.0,1.0,8115,Guamá,2022,,
150420,Marabá (PA),48548.0,26407.0,266,190750.0,552.0,266533,Carajás,2022,,
150430,Maracanã (PA),4279.0,1361.0,5,20309.0,16.0,25971,Guamá,2022,,
150440,Marapanim (PA),4166.0,1385.0,2,21013.0,7.0,26573,Guamá,2022,,
150442,Marituba (PA),22505.0,11256.0,117,77809.0,94.0,111785,Guajará,2022,,
150445,Medicilândia (PA),5461.0,2625.0,70,18920.0,18.0,27094,Xingu,2022,,
150450,Melgaço (PA),3830.0,3075.0,14,20950.0,11.0,27881,Marajó,2022,,
150460,Mocajuba (PA),5067.0,3168.0,6,18910.0,47.0,27198,Tocantins,2022,,
150470,Moju (PA),11124.0,11077.0,74,61588.0,230.0,84094,Tocantins,2022,,
150475,Mojuí dos Campos (PA),3500.0,1301.0,26,18630.0,44.0,23501,Baixo Amazonas,2022,,
150480,Monte Alegre (PA),10163.0,3569.0,101,46122.0,57.0,60012,Baixo Amazonas,2022,,
150490,Muaná (PA),6048.0,2149.0,4,37166.0,1.0,45368,Marajó,2022,,
150495,Nova Esperança do Piriá (PA),3195.0,1417.0,24,15810.0,32.0,20478,Rio Capim,2022,,
150497,Nova Ipixuna (PA),2057.0,2235.0,10,9641.0,8.0,13955,Lago Tucuruí,2022,,
150500,Nova Timboteua (PA),2135.0,850.0,13,9804.0,3.0,12806,Rio Caeté,2022,,
150503,Novo Progresso (PA),9787.0,2721.0,65,20994.0,71.0,33638,Tapajós,2022,,
150506,Novo Repartimento (PA),10802.0,6568.0,134,42108.0,1119.0,60732,Lago Tucuruí,2022,,
150510,Óbidos (PA),7840.0,6399.0,15,37106.0,868.0,52229,Baixo Amazonas,2022,,
150520,Oeiras do Pará (PA),2839.0,3985.0,9,26996.0,15.0,33844,Tocantins,2022,,
150530,Oriximiná (PA),9451.0,9028.0,38,45975.0,3802.0,68294,Baixo Amazonas,2022,,
150540,Ourém (PA),2407.0,2015.0,16,13378.0,39.0,17855,Rio Capim,2022,,
150543,Ourilândia do Norte (PA),7164.0,3135.0,13,20686.0,1468.0,32467,Araguaia,2022,,
150548,Pacajá (PA),6988.0,4249.0,16,29811.0,33.0,41097,Xingu,2022,,
150549,Palestina do Pará (PA),1252.0,875.0,5,4748.0,5.0,6885,Carajás,2022,,
150550,Paragominas (PA),21410.0,10702.0,167,71824.0,1328.0,105550,Rio Capim,2022,,
150553,Parauapebas (PA),56707.0,26734.0,351,182069.0,1965.0,267836,Carajás,2022,,
150555,Pau D'Arco (PA),1245.0,608.0,6,4612.0,460.0,6931,Araguaia,2022,,
150560,Peixe-Boi (PA),1596.0,459.0,10,6217.0,3.0,8285,Rio Caeté,2022,,
150563,Piçarra (PA),2148.0,1680.0,25,8964.0,5.0,12832,Carajás,2022,,
150565,Placas (PA),4260.0,2321.0,43,12023.0,21.0,18668,Xingu,2022,,
150570,Ponta de Pedras (PA),4073.0,2179.0,11,18699.0,22.0,24984,Marajó,2022,,
150580,Portel (PA),8481.0,4200.0,14,49781.0,26.0,62503,Marajó,2022,,
150590,Porto de Moz (PA),4650.0,2239.0,11,33604.0,93.0,40597,Xingu,2022,,
150600,Prainha (PA),3653.0,2975.0,26,28900.0,23.0,35577,Baixo Amazonas,2022,,
150610,Primavera (PA),1631.0,529.0,8,8679.0,3.0,10851,Rio Caeté,2022,,
150611,Quatipuru (PA),2228.0,627.0,4,8653.0,12.0,11524,Rio Caeté,2022,,
150613,Redenção (PA),21094.0,10490.0,104,53606.0,299.0,85597,Araguaia,2022,,
150616,Rio Maria (PA),4363.0,2080.0,76,11829.0,36.0,18384,Araguaia,2022,,
150618,Rondon do Pará (PA),11241.0,4035.0,12,37745.0,108.0,53143,Rio Capim,2022,,
150619,Rurópolis (PA),7287.0,3601.0,40,24772.0,69.0,35769,Tapajós,2022,,
150620,Salinópolis (PA),7388.0,2191.0,36,35086.0,71.0,44772,Rio Caeté,2022,,
150630,Salvaterra (PA),2598.0,5136.0,10,16364.0,21.0,24129,Marajó,2022,,
150635,Santa Bárbara do Pará (PA),3409.0,2076.0,17,15561.0,24.0,21087,Guajará,2022,,
150640,Santa Cruz do Arari (PA),977.0,1945.0,10,4509.0,4.0,7445,Marajó,2022,,
150650,Santa Izabel do Pará (PA),11585.0,7236.0,279,53832.0,86.0,73019,Guamá,2022,,
150655,Santa Luzia do Pará (PA),3369.0,1547.0,24,14694.0,736.0,20370,Rio Caeté,2022,,
150658,Santa Maria das Barreiras (PA),3582.0,1694.0,26,11146.0,100.0,16548,Araguaia,2022,,
150660,Santa Maria do Pará (PA),4867.0,1455.0,59,17848.0,395.0,24624,Guamá,2022,,
150670,Santana do Araguaia (PA),6971.0,4312.0,84,20900.0,145.0,32413,Araguaia,2022,,
150680,Santarém (PA),56124.0,23988.0,389,240817.0,10602.0,331942,Baixo Amazonas,2022,,
150690,Santarém Novo (PA),866.0,383.0,9,4854.0,4.0,6116,Rio Caeté,2022,,
150700,Santo Antônio do Tauá (PA),5109.0,1935.0,50,20328.0,39.0,27461,Guamá,2022,,
150710,São Caetano de Odivelas (PA),2879.0,950.0,12,12819.0,6.0,16666,Guamá,2022,,
150715,São Domingos do Araguaia (PA),3910.0,2204.0,31,14889.0,57.0,21092,Carajás,2022,,
150720,São Domingos do Capim (PA),3564.0,3116.0,15,23897.0,7.0,30599,Guamá,2022,,
150730,São Félix do Xingu (PA),12033.0,6152.0,72,44722.0,2439.0,65418,Araguaia,2022,,
150740,São Francisco do Pará (PA),2535.0,819.0,21,11495.0,24.0,14894,Guamá,2022,,
150745,São Geraldo do Araguaia (PA),4524.0,3002.0,24,16241.0,463.0,24255,Carajás,2022,,
150746,São João da Ponta (PA),429.0,125.0,2,3873.0,1.0,4430,Guamá,2022,,
150747,São João de Pirabas (PA),3527.0,989.0,9,16160.0,4.0,20689,Rio Caeté,2022,,
150750,São João do Araguaia (PA),2014.0,1851.0,13,9761.0,25.0,13664,Carajás,2022,,
150760,São Miguel do Guamá (PA),5750.0,5638.0,45,41427.0,33.0,52894,Guamá,2022,,
150770,São Sebastião da Boa Vista (PA),5030.0,1568.0,30,18992.0,23.0,25643,Marajó,2022,,
150775,Sapucaia (PA),1099.0,437.0,8,4298.0,5.0,5847,Araguaia,2022,,
150780,Senador José Porfírio (PA),3289.0,2664.0,39,15763.0,821.0,22576,Xingu,2022,,
150790,Soure (PA),2750.0,4458.0,12,16958.0,26.0,24204,Marajó,2022,,
150795,Tailândia (PA),13465.0,8663.0,155,50123.0,85.0,72493,Tocantins,2022,,
150796,Terra Alta (PA),1797.0,665.0,19,7917.0,2.0,10400,Guamá,2022,,
150797,Terra Santa (PA),2975.0,637.0,6,15137.0,26.0,18782,Baixo Amazonas,2022,,
150800,Tomé-Açu (PA),10838.0,7803.0,502,47913.0,529.0,67585,Rio Capim,2022,,
150803,Tracuateua (PA),2569.0,1006.0,8,24993.0,19.0,28595,Rio Caeté,2022,,
150805,Trairão (PA),3098.0,1250.0,7,10543.0,344.0,15242,Tapajós,2022,,
150808,Tucumã (PA),10783.0,3276.0,62,25388.0,39.0,39550,Araguaia,2022,,
150810,Tucuruí (PA),20702.0,10284.0,88,59425.0,805.0,91306,Lago Tucuruí,2022,,
150812,Ulianópolis (PA),8860.0,3435.0,49,25592.0,35.0,37972,Rio Capim,2022,,
150815,Uruará (PA),9503.0,4409.0,11,29535.0,100.0,43558,Xingu,2022,,
150820,Vigia (PA),10924.0,3632.0,24,36224.0,25.0,50832,Guamá,2022,,
150830,Viseu (PA),6782.0,3385.0,24,48435.0,66.0,58692,Rio Caeté,2022,,
150835,Vitória do Xingu (PA),2730.0,1666.0,24,10667.0,517.0,15607,Xingu,2022,,
150840,Xinguara (PA),12369.0,4933.0,69,35466.0,56.0,52893,Araguaia,2022,,
1,Pará,,,,,,7581051,,2010,3821837.0,3759214.0
150010,Abaetetuba (PA),,,,,,141100,Tocantins,2010,71630.0,69470.0
150013,Abel Figueiredo (PA),,,,,,6780,Rio Capim,2010,3533.0,3247.0
150020,Acará (PA),,,,,,53569,Tocantins,2010,28115.0,25454.0
150030,Afuá (PA),,,,,,35042,Marajó,2010,18453.0,16589.0
150034,Água Azul do Norte (PA),,,,,,25057,Araguaia,2010,13618.0,11439.0
150040,Alenquer (PA),,,,,,52626,Baixo Amazonas,2010,27030.0,25596.0
150050,Almeirim (PA),,,,,,33614,Baixo Amazonas,2010,17468.0,16146.0
150060,Altamira (PA),,,,,,99075,Xingu,2010,49819.0,49256.0
150070,Anajás (PA),,,,,,24759,Marajó,2010,12957.0,11802.0
150080,Ananindeua (PA),,,,,,471980,Guajará,2010,226635.0,245345.0
150085,Anapu (PA),,,,,,20543,Xingu,2010,10992.0,9551.0
150090,Augusto Corrêa (PA),,,,,,40497,Rio Caeté,2010,20989.0,19508.0
150095,Aurora do Pará (PA),,,,,,26546,Rio Capim,2010,13620.0,12926.0
150100,Aveiro (PA),,,,,,15849,Tapajós,2010,8367.0,7482.0
150110,Bagre (PA),,,,,,23864,Marajó,2010,12135.0,11729.0
150120,Baião (PA),,,,,,36882,Tocantins,2010,19446.0,17436.0
150125,Bannach (PA),,,,,,3431,Araguaia,2010,1847.0,1584.0
150130,Barcarena (PA),,,,,,99859,Tocantins,2010,50346.0,49513.0
150140,Belém (PA),,,,,,1393399,Guajará,2010,659008.0,734391.0
150145,Belterra (PA),,,,,,16318,Baixo Amazonas,2010,8481.0,7837.0
150150,Benevides (PA),,,,,,51651,Guajará,2010,25815.0,25836.0
150157,Bom Jesus do Tocantins (PA),,,,,,15298,Carajás,2010,8051.0,7247.0
150160,Bonito (PA),,,,,,13630,Rio Caeté,2010,7114.0,6516.0
150170,Bragança (PA),,,,,,113227,Rio Caeté,2010,57291.0,55936.0
150172,Brasil Novo (PA),,,,,,15690,Xingu,2010,8314.0,7376.0
150175,Brejo Grande do Araguaia (PA),,,,,,7317,Carajás,2010,3832.0,3485.0
150178,Breu Branco (PA),,,,,,52493,Lago Tucuruí,2010,27085.0,25408.0
150180,Breves (PA),,,,,,92860,Marajó,2010,47788.0,45072.0
150190,Bujaru (PA),,,,,,25695,Rio Capim,2010,13335.0,12360.0
150195,Cachoeira do Piriá (PA),,,,,,26484,Rio Caeté,2010,13720.0,12764.0
150200,Cachoeira do Arari (PA),,,,,,20443,Marajó,2010,10545.0,9898.0
150210,Cametá (PA),,,,,,120896,Tocantins,2010,62016.0,58880.0
150215,Canaã dos Carajás (PA),,,,,,26716,Carajás,2010,13585.0,13131.0
150220,Capanema (PA),,,,,,63639,Rio Caeté,2010,31494.0,32145.0
150230,Capitão Poço (PA),,,,,,51893,Rio Capim,2010,26621.0,25272.0
150240,Castanhal (PA),,,,,,173149,Guamá,2010,84476.0,88673.0
150250,Chaves (PA),,,,,,21005,Marajó,2010,11180.0,9825.0
150260,Colares (PA),,,,,,11381,Guamá,2010,5879.0,5502.0
150270,Conceição do Araguaia (PA),,,,,,45557,Araguaia,2010,23309.0,22248.0
150275,Concórdia do Pará (PA),,,,,,28216,Rio Capim,2010,14590.0,13626.0
150276,Cumaru do Norte (PA),,,,,,10466,Araguaia,2010,6081.0,4385.0
150277,Curionópolis (PA),,,,,,18288,Carajás,2010,9666.0,8622.0
150280,Curralinho (PA),,,,,,28549,Marajó,2010,15059.0,13490.0
150285,Curuá (PA),,,,,,12254,Baixo Amazonas,2010,6456.0,5798.0
150290,Curuçá (PA),,,,,,34294,Guamá,2010,17568.0,16726.0
150293,Dom Eliseu (PA),,,,,,51319,Rio Capim,2010,26624.0,24695.0
150295,Eldorado do Carajás (PA),,,,,,31786,Carajás,2010,16814.0,14972.0
150300,Faro (PA),,,,,,8177,Baixo Amazonas,2010,4240.0,3937.0
150304,Floresta do Araguaia (PA),,,,,,17768,Araguaia,2010,9551.0,8217.0
150307,Garrafão do Norte (PA),,,,,,25034,Rio Capim,2010,13107.0,11927.0
150309,Goianésia do Pará (PA),,,,,,30436,Lago Tucuruí,2010,15750.0,14686.0
150310,Gurupá (PA),,,,,,29062,Marajó,2010,15400.0,13662.0
150320,Igarapé-Açu (PA),,,,,,35887,Guamá,2010,18117.0,17770.0
150330,Igarapé-Miri (PA),,,,,,58077,Tocantins,2010,29674.0,28403.0
150340,Inhangapi (PA),,,,,,10037,Guamá,2010,5170.0,4867.0
150345,Ipixuna do Pará (PA),,,,,,51309,Rio Capim,2010,26904.0,24405.0
150350,Irituia (PA),,,,,,31364,Rio Capim,2010,16261.0,15103.0
150360,Itaituba (PA),,,,,,97493,Tapajós,2010,49681.0,47812.0
150370,Itupiranga (PA),,,,,,51220,Lago Tucuruí,2010,27026.0,24194.0
150375,Jacareacanga (PA),,,,,,14103,Tapajós,2010,8037.0,6066.0
150380,Jacundá (PA),,,,,,51360,Lago Tucuruí,2010,25769.0,25591.0
150390,Juruti (PA),,,,,,47086,Baixo Amazonas,2010,24578.0,22508.0
150400,Limoeiro do Ajuru (PA),,,,,,25021,Tocantins,2010,13115.0,11906.0
150405,Mãe do Rio (PA),,,,,,27904,Rio Capim,2010,13740.0,14164.0
150410,Magalhães Barata (PA),,,,,,8115,Guamá,2010,4258.0,3857.0
150420,Marabá (PA),,,,,,233669,Carajás,2010,118196.0,115473.0
150430,Maracanã (PA),,,,,,28376,Guamá,2010,14699.0,13677.0
150440,Marapanim (PA),,,,,,26605,Guamá,2010,13884.0,12721.0
150442,Marituba (PA),,,,,,108246,Guajará,2010,53884.0,54362.0
150445,Medicilândia (PA),,,,,,27328,Xingu,2010,14888.0,12440.0
150450,Melgaço (PA),,,,,,24808,Marajó,2010,13227.0,11581.0
150460,Mocajuba (PA),,,,,,26731,Tocantins,2010,13747.0,12984.0
150470,Moju (PA),,,,,,70018,Tocantins,2010,36666.0,33352.0
150480,Monte Alegre (PA),,,,,,55462,Baixo Amazonas,2010,28508.0,26954.0
150490,Muaná (PA),,,,,,34204,Marajó,2010,17906.0,16298.0
150495,Nova Esperança do Piriá (PA),,,,,,20158,Rio Capim,2010,10643.0,9515.0
150497,Nova Ipixuna (PA),,,,,,14645,Lago Tucuruí,2010,7731.0,6914.0
150500,Nova Timboteua (PA),,,,,,13670,Rio Caeté,2010,7082.0,6588.0
150503,Novo Progresso (PA),,,,,,25124,Tapajós,2010,13435.0,11689.0
150506,Novo Repartimento (PA),,,,,,62050,Lago Tucuruí,2010,32748.0,29302.0
150510,Óbidos (PA),,,,,,49333,Baixo Amazonas,2010,25563.0,23770.0
150520,Oeiras do Pará (PA),,,,,,28595,Tocantins,2010,15017.0,13578.0
150530,Oriximiná (PA),,,,,,62794,Baixo Amazonas,2010,31756.0,31038.0
150540,Ourém (PA),,,,,,16311,Rio Capim,2010,8443.0,7868.0
150543,Ourilândia do Norte (PA),,,,,,27359,Araguaia,2010,14270.0,13089.0
150548,Pacajá (PA),,,,,,39979,Xingu,2010,21599.0,18380.0
150549,Palestina do Pará (PA),,,,,,7475,Carajás,2010,3879.0,3596.0
150550,Paragominas (PA),,,,,,97819,Rio Capim,2010,49267.0,48552.0
150553,Parauapebas (PA),,,,,,153908,Carajás,2010,77893.0,76015.0
150555,Pau D'Arco (PA),,,,,,6033,Araguaia,2010,3178.0,2855.0
150560,Peixe-Boi (PA),,,,,,7854,Rio Caeté,2010,4039.0,3815.0
150563,Piçarra (PA),,,,,,12697,Carajás,2010,6776.0,5921.0
150565,Placas (PA),,,,,,23934,Xingu,2010,12568.0,11366.0
150570,Ponta de Pedras (PA),,,,,,25999,Marajó,2010,13379.0,12620.0
150580,Portel (PA),,,,,,52172,Marajó,2010,26818.0,25354.0
150590,Porto de Moz (PA),,,,,,33956,Xingu,2010,17612.0,16344.0
150600,Prainha (PA),,,,,,29349,Baixo Amazonas,2010,15516.0,13833.0
150610,Primavera (PA),,,,,,10268,Rio Caeté,2010,5300.0,4968.0
150611,Quatipuru (PA),,,,,,12411,Rio Caeté,2010,6461.0,5950.0
150613,Redenção (PA),,,,,,75556,Araguaia,2010,38016.0,37540.0
150616,Rio Maria (PA),,,,,,17697,Araguaia,2010,9161.0,8536.0
150618,Rondon do Pará (PA),,,,,,46964,Rio Capim,2010,24274.0,22690.0
150619,Rurópolis (PA),,,,,,40087,Tapajós,2010,20875.0,19212.0
150620,Salinópolis (PA),,,,,,37421,Rio Caeté,2010,19096.0,18325.0
150630,Salvaterra (PA),,,,,,20183,Marajó,2010,10292.0,9891.0
150635,Santa Bárbara do Pará (PA),,,,,,17141,Guajará,2010,8755.0,8386.0
150640,Santa Cruz do Arari (PA),,,,,,8155,Marajó,2010,4142.0,4013.0
150650,Santa Izabel do Pará (PA),,,,,,59466,Guamá,2010,31156.0,28310.0
150655,Santa Luzia do Pará (PA),,,,,,19424,Rio Caeté,2010,9884.0,9540.0
150658,Santa Maria das Barreiras (PA),,,,,,17206,Araguaia,2010,9497.0,7709.0
150660,Santa Maria do Pará (PA),,,,,,23026,Guamá,2010,11492.0,11534.0
150670,Santana do Araguaia (PA),,,,,,56153,Araguaia,2010,29788.0,26365.0
150680,Santarém (PA),,,,,,294580,Baixo Amazonas,2010,145533.0,149047.0
150690,Santarém Novo (PA),,,,,,6141,Rio Caeté,2010,3211.0,2930.0
150700,Santo Antônio do Tauá (PA),,,,,,26674,Guamá,2010,13433.0,13241.0
150710,São Caetano de Odivelas (PA),,,,,,16891,Guamá,2010,8806.0,8085.0
150715,São Domingos do Araguaia (PA),,,,,,23130,Carajás,2010,11901.0,11229.0
150720,São Domingos do Capim (PA),,,,,,29846,Guamá,2010,15741.0,14105.0
150730,São Félix do Xingu (PA),,,,,,91340,Araguaia,2010,48691.0,42649.0
150740,São Francisco do Pará (PA),,,,,,15060,Guamá,2010,7775.0,7285.0
150745,São Geraldo do Araguaia (PA),,,,,,25587,Carajás,2010,13093.0,12494.0
150746,São João da Ponta (PA),,,,,,5265,Guamá,2010,2738.0,2527.0
150747,São João de Pirabas (PA),,,,,,20647,Rio Caeté,2010,10760.0,9887.0
150750,São João do Araguaia (PA),,,,,,13155,Carajás,2010,7149.0,6006.0
150760,São Miguel do Guamá (PA),,,,,,51567,Guamá,2010,26028.0,25539.0
150770,São Sebastião da Boa Vista (PA),,,,,,22904,Marajó,2010,11833.0,11071.0
150775,Sapucaia (PA),,,,,,5047,Araguaia,2010,2710.0,2337.0
150780,Senador José Porfírio (PA),,,,,,13045,Xingu,2010,6995.0,6050.0
150790,Soure (PA),,,,,,23001,Marajó,2010,11472.0,11529.0
150795,Tailândia (PA),,,,,,79297,Tocantins,2010,40991.0,38306.0
150796,Terra Alta (PA),,,,,,10262,Guamá,2010,5272.0,4990.0
150797,Terra Santa (PA),,,,,,16949,Baixo Amazonas,2010,8776.0,8173.0
150800,Tomé-Açu (PA),,,,,,56518,Rio Capim,2010,29323.0,27195.0
150803,Tracuateua (PA),,,,,,27455,Rio Caeté,2010,14328.0,13127.0
150805,Trairão (PA),,,,,,16875,Tapajós,2010,9146.0,7729.0
150808,Tucumã (PA),,,,,,33690,Araguaia,2010,17489.0,16201.0
150810,Tucuruí (PA),,,,,,97128,Lago Tucuruí,2010,48402.0,48726.0
150812,Ulianópolis (PA),,,,,,43341,Rio Capim,2010,22209.0,21132.0
150815,Uruará (PA),,,,,,44789,Xingu,2010,23633.0,21156.0
150820,Vigia (PA),,,,,,47889,Guamá,2010,24548.0,23341.0
150830,Viseu (PA),,,,,,56716,Rio Caeté,2010,29817.0,26899.0
150835,Vitória do Xingu (PA),,,,,,13431,Xingu,2010,7281.0,6150.0
150840,Xinguara (PA),,,,,,40573,Araguaia,2010,20572.0,20001.0
