Codigo,Municipio,Total,Menos de 1 ano,Menos de 1 mês,1 mês,2 meses,3 meses,4 meses,5 meses,6 meses,7 meses,8 meses,9 meses,10 meses,11 meses,1 ano,2 anos,3 anos,4 anos,5 anos,6 anos,7 anos,8 anos,9 anos,10 anos,11 anos,12 anos,13 anos,14 anos,15 anos,16 anos,17 anos,18 anos,19 anos,20 anos,21 anos,22 anos,23 anos,24 anos,25 anos,26 anos,27 anos,28 anos,29 anos,30 anos,31 anos,32 anos,33 anos,34 anos,35 anos,36 anos,37 anos,38 anos,39 anos,40 anos,41 anos,42 anos,43 anos,44 anos,45 anos,46 anos,47 anos,48 anos,49 anos,50 anos,51 anos,52 anos,53 anos,54 anos,55 anos,56 anos,57 anos,58 anos,59 anos,60 anos,61 anos,62 anos,63 anos,64 anos,65 anos,66 anos,67 anos,68 anos,69 anos,70 anos,71 anos,72 anos,73 anos,74 anos,75 anos,76 anos,77 anos,78 anos,79 anos,80 anos,81 anos,82 anos,83 anos,84 anos,85 anos,86 anos,87 anos,88 anos,89 anos,90 anos,91 anos,92 anos,93 anos,94 anos,95 anos,96 anos,97 anos,98 anos,99 anos,100 anos ou mais
15,Pará,8120131,120761,9271,9351,9581,9449,9319,8801,9823,11307,11186,11143,10971,10559,119163,127416,133283,131422,128483,133670,138155,133491,135821,131711,132129,140906,141579,142952,146880,146674,146285,146048,140891,142030,139619,153344,138631,134263,139311,137258,131840,132491,125064,138360,118929,131173,127091,124989,133812,132542,127413,129399,127523,141660,117643,129592,112108,103611,108176,100176,97251,93623,90977,94846,82732,87731,79037,75015,75318,73298,65485,67968,64750,65903,56030,59681,53537,52147,51371,45738,43248,42417,37307,38358,30704,32605,27071,25502,23861,21750,20011,19500,16199,16074,12004,14062,10640,9400,8250,7845,6390,5071,4493,4075,2974,2835,1923,1557,1217,1038,798,615,467,1664
1500107,Abaetetuba (PA),158188,2415,163,180,175,193,191,159,176,219,251,234,237,237,2316,2527,2490,2599,2474,2472,2659,2494,2490,2470,2559,2626,2672,2663,2745,2696,2895,2818,2768,2774,2873,3267,2844,2952,3047,2998,2811,2975,2789,2935,2614,2718,2460,2460,2678,2650,2556,2600,2444,2822,2206,2326,2166,1947,2067,1888,1874,1781,1825,1853,1501,1583,1520,1379,1383,1298,1143,1181,1165,1126,968,1025,956,917,909,807,834,806,666,641,559,592,499,462,483,395,397,372,266,343,204,275,213,192,169,165,134,77,95,76,65,59,38,36,27,35,17,15,16,56
1500131,Abel Figueiredo (PA),6136,115,7,9,9,11,9,8,12,5,11,13,10,11,91,92,91,123,114,107,100,92,93,110,112,116,85,128,115,102,100,98,109,99,98,90,88,85,101,80,91,92,72,81,74,87,83,103,90,87,102,85,109,111,92,100,83,91,75,74,74,66,54,72,71,67,69,77,65,66,47,64,56,74,42,48,40,50,36,29,31,37,24,31,34,29,29,26,27,17,27,24,13,15,14,10,7,7,8,8,8,2,7,4,3,-,2,1,2,2,3,1,-,-
1500206,Acará (PA),59023,958,75,69,58,67,90,60,92,82,103,86,93,83,930,1076,1045,1027,1045,1058,1026,1041,1074,1103,1096,1203,1192,1215,1262,1257,1253,1082,1109,1083,947,1111,999,944,983,933,925,942,879,1053,810,953,862,843,950,937,808,891,798,947,753,860,745,651,690,659,636,569,618,662,542,616,564,479,537,546,409,422,403,447,311,386,345,341,327,302,290,238,224,283,203,234,186,156,168,170,152,165,134,137,97,128,82,71,65,73,56,40,44,35,18,22,15,7,10,16,10,7,3,14
1500305,Afuá (PA),37765,741,48,62,64,49,63,72,76,66,68,67,61,45,831,847,870,803,863,816,860,852,817,857,807,797,844,806,828,808,822,788,708,774,686,828,673,713,699,673,648,616,582,586,532,547,490,506,518,470,498,491,476,538,417,449,407,378,413,320,387,356,321,306,274,309,261,264,235,278,195,222,218,228,176,191,176,144,139,169,163,130,131,109,87,112,93,80,74,71,73,70,57,45,25,50,31,37,29,27,19,24,13,13,17,10,7,6,3,3,1,3,2,8
1500347,Água Azul do Norte (PA),18080,293,15,31,37,24,7,20,12,28,31,35,26,27,305,329,353,344,346,362,369,312,298,290,307,306,356,313,275,316,283,322,275,289,326,351,288,295,307,273,302,292,265,297,288,333,341,302,309,299,302,345,304,361,317,338,231,226,240,215,195,228,188,185,152,137,150,160,126,139,122,142,122,127,114,138,100,114,95,94,80,82,65,79,55,59,60,40,38,41,35,32,20,29,29,27,15,14,12,12,9,8,8,4,1,2,2,2,-,2,-,-,-,-
1500404,Alenquer (PA),69377,1224,82,92,89,99,84,98,108,118,107,122,127,98,1160,1399,1496,1404,1413,1460,1502,1403,1547,1394,1379,1422,1412,1377,1522,1520,1413,1448,1272,1230,1220,1362,1179,1091,1037,1126,1032,1106,1037,1158,1062,1167,1034,1021,1052,982,961,950,899,1056,900,981,802,704,787,780,638,680,609,647,581,614,509,478,475,524,418,439,454,445,369,397,401,359,379,334,318,329,298,330,205,205,175,216,155,156,158,140,154,136,91,105,104,75,66,46,44,45,44,32,24,34,18,10,7,6,9,2,1,6
1500503,Almeirim (PA),34280,661,45,41,51,52,51,57,51,66,62,74,50,61,659,710,722,666,679,668,727,657,702,677,637,737,728,716,711,694,710,642,628,592,578,630,606,584,558,599,515,564,538,570,490,506,486,485,472,476,476,465,512,523,418,486,411,414,387,379,385,353,330,354,275,305,278,304,261,244,249,252,228,274,194,203,190,200,175,157,146,153,111,127,99,103,82,85,74,50,68,64,62,53,40,46,37,40,15,33,15,22,14,20,8,8,5,9,4,4,1,5,2,13
1500602,Altamira (PA),126279,1938,132,160,126,164,158,140,151,202,171,158,194,182,1951,2136,2157,2244,2262,2309,2324,2266,2171,2039,2041,2118,2103,2161,2178,2108,2162,2172,2139,2246,2238,2400,2015,2144,2248,2187,2188,2251,2079,2206,2001,2125,2096,2009,2069,2173,2097,2044,2060,2265,1926,2004,1766,1674,1721,1574,1561,1408,1355,1422,1214,1295,1222,1201,1140,1064,1012,1013,951,934,790,816,749,747,735,637,560,522,472,495,406,415,361,315,305,252,237,255,208,202,160,195,146,108,97,94,91,52,55,60,24,32,33,23,15,11,5,10,4,8
1500701,Anajás (PA),28011,617,35,61,55,44,49,47,46,57,55,54,51,63,652,610,715,700,626,667,625,637,647,668,616,605,630,693,725,647,639,651,646,605,512,607,546,502,520,524,454,433,430,458,361,424,374,348,392,428,351,362,335,375,276,330,292,249,272,261,247,244,199,226,164,213,161,167,158,133,98,134,120,134,96,139,98,100,99,97,60,69,76,86,65,74,55,36,40,46,42,45,36,35,21,25,14,18,15,12,7,11,10,16,7,8,4,2,2,-,4,1,-,5
1500800,Ananindeua (PA),478778,5299,405,409,433,405,399,384,443,496,489,464,517,455,5246,5843,6260,6241,6118,6341,6705,6564,6765,6625,6500,6841,6820,6830,6985,7276,7331,7471,7619,7656,7813,8572,7853,7633,7960,7864,8047,8071,7422,8434,7073,7700,7907,7637,8372,8345,8097,8373,8373,9379,8162,8755,7850,7111,7287,6831,6892,6711,6525,6851,6214,6134,5664,5375,5084,5322,4710,4687,4427,4690,3941,4186,3793,3698,3641,3274,2988,2898,2535,2598,2113,2097,1719,1634,1472,1429,1138,1101,908,864,668,726,560,530,440,395,358,272,284,213,162,150,94,74,54,51,41,30,26,80
1500859,Anapu (PA),31850,584,55,37,59,41,41,48,53,46,45,54,56,49,602,631,637,650,593,660,670,629,674,606,605,675,629,690,674,705,645,588,566,607,545,587,579,547,542,502,527,546,503,533,473,481,479,486,489,510,521,467,485,474,434,436,424,361,375,341,340,301,307,277,270,302,260,225,262,247,199,236,210,205,161,174,163,157,161,139,142,146,116,109,88,91,62,57,53,46,49,40,53,29,27,21,26,32,13,14,12,20,8,8,9,9,-,3,1,1,-,2,-,-
1500909,Augusto Corrêa (PA),44573,647,42,40,46,49,53,45,36,72,75,60,66,63,769,737,767,805,790,859,825,896,907,881,950,1005,951,996,1001,985,925,892,799,887,722,876,688,695,742,728,694,699,679,820,557,659,654,603,706,644,633,678,600,718,513,623,512,464,540,436,428,453,439,448,362,411,367,356,387,363,294,314,306,370,261,286,248,241,257,234,233,248,171,212,135,179,141,127,113,113,115,112,79,89,66,75,46,40,53,42,41,33,25,25,7,20,16,5,3,6,4,5,3,9
1500958,Aurora do Pará (PA),23774,342,23,24,39,29,26,30,21,43,32,23,30,22,382,434,479,416,420,475,408,424,447,475,487,465,520,535,462,509,489,449,391,426,393,470,401,358,428,374,361,343,377,365,337,344,341,365,364,301,362,360,356,384,279,342,287,225,295,270,299,265,257,257,253,230,186,179,227,228,171,165,167,163,139,142,131,132,134,114,132,133,105,115,65,92,72,75,66,63,64,62,37,64,44,39,31,22,17,25,16,14,5,15,7,9,4,8,4,3,3,2,-,5
1501006,Aveiro (PA),18290,394,20,37,38,20,26,34,37,44,41,34,29,34,356,392,400,385,362,426,387,393,376,353,339,338,375,361,368,384,376,337,299,341,257,340,308,273,304,308,268,287,280,271,250,255,229,229,248,256,231,257,225,243,208,235,196,195,197,185,163,169,161,173,150,166,147,141,158,144,162,141,161,146,121,146,109,112,127,108,100,97,86,81,80,76,48,45,59,57,53,33,35,41,32,38,21,13,27,20,11,8,9,6,8,7,3,4,2,2,2,1,2,1
1501105,Bagre (PA),31892,672,72,59,47,49,36,46,59,58,39,66,65,76,745,850,914,853,914,876,942,794,915,688,717,773,770,769,758,856,800,699,767,693,674,663,650,522,595,540,472,532,516,514,461,461,405,392,428,422,351,353,364,353,312,343,235,216,296,245,238,193,230,201,164,210,133,152,156,150,91,153,123,149,109,118,99,86,102,80,81,73,65,72,56,62,42,32,41,40,29,32,25,36,16,10,13,12,11,21,9,11,15,10,9,5,1,3,3,5,7,3,4,21
1501204,Baião (PA),51641,553,31,42,36,46,45,32,59,59,49,62,41,51,657,778,867,835,921,875,901,847,878,800,710,931,804,807,951,916,947,1138,877,1218,889,1342,1025,924,1034,974,779,910,768,1112,692,1014,730,684,993,905,764,823,808,1064,736,906,694,459,638,568,522,537,548,962,454,569,452,338,560,361,294,360,319,517,264,324,276,212,299,223,207,244,232,327,170,224,129,116,133,124,89,102,91,136,73,68,43,50,36,34,23,21,20,45,18,12,5,2,8,3,4,3,1,11
1501253,Bannach (PA),4031,71,2,9,7,8,4,5,5,4,9,7,6,5,51,69,70,77,67,66,77,65,60,78,59,68,63,86,63,69,79,77,72,65,78,70,65,57,60,64,62,62,52,76,56,60,57,53,62,55,62,70,67,74,53,65,59,59,66,51,49,45,46,56,41,38,43,37,38,39,31,28,38,39,28,36,38,23,26,14,29,20,16,25,17,17,12,11,14,5,3,3,4,5,8,9,4,3,8,3,5,1,4,-,1,2,-,-,1,1,-,-,-,-
1501303,Barcarena (PA),126650,2000,161,142,151,171,158,152,162,202,179,174,183,165,1920,1925,2154,2126,2060,2110,2274,2096,2139,2135,2043,2237,2239,2361,2353,2374,2242,2266,2261,2236,2207,2406,2186,2227,2272,2284,2245,2153,2011,2211,2114,2221,2135,2128,2255,2195,2095,2180,2064,2270,1835,2125,1729,1677,1694,1553,1497,1513,1426,1366,1237,1331,1144,1076,1069,1043,930,998,941,850,795,829,753,744,698,601,562,503,446,464,360,384,327,299,278,233,248,208,148,188,153,162,119,105,85,96,77,46,47,42,32,41,12,14,17,17,17,7,10,39
1501402,Belém (PA),1303403,13036,1058,1055,1016,970,1003,985,1004,1215,1190,1246,1178,1116,12975,14245,15138,15231,14860,15733,16536,16215,16659,16014,16139,17427,17479,17450,17862,18081,18721,19181,19719,20478,20946,22245,20501,19925,20766,20333,20300,20061,18596,21097,17351,19293,19826,19521,20513,20488,20063,20946,21407,24522,20847,22718,20405,19322,19900,18777,18946,18238,18363,19575,17291,18016,16416,15898,15715,15813,14818,14766,14296,14692,12703,13578,12676,11868,11812,10348,9793,9678,8786,8836,7365,7723,6685,6091,5730,5184,4814,4579,3918,3765,2929,3229,2638,2428,2180,2004,1722,1340,1198,1083,761,789,583,470,364,276,201,150,128,307
1501451,Belterra (PA),18099,323,38,30,26,23,20,31,19,23,26,31,34,22,290,322,312,302,289,327,353,334,330,322,289,303,335,370,398,351,359,390,335,334,301,326,277,303,248,272,270,238,244,225,246,257,206,208,229,252,255,239,273,284,243,283,244,199,218,217,218,225,211,204,174,143,175,163,154,139,141,147,186,148,128,153,121,134,121,99,130,111,117,125,77,88,60,65,62,65,57,50,41,52,28,47,25,33,26,24,27,17,10,13,10,5,6,6,2,4,3,1,-,3
1501501,Benevides (PA),63567,865,67,74,68,60,70,65,61,73,78,88,89,72,830,892,983,980,1022,1010,1092,1036,1023,1010,962,1026,1042,957,1055,1048,1053,1102,1094,1096,1088,1119,1012,974,1022,1101,1070,1039,967,1139,976,1031,996,1030,1075,1050,1079,1094,1027,1245,1003,1127,904,877,922,851,789,780,791,805,693,815,628,630,582,605,544,547,541,516,458,503,415,389,485,387,335,341,282,254,237,250,210,180,188,164,130,130,127,102,87,101,93,69,62,71,40,31,35,39,16,20,9,10,8,10,8,8,2,19
1501576,Bom Jesus do Tocantins (PA),18005,264,14,16,25,19,21,19,20,28,19,20,33,30,257,278,284,266,251,265,300,279,265,276,258,241,287,257,274,274,290,275,278,288,278,295,299,302,320,372,259,288,413,272,283,301,266,254,362,381,361,334,354,296,394,380,183,196,211,201,216,176,190,163,167,196,136,152,153,194,138,125,269,247,286,217,106,108,99,95,93,83,67,86,62,59,76,49,55,35,40,35,37,23,24,23,18,19,21,21,10,13,6,9,9,9,7,2,2,4,5,2,-,6
1501600,Bonito (PA),12622,193,11,13,10,22,15,15,20,13,18,15,14,27,167,195,204,172,158,195,195,190,204,182,177,232,204,245,208,226,276,220,263,226,221,228,211,177,222,218,186,186,212,201,195,213,190,214,201,205,221,218,235,220,175,202,193,176,143,160,161,134,134,143,133,156,114,123,128,129,102,95,102,92,75,94,81,95,82,66,95,80,54,60,50,49,44,36,36,35,36,40,24,18,18,26,17,16,12,13,10,15,8,3,5,3,3,6,3,-,2,6,2,3
1501709,Bragança (PA),123082,1803,142,153,134,144,140,117,136,179,162,175,161,160,1833,1871,1954,1907,1887,1960,2151,2035,2111,1997,2082,2326,2260,2390,2420,2389,2341,2338,2232,2112,2110,2302,1940,1937,2072,2042,1947,1923,1920,2167,1720,1941,1970,1870,2043,1944,1943,2065,1879,2169,1666,1846,1682,1537,1540,1552,1485,1416,1382,1412,1184,1284,1157,1085,1169,1093,895,952,889,954,811,841,804,806,732,744,647,708,592,589,451,491,453,427,399,346,339,355,254,246,184,229,169,140,127,132,119,76,77,64,52,50,40,24,12,15,12,6,8,28
1501725,Brasil Novo (PA),24718,339,48,27,29,20,26,33,24,27,22,35,23,25,328,369,401,424,390,416,446,452,453,378,405,419,442,417,438,463,484,425,408,413,415,503,399,402,413,401,360,367,340,397,356,481,381,370,393,399,382,392,378,431,352,429,369,306,354,338,267,276,270,279,264,310,237,220,206,238,240,245,209,210,191,195,173,151,153,141,145,136,90,99,107,100,65,77,66,60,50,44,54,49,38,48,28,25,22,23,19,14,13,13,2,10,7,5,7,3,4,1,-,1
1501758,Brejo Grande do Araguaia (PA),6783,121,5,8,16,15,12,8,12,10,8,8,10,9,106,116,111,96,112,124,107,101,115,118,123,128,131,145,137,139,125,122,118,105,88,86,105,113,108,78,106,102,85,81,82,90,98,89,113,102,75,120,102,120,88,107,88,90,94,86,86,88,71,63,56,74,74,80,62,52,63,65,66,60,52,67,45,48,39,55,32,52,43,39,38,38,23,21,25,34,21,22,16,21,12,10,10,7,14,8,3,5,5,5,4,3,4,1,2,-,-,-,-,3
1501782,Breu Branco (PA),45712,757,73,58,53,71,51,43,54,68,70,72,69,75,809,772,813,837,854,848,879,872,827,799,831,854,984,856,982,883,931,815,845,826,785,850,780,774,771,637,711,655,624,700,651,690,673,657,683,680,661,675,725,674,638,696,577,534,559,527,465,429,458,467,432,501,442,430,415,359,337,353,355,312,305,321,287,315,280,268,243,245,232,206,185,185,139,139,131,133,93,117,83,87,75,76,58,43,51,42,25,12,13,27,16,19,9,4,4,7,4,5,2,10
1501808,Breves (PA),106968,2453,262,213,194,205,221,173,197,192,190,227,194,185,2318,2505,2483,2460,2221,2297,2317,2448,2298,2258,2223,2408,2379,2244,2372,2333,2344,2331,2214,2263,2181,2567,2072,1917,1997,1937,1734,1725,1449,1574,1409,1610,1467,1460,1466,1417,1465,1304,1234,1401,1185,1508,1102,1054,1044,949,893,864,835,910,773,860,713,644,639,589,530,572,533,550,524,617,473,450,422,413,426,380,322,365,300,368,224,234,215,206,177,186,165,154,121,147,87,84,74,69,71,53,49,39,33,43,18,14,15,14,24,14,11,65
1501907,Bujaru (PA),24383,387,29,28,33,24,37,15,35,31,34,29,44,48,398,422,454,455,429,449,417,421,474,446,480,460,489,474,511,525,493,499,523,392,446,457,393,376,407,430,396,373,362,400,330,352,341,302,351,341,368,346,325,389,323,315,318,283,287,304,245,260,274,247,251,251,239,203,225,242,178,171,145,185,139,152,133,129,127,126,129,120,107,102,95,94,80,61,97,65,60,67,63,58,46,51,32,39,28,36,20,17,15,17,7,8,7,4,4,6,2,2,4,5
1501956,Cachoeira do Piriá (PA),19630,376,27,36,32,31,27,25,32,31,35,31,36,33,355,350,358,365,322,372,353,381,379,377,398,401,405,425,460,431,439,457,416,372,354,381,336,314,315,332,277,297,292,323,260,292,308,275,321,314,291,314,298,326,264,296,224,202,199,192,180,199,192,175,181,170,182,183,164,150,130,167,132,123,135,136,113,100,90,87,90,65,65,75,59,55,61,40,51,42,36,36,18,21,22,19,20,18,11,7,6,4,3,6,2,8,2,3,2,-,3,1,1,-
1502004,Cachoeira do Arari (PA),23981,343,27,26,28,32,23,18,29,29,39,32,31,29,362,400,409,448,413,481,455,406,438,399,449,465,465,448,473,433,428,425,397,417,394,462,444,435,379,432,434,409,444,431,434,455,335,363,380,385,373,328,347,358,321,364,277,268,288,263,278,236,215,266,227,224,195,202,188,184,184,181,173,186,172,173,154,124,145,122,136,102,96,100,70,99,57,63,75,56,68,56,57,55,39,45,28,25,26,16,14,16,25,10,11,9,11,6,4,-,2,-,4,14
1502103,Cametá (PA),134184,2309,165,155,186,177,156,168,198,230,206,232,217,219,2145,2255,2346,2260,2226,2241,2272,2369,2393,2320,2386,2608,2652,2776,2860,2793,2659,2662,2550,2635,2631,2851,2539,2488,2640,2509,2184,2250,2126,2487,2043,2141,2078,2045,2175,2171,1934,2068,1836,2081,1715,1822,1597,1514,1561,1474,1431,1346,1312,1289,1170,1209,1060,1064,1009,1030,817,778,793,882,736,684,738,672,782,664,669,642,551,582,485,482,455,369,459,337,354,363,254,263,210,232,193,176,169,166,107,79,80,60,56,41,20,34,20,26,27,21,9,50
1502152,Canaã dos Carajás (PA),77079,1390,95,102,114,112,115,119,100,130,121,122,135,125,1336,1479,1448,1451,1416,1516,1444,1401,1379,1336,1309,1390,1334,1308,1313,1320,1328,1290,1273,1394,1376,1578,1393,1424,1493,1605,1509,1561,1424,1673,1442,1621,1584,1569,1645,1616,1501,1558,1499,1495,1242,1313,1083,982,951,867,820,774,675,693,585,606,506,517,470,467,416,413,362,381,316,277,251,263,238,191,182,186,181,165,118,132,99,117,108,101,91,85,70,65,53,49,26,38,29,19,17,13,10,16,8,3,7,1,2,-,4,-,1,3
1502202,Capanema (PA),70394,880,62,76,74,65,62,65,67,88,94,77,75,75,926,888,923,992,957,1010,1049,1029,1074,1056,1037,1105,1115,1122,1108,1123,1191,1213,1194,1165,1141,1254,1164,1130,1206,1199,1139,1117,1134,1187,1060,1113,1121,1157,1170,1244,1143,1158,1189,1284,1092,1108,1007,1001,985,954,919,881,907,844,813,814,717,714,721,673,691,666,624,614,558,546,464,495,503,453,480,424,384,373,338,320,240,262,246,239,191,196,188,161,121,163,126,95,102,100,83,66,45,48,32,39,25,21,21,5,7,4,3,15
1502301,Capitão Poço (PA),56506,756,59,75,63,62,47,48,59,72,73,62,72,64,835,920,902,888,808,863,828,934,933,928,908,1023,979,1013,1027,982,1067,1051,1077,1020,917,1070,962,928,1015,980,995,956,962,1036,836,933,926,954,923,908,924,907,831,971,785,852,743,707,722,685,650,689,623,649,584,619,586,511,625,495,455,488,443,440,347,408,341,354,321,285,265,273,235,284,214,245,179,192,173,159,137,127,121,134,83,87,84,76,70,62,28,44,20,26,19,21,22,9,11,5,6,3,1,8
1502400,Castanhal (PA),192256,2573,189,205,231,197,177,183,220,240,248,218,217,248,2446,2680,2826,2775,2677,2788,2891,2787,2869,2802,2898,3016,3075,3060,3234,3111,3191,3276,3257,3397,3301,3736,3265,3226,3278,3253,3204,3325,3042,3430,2880,3370,3311,3126,3205,3267,3251,3341,3370,3650,2992,3146,3008,2601,2738,2568,2533,2405,2263,2413,2139,2298,2060,1945,1994,1828,1597,1645,1607,1518,1412,1505,1290,1264,1227,1085,1099,1025,909,918,738,786,676,562,533,545,456,490,339,363,286,335,271,228,189,190,153,105,86,80,86,64,40,35,29,38,17,9,6,29
1502509,Chaves (PA),20757,450,27,32,40,34,33,39,36,47,49,39,38,36,457,473,447,489,421,459,478,465,467,420,472,474,458,494,471,486,452,430,400,424,358,395,382,346,330,361,341,336,268,344,285,320,254,285,288,308,261,270,254,277,221,264,223,214,236,184,199,177,183,187,152,162,130,147,140,130,131,126,102,115,118,96,102,77,89,81,93,76,73,78,57,55,55,53,42,42,38,31,28,33,18,27,15,21,12,6,16,9,3,17,2,5,2,2,-,-,3,2,2,5
1502608,Colares (PA),12868,174,12,13,9,17,15,13,12,21,6,17,18,21,148,178,196,236,221,240,196,216,199,199,195,231,255,254,272,253,222,207,220,199,187,177,205,179,182,197,177,194,186,202,193,207,185,197,194,185,200,177,199,194,180,189,157,169,154,134,148,152,141,166,146,127,141,153,104,136,117,135,124,102,97,116,96,100,96,104,70,84,73,69,66,78,71,61,60,56,36,35,41,38,22,33,27,13,18,24,13,16,8,8,7,7,4,3,4,2,1,3,2,3
1502707,Conceição do Araguaia (PA),44617,645,52,55,56,48,55,47,49,47,49,67,63,57,642,619,640,680,649,661,684,679,686,654,667,783,743,729,764,737,789,729,659,737,695,750,674,718,704,674,687,652,623,663,566,536,577,569,637,595,613,642,625,736,607,691,573,596,666,600,623,555,571,531,562,568,536,469,498,483,462,477,467,456,356,415,366,373,400,335,354,308,292,296,233,267,185,224,177,178,194,163,116,113,97,119,89,81,64,56,34,53,36,42,15,17,17,15,6,6,6,3,2,11
1502756,Concórdia do Pará (PA),26881,491,36,35,42,42,40,32,45,55,39,42,45,38,421,442,468,484,481,522,476,492,536,501,487,508,516,538,556,589,556,562,524,496,471,485,468,434,468,421,429,425,401,505,390,437,413,401,448,463,395,412,415,405,380,357,313,331,296,323,297,258,285,294,229,276,227,195,241,210,154,174,188,161,130,148,143,142,131,136,130,109,94,114,80,110,93,81,79,66,66,63,56,58,35,47,34,34,26,27,25,14,14,12,8,12,12,4,5,6,4,-,2,10
1502764,Cumaru do Norte (PA),14036,255,18,10,20,23,18,13,19,22,28,31,34,19,289,302,309,289,288,263,251,287,248,309,246,229,263,272,266,216,238,248,236,292,240,278,263,245,301,237,281,209,220,246,225,242,201,197,222,217,217,218,214,240,183,215,181,153,177,168,168,131,138,159,142,150,115,118,123,139,112,105,101,103,71,77,58,70,66,61,41,44,55,47,31,36,23,15,17,20,18,7,10,9,7,16,6,4,9,6,8,3,3,2,2,-,-,3,1,-,-,-,-,-
1502772,Curionópolis (PA),19950,366,34,24,30,32,17,27,37,31,36,29,40,29,349,363,345,343,321,337,398,400,342,364,355,361,372,350,388,356,370,372,334,345,299,380,332,325,355,307,316,304,312,323,318,296,286,324,311,274,298,316,279,313,227,287,226,231,232,243,211,190,205,187,132,161,193,162,152,164,163,199,167,182,148,158,162,160,156,121,135,110,108,91,94,91,67,78,66,52,51,45,56,39,31,52,27,25,27,17,15,9,11,9,5,4,3,2,4,2,2,-,-,4
1502806,Curralinho (PA),33903,629,34,42,57,42,51,54,54,55,67,60,53,60,675,759,748,775,724,726,741,680,722,709,683,804,761,798,833,796,757,809,687,764,663,762,674,671,609,616,586,560,538,614,454,522,483,499,486,484,447,448,434,463,367,450,354,323,339,315,260,290,287,299,223,251,201,206,184,194,165,147,155,153,131,144,126,131,127,112,114,116,85,96,80,92,62,71,77,60,65,55,58,45,22,39,27,33,19,32,19,15,8,10,6,7,3,4,2,8,5,3,5,33
1502855,Curuá (PA),14117,238,23,17,12,29,17,13,14,28,14,27,26,18,251,289,271,263,221,295,268,274,246,273,264,272,298,310,339,330,318,269,301,282,245,250,215,225,218,243,222,208,216,220,221,201,201,206,233,233,187,207,199,226,209,218,168,160,168,139,132,131,114,124,125,121,107,95,123,113,104,103,115,94,78,77,89,75,88,76,64,59,59,57,34,32,43,43,33,33,35,33,28,28,19,23,17,17,9,9,7,11,7,4,4,3,2,1,2,2,-,-,3,2
1502905,Curuçá (PA),41262,479,50,47,35,32,36,31,43,48,38,38,37,44,454,527,626,563,626,576,600,619,713,567,578,801,684,728,915,732,726,919,683,760,605,742,613,568,766,606,559,627,552,672,578,665,558,611,734,669,616,707,574,726,570,679,531,508,622,517,428,534,493,571,441,494,395,425,413,390,352,360,315,346,305,392,303,317,368,284,237,256,234,229,159,206,168,165,171,154,133,141,128,174,77,109,77,63,104,44,50,35,27,31,33,19,6,11,10,9,6,7,5,7
1502939,Dom Eliseu (PA),58484,890,113,56,82,73,60,81,91,59,38,69,84,84,715,959,951,1040,1038,1024,1192,982,1232,955,952,1273,1081,1106,1109,1241,1102,1194,1034,1050,1084,1754,1119,838,933,891,802,795,763,887,917,1251,1020,847,1058,1056,1057,1043,930,1301,997,1095,732,694,769,716,557,524,513,677,466,547,439,405,423,421,361,410,371,424,343,362,302,281,261,302,269,236,235,278,173,195,147,123,110,103,121,87,73,89,45,63,35,39,35,28,30,19,21,22,10,13,6,4,8,4,1,1,1,2
1502954,Eldorado do Carajás (PA),28192,515,40,44,56,40,47,31,36,42,46,50,46,37,464,489,510,488,464,496,536,499,550,506,532,533,578,556,614,553,613,541,502,498,435,491,432,433,459,425,406,371,359,403,385,416,410,384,437,452,415,431,411,418,388,419,350,344,326,308,312,319,255,301,270,307,289,277,268,277,244,247,240,249,191,224,182,193,184,165,147,136,122,134,95,126,100,110,95,66,59,63,64,52,39,47,27,31,23,20,18,22,15,3,9,8,8,1,-,5,2,-,-,6
1503002,Faro (PA),8728,170,17,17,15,13,16,15,7,12,18,17,14,9,142,165,172,171,166,140,159,153,146,152,161,169,158,193,196,208,206,211,163,184,169,153,146,142,142,150,142,149,143,117,126,119,132,109,134,135,117,109,127,125,100,116,105,103,98,95,106,79,85,99,72,91,73,56,69,54,64,67,61,60,50,60,47,45,46,52,45,37,54,39,26,30,21,25,23,18,18,12,20,17,13,19,15,9,7,9,9,7,4,6,4,4,3,1,3,2,1,1,-,2
1503044,Floresta do Araguaia (PA),17898,264,11,21,21,32,27,18,15,29,27,20,25,18,260,304,305,333,268,300,315,269,316,296,280,324,338,289,312,337,325,327,303,313,260,331,289,272,309,317,312,263,274,312,264,270,273,271,275,287,254,284,250,290,251,294,277,253,223,237,229,221,197,209,181,207,175,183,178,185,151,171,146,130,126,126,108,121,106,115,95,99,75,90,81,74,60,64,50,43,37,31,33,47,23,28,23,19,13,14,14,11,5,14,4,4,3,2,3,2,1,1,-,-
1503077,Garrafão do Norte (PA),24703,381,29,27,32,28,34,33,32,31,37,34,27,37,381,432,408,371,409,403,425,429,428,397,473,448,448,505,502,530,547,537,485,453,399,434,454,402,421,437,369,401,390,447,352,398,390,403,351,356,375,386,370,435,308,353,301,287,305,293,302,261,269,258,257,274,223,217,250,203,204,178,157,174,150,157,123,131,161,114,114,121,98,110,73,95,78,85,58,69,62,57,53,52,52,44,35,20,24,19,29,19,17,11,11,6,4,6,-,2,1,1,1,4
1503093,Goianésia do Pará (PA),26362,414,38,30,42,44,24,23,35,28,37,30,46,37,433,445,458,468,400,450,456,478,500,434,489,485,472,503,537,527,499,471,449,447,390,475,400,411,361,420,359,326,350,419,364,413,400,401,450,383,410,443,440,476,398,459,396,361,377,360,322,284,319,327,245,272,275,263,273,235,215,212,200,187,174,190,168,165,151,168,155,141,127,115,88,93,74,87,61,54,69,63,47,40,25,42,33,20,22,26,20,10,7,5,9,10,3,5,4,-,-,1,-,4
1503101,Gurupá (PA),31786,623,41,50,48,35,51,48,57,61,62,61,48,61,653,675,734,678,681,669,659,662,642,636,661,681,690,721,804,710,719,749,677,701,645,689,606,641,605,587,557,530,468,479,416,473,470,444,425,455,408,422,399,414,332,402,342,296,332,287,271,290,290,273,219,200,227,208,188,189,183,163,161,185,131,169,141,126,130,130,109,98,74,86,73,94,69,65,72,78,54,62,57,58,45,40,31,31,21,36,24,14,16,6,12,7,10,3,2,1,6,2,1,6
1503200,Igarapé-Açu (PA),35797,489,35,44,41,48,28,27,46,52,44,42,45,37,450,480,512,535,487,545,549,602,553,543,555,556,610,591,647,592,577,638,594,605,599,647,518,581,643,566,575,596,554,619,548,535,531,551,525,570,583,553,557,640,506,527,508,430,465,418,445,453,443,440,401,415,407,345,357,362,308,345,294,337,265,331,266,291,242,244,226,249,177,201,172,170,169,151,136,115,118,105,83,103,83,77,77,53,40,47,30,23,32,22,17,19,13,7,11,3,3,3,-,16
1503309,Igarapé-Miri (PA),64831,947,77,81,68,75,73,72,75,88,88,92,90,68,929,1008,1066,1095,1047,1153,1201,1232,1145,1080,1235,1298,1276,1366,1348,1324,1297,1270,1116,1145,1055,1263,1096,1033,1135,1130,1093,1213,1092,1169,982,1161,1085,945,1117,1076,961,982,892,1092,857,982,833,820,833,815,727,711,588,715,497,668,536,535,539,522,440,481,367,434,355,432,343,375,369,298,307,306,242,300,195,235,202,213,166,122,161,153,132,106,72,113,73,80,71,55,58,33,26,28,28,27,16,13,13,9,6,10,4,34
1503408,Inhangapi (PA),10325,159,14,13,12,15,12,9,12,12,9,9,23,19,180,148,179,180,156,175,168,172,186,170,190,181,202,162,201,159,188,191,176,168,189,177,163,173,167,159,169,167,169,151,158,184,177,171,155,164,159,166,145,160,122,138,137,123,144,122,136,102,103,113,83,106,101,96,102,93,70,96,80,85,78,64,97,69,67,71,75,59,44,50,36,40,38,34,41,36,29,34,23,23,21,14,16,12,10,14,8,11,4,9,10,5,1,1,7,2,3,-,-,3
1503457,Ipixuna do Pará (PA),30329,560,38,45,52,53,40,31,59,54,46,47,42,53,546,566,642,619,589,580,642,580,630,561,612,624,581,681,654,620,670,626,525,584,514,486,518,478,474,499,447,444,433,527,409,479,430,454,448,418,467,448,441,499,368,428,353,307,324,355,315,320,297,309,268,301,246,238,264,218,195,216,207,191,180,212,155,181,180,163,149,153,121,128,87,103,92,77,77,72,58,71,45,41,35,38,24,26,20,23,19,10,16,6,11,13,9,4,1,-,3,-,-,1
1503507,Irituia (PA),30955,456,26,31,33,48,39,34,30,45,30,56,48,36,449,456,503,464,473,439,485,501,536,548,527,593,591,624,630,615,594,518,566,539,514,504,426,457,496,489,428,474,432,462,448,441,495,464,451,471,472,443,422,529,404,426,408,415,413,383,383,363,384,330,328,336,308,288,342,318,236,272,242,226,199,220,216,217,195,196,183,227,174,181,135,146,136,146,125,116,113,131,87,80,60,69,66,45,30,34,34,29,22,27,18,13,10,14,9,6,4,1,2,9
1503606,Itaituba (PA),123314,2203,162,170,157,186,180,176,181,216,200,182,202,191,2114,2116,2213,2223,2186,2168,2242,2120,2176,1975,1924,2063,2016,2082,2158,2109,2194,2210,2114,2161,2324,2462,2466,2434,2534,2364,2216,2270,2119,2211,1987,2116,1932,1909,2038,2057,1930,1883,1957,2065,1574,1917,1592,1352,1538,1388,1278,1248,1220,1299,1145,1197,1115,1055,1060,1003,929,1059,968,982,732,874,743,768,762,613,513,603,466,519,393,396,340,311,284,291,215,234,157,162,125,155,112,98,114,86,44,44,43,44,27,20,14,13,10,4,5,8,1,11
1503705,Itupiranga (PA),49754,824,68,68,67,68,68,72,62,63,84,68,70,66,705,784,846,845,789,873,925,873,896,894,897,1024,966,1023,1024,1011,999,972,896,849,837,982,905,805,848,788,709,722,645,774,664,765,695,764,864,819,794,807,839,804,717,901,646,592,692,584,568,534,526,561,449,534,434,428,396,399,324,399,365,360,277,355,320,283,342,230,238,224,226,239,196,190,142,186,140,144,115,111,75,82,51,79,55,53,36,42,22,30,25,23,18,9,9,9,8,6,3,4,-,3
1503754,Jacareacanga (PA),24042,663,49,54,56,57,39,45,65,76,55,50,57,60,673,665,608,711,650,648,650,595,556,573,538,509,512,490,579,517,553,508,529,502,497,447,452,420,417,407,373,332,366,339,305,334,297,263,309,316,257,278,315,296,243,263,220,205,225,210,207,192,188,209,166,172,137,144,162,136,125,128,135,131,80,91,76,92,88,93,65,57,64,52,44,58,39,39,35,27,21,27,22,24,14,15,10,2,13,10,6,5,5,5,1,6,-,3,1,-,1,2,-,2
1503804,Jacundá (PA),37707,555,34,33,53,49,54,37,44,45,58,45,60,43,548,566,614,610,576,662,639,637,634,669,643,658,734,743,698,752,762,667,649,563,561,626,532,546,528,544,509,578,503,586,534,518,540,534,616,608,611,590,583,699,569,629,586,506,533,491,472,466,413,430,395,400,401,350,340,370,304,356,294,300,260,293,282,285,264,229,217,226,173,181,162,166,146,122,114,115,108,109,106,83,66,72,70,55,39,48,29,38,17,20,15,14,12,11,9,8,2,3,1,7
1503903,Juruti (PA),50881,1005,97,76,75,89,76,70,81,93,72,104,92,80,1000,1021,1094,1030,1002,1093,1102,1054,1047,1020,1088,1188,1124,1104,1140,1091,1176,1087,1020,914,930,960,839,879,860,823,815,778,758,821,686,726,726,731,804,775,772,721,739,750,646,689,594,545,567,539,481,481,429,437,369,401,379,328,336,335,285,325,275,289,249,246,259,254,191,227,206,215,200,175,149,161,124,120,109,103,112,112,98,63,56,64,50,30,33,57,32,29,26,26,18,17,10,11,1,4,6,2,7,6
1504000,Limoeiro do Ajuru (PA),29569,523,34,40,65,46,33,40,37,46,49,40,46,47,554,581,614,544,514,570,559,483,545,522,497,582,580,623,616,624,621,613,588,679,648,672,637,594,541,563,497,510,456,562,498,544,506,452,465,455,383,398,391,454,367,464,341,326,322,313,264,287,251,299,219,302,242,184,195,196,172,176,192,162,122,136,144,117,141,122,126,99,97,80,61,80,72,64,48,55,59,50,36,55,24,42,25,31,22,25,17,11,10,9,5,11,3,10,5,4,3,3,2,11
1504059,Mãe do Rio (PA),34353,396,34,33,30,25,21,30,40,37,41,24,44,37,454,518,616,592,544,566,615,537,640,523,543,613,597,602,653,636,706,614,662,627,600,708,679,522,609,632,559,527,571,582,570,591,533,510,552,556,509,531,488,543,502,535,504,420,441,455,454,394,361,392,327,385,314,304,312,305,263,239,202,224,230,204,186,200,213,176,195,184,160,172,133,141,117,112,103,117,96,77,85,69,51,75,46,31,34,25,29,23,18,16,14,15,11,16,9,3,2,2,1,3
1504109,Magalhães Barata (PA),8115,120,8,10,11,10,9,10,7,8,13,10,14,10,105,111,112,101,96,125,138,131,154,147,139,148,167,164,136,148,145,147,124,128,107,124,98,103,104,131,118,108,104,111,113,93,122,125,111,117,124,120,128,145,116,99,110,118,101,101,91,102,114,91,80,106,72,85,72,85,64,82,85,71,81,79,73,70,76,68,47,71,52,51,47,48,50,36,36,32,23,32,27,24,16,30,27,8,9,16,6,10,11,3,6,3,1,1,-,-,1,2,1,4
1504208,Marabá (PA),266533,4084,363,306,313,305,322,307,298,383,373,383,399,332,3918,4378,4575,4458,4351,4543,4693,4563,4529,4489,4309,4613,4898,4691,4916,4907,4924,4943,4789,4652,4750,5237,4783,4625,4728,4671,4443,4439,4348,4788,4310,4611,4355,4413,4912,4708,4444,4627,4574,4862,4078,4301,3539,3344,3642,3179,3040,2914,2811,2905,2454,2672,2411,2171,2222,2230,1937,2139,1983,2061,1637,1851,1494,1554,1380,1255,1205,1104,969,1004,844,857,671,642,593,543,467,452,396,409,288,384,230,244,173,200,142,112,108,105,76,68,51,26,23,21,18,13,11,29
1504307,Maracanã (PA),25971,355,27,30,30,22,24,26,24,28,29,32,48,35,373,352,359,364,347,362,406,394,408,425,434,461,479,472,527,500,514,452,458,429,377,478,379,376,385,393,418,431,354,377,333,366,378,385,387,404,348,388,378,409,359,374,339,333,325,337,327,302,291,314,236,318,241,246,280,266,229,249,237,213,201,214,204,223,198,191,155,191,155,171,127,146,125,129,114,91,96,113,92,71,69,86,56,37,44,38,36,26,25,22,13,13,10,8,5,10,5,8,3,19
1504406,Marapanim (PA),26573,317,28,25,18,25,22,22,28,23,29,31,33,33,267,383,392,377,371,441,428,412,406,381,432,423,422,453,427,435,422,388,417,366,385,428,374,373,410,348,379,415,378,428,379,428,419,397,417,393,397,378,389,497,366,437,379,368,375,359,359,334,337,343,293,317,309,275,302,280,202,250,233,302,208,255,218,196,246,203,205,211,175,192,143,142,122,123,130,105,108,115,103,81,66,86,58,48,41,41,34,29,17,16,9,9,7,4,5,4,2,4,2,18
1504422,Marituba (PA),111785,1511,118,114,135,99,116,110,115,144,143,136,150,131,1418,1518,1727,1521,1694,1707,1792,1755,1770,1706,1604,1800,1793,1745,1943,1870,1892,1922,1892,1932,1961,2093,1992,1881,1948,1999,1931,1952,1881,2002,1816,1974,1831,1857,1994,2040,1903,1868,1904,2140,1767,1913,1821,1540,1669,1519,1565,1405,1379,1447,1238,1360,1255,1150,1116,1007,941,886,907,841,728,736,703,715,660,525,543,560,444,458,350,404,284,303,253,232,206,162,157,165,128,147,117,109,67,77,76,40,36,41,32,28,19,18,13,5,9,8,3,19
1504455,Medicilândia (PA),27094,500,34,39,46,38,43,43,40,37,47,48,41,44,443,488,484,450,443,472,448,469,482,499,478,470,499,522,515,521,498,504,386,510,452,491,434,409,398,451,419,399,395,446,423,400,409,412,418,438,410,377,431,482,370,446,368,382,359,357,346,280,287,311,248,279,271,261,259,252,218,249,247,228,173,183,169,176,169,146,159,124,118,126,97,95,81,74,65,78,58,59,57,38,30,45,34,23,23,16,21,9,11,9,9,8,5,5,1,2,1,2,1,1
1504505,Melgaço (PA),27881,627,20,54,44,55,72,43,58,47,63,62,49,60,711,724,829,764,658,684,769,701,707,751,702,658,757,703,718,717,722,743,616,642,523,628,561,496,500,465,460,400,373,466,322,373,301,327,368,324,309,349,286,353,228,282,248,214,247,196,199,190,200,165,144,180,170,127,137,109,107,108,91,118,80,96,97,67,78,73,76,80,58,80,45,59,50,37,44,42,28,29,19,24,16,19,12,14,13,10,10,12,7,9,4,7,5,1,3,2,1,4,5,18
1504604,Mocajuba (PA),27198,456,27,28,49,39,39,37,46,34,38,58,32,29,425,436,425,413,456,447,465,482,501,426,500,471,515,542,584,604,571,624,538,571,538,588,531,478,569,502,473,434,424,463,400,416,393,409,438,398,379,376,367,413,339,394,321,304,315,299,289,281,249,269,229,280,240,237,238,230,156,184,156,165,175,135,135,142,167,136,137,121,98,107,91,104,92,96,69,74,81,77,50,61,52,52,47,48,42,29,36,19,15,23,14,9,5,10,7,6,8,2,3,7
1504703,Moju (PA),84094,1412,105,97,109,112,99,84,139,135,140,133,135,124,1382,1541,1591,1569,1532,1590,1603,1586,1565,1490,1473,1613,1618,1736,1766,1708,1660,1698,1661,1542,1512,1615,1548,1456,1616,1514,1443,1420,1371,1595,1247,1482,1343,1260,1531,1258,1217,1245,1176,1416,1007,1228,1067,972,1109,953,913,862,836,845,762,839,729,648,690,589,504,595,574,553,438,439,406,408,400,339,340,333,261,303,213,248,209,204,184,184,177,169,116,130,75,111,84,80,64,58,34,37,35,30,15,25,16,7,10,6,6,8,3,13
1504752,Mojuí dos Campos (PA),23501,393,40,37,31,33,24,31,41,27,31,38,29,31,374,380,408,377,359,393,399,384,406,394,417,362,400,447,440,459,425,430,398,389,373,369,385,380,365,371,361,348,318,375,342,322,343,334,355,344,341,348,352,383,313,343,319,284,311,286,285,270,277,262,254,253,245,239,268,240,236,216,214,205,179,196,192,156,152,143,130,151,127,115,86,118,107,90,74,65,69,57,55,61,41,46,44,31,26,24,19,15,15,9,10,11,5,2,4,6,1,1,3,2
1504802,Monte Alegre (PA),60012,985,78,72,73,84,63,85,74,99,106,96,84,71,934,965,993,947,1023,1039,1063,1005,1041,938,1006,1074,1052,1083,1219,1216,1166,1029,1131,1075,1044,1022,972,893,947,1035,977,960,861,896,770,847,875,794,862,861,859,886,852,901,833,903,831,777,839,735,716,723,667,681,624,629,563,547,545,547,512,467,496,478,409,455,444,444,381,396,383,366,317,338,253,279,239,219,176,170,148,181,151,150,126,141,104,92,63,73,45,49,36,41,37,27,17,12,12,8,6,3,3,7
1504901,Muaná (PA),45368,731,57,67,58,46,42,45,46,66,78,79,69,78,769,841,836,823,811,955,889,818,834,786,857,889,893,908,880,940,930,922,883,777,888,1114,872,803,761,797,747,756,706,733,773,855,685,636,691,793,659,680,666,733,706,683,545,495,501,450,498,378,483,475,373,419,370,305,273,328,292,274,263,291,252,296,231,200,255,229,177,185,172,152,175,138,123,103,81,97,99,64,73,73,57,55,47,40,43,52,34,22,20,17,16,12,14,3,7,10,3,2,3,14
1504950,Nova Esperança do Piriá (PA),20478,422,44,30,34,26,34,31,29,37,39,39,31,48,349,368,406,400,391,372,395,409,375,404,461,387,442,422,465,445,438,414,385,368,339,376,361,318,357,346,349,352,322,335,318,288,330,337,300,326,315,299,304,331,265,309,296,228,226,232,226,229,188,207,199,196,171,183,153,131,120,131,117,112,112,94,96,107,89,80,67,87,70,73,55,60,55,51,47,45,31,33,29,20,27,29,13,18,7,8,6,5,4,6,3,2,4,3,-,-,1,-,-,1
1504976,Nova Ipixuna (PA),13955,223,10,17,19,25,21,21,22,11,31,17,18,11,188,247,243,229,232,246,237,238,220,207,222,225,265,241,283,269,258,235,228,227,188,250,208,205,211,198,212,167,180,201,179,177,204,205,237,225,193,214,224,229,199,228,189,182,222,189,162,158,164,176,151,173,119,132,131,130,148,129,132,121,114,135,112,110,106,78,82,73,80,79,71,72,52,62,51,46,55,46,35,25,16,32,15,12,17,9,12,12,8,5,5,4,4,1,2,3,-,2,2,5
1505007,Nova Timboteua (PA),12806,155,8,13,13,13,9,12,18,17,12,10,13,17,150,135,141,150,161,199,172,169,144,178,171,206,201,219,187,195,239,204,201,191,193,181,161,169,180,160,176,171,179,199,185,200,200,197,176,195,235,211,213,208,208,186,183,203,196,172,175,189,178,165,153,166,156,144,143,144,120,152,135,136,111,124,108,123,113,109,118,87,83,107,66,81,68,58,68,58,61,52,38,45,38,43,23,24,31,17,18,14,13,8,8,3,6,4,4,3,4,2,2,2
1505031,Novo Progresso (PA),33638,588,54,50,41,49,43,45,59,50,48,38,45,66,662,634,545,648,600,593,627,614,587,550,551,544,572,557,527,585,592,637,526,585,523,636,574,602,604,619,604,616,553,624,537,533,553,589,565,549,599,580,553,625,459,558,436,375,444,409,407,374,332,387,309,349,349,325,294,326,282,304,259,274,212,241,206,194,191,167,146,125,106,122,74,82,74,73,58,55,44,40,33,33,21,33,12,13,14,13,7,3,5,9,3,2,4,3,3,1,-,-,-,2
1505064,Novo Repartimento (PA),60732,1156,80,75,82,87,94,93,102,119,101,111,108,104,1008,1056,1144,1067,1059,1101,1154,1106,1086,1170,1126,1159,1226,1277,1289,1210,1241,1210,1083,1138,1090,1064,991,1004,1014,1010,985,972,918,993,908,905,902,889,937,945,939,888,913,1001,850,898,730,765,783,677,631,620,593,613,533,569,513,490,591,481,449,464,452,453,378,415,353,344,310,313,263,265,256,271,186,224,172,190,160,143,142,116,105,109,72,83,47,60,44,49,28,22,24,26,20,19,3,9,4,4,7,2,1,4
1505106,Óbidos (PA),52229,936,70,58,85,73,74,87,70,84,89,84,89,73,943,970,989,903,916,909,976,986,948,971,983,1051,1063,1079,1099,1076,1077,1070,956,920,816,896,838,803,752,760,781,758,779,777,660,723,687,720,688,731,731,754,741,803,715,781,677,681,637,622,623,577,563,557,458,527,429,487,444,448,396,381,397,370,338,374,326,273,302,308,266,264,288,228,227,195,172,190,159,159,159,182,153,135,118,117,86,71,74,60,50,36,30,27,9,18,12,7,4,5,2,5,3,8
1505205,Oeiras do Pará (PA),33844,677,65,34,43,65,42,56,61,69,60,69,52,61,684,680,714,651,653,700,699,679,742,753,655,827,768,813,765,763,734,725,713,673,677,716,651,621,573,606,560,532,511,533,520,542,487,451,471,482,438,456,432,462,405,442,387,360,348,342,333,314,300,292,251,269,236,251,225,220,176,209,165,169,165,174,125,129,105,141,132,116,116,97,81,96,81,80,91,61,79,65,45,56,37,57,30,31,21,13,19,17,10,7,9,10,6,1,6,7,4,4,3,34
1505304,Oriximiná (PA),68294,1345,94,115,98,129,111,89,98,121,134,120,116,120,1298,1453,1390,1350,1251,1278,1353,1313,1201,1265,1318,1379,1372,1531,1469,1489,1505,1394,1298,1265,1233,1326,1121,1078,1077,1066,999,1027,968,986,832,939,903,940,1014,1000,1008,976,977,1056,930,956,884,838,840,765,727,724,665,646,605,614,580,514,492,486,534,502,452,433,416,388,394,356,347,345,323,301,281,253,228,251,212,189,175,180,193,173,147,118,106,137,84,73,62,61,46,30,36,34,37,17,20,16,10,7,3,5,3,7
1505403,Ourém (PA),17855,240,15,17,13,16,18,12,15,36,20,30,21,27,235,254,285,268,260,284,285,308,283,273,318,314,333,326,344,299,354,336,306,286,314,285,291,275,310,229,266,276,291,335,246,245,303,267,270,307,283,281,268,331,216,254,256,243,212,236,217,225,205,192,208,174,194,210,191,162,134,147,141,148,153,125,105,130,120,96,108,110,96,71,71,80,68,79,73,45,46,63,49,51,40,47,33,28,24,29,15,13,13,7,11,5,5,4,2,4,1,1,1,4
1505437,Ourilândia do Norte (PA),32467,546,35,39,46,44,49,40,42,47,65,47,42,50,571,596,629,609,587,613,610,621,640,569,617,639,622,553,629,618,584,563,514,507,548,522,522,504,535,550,541,558,499,554,495,547,543,535,585,630,516,547,492,530,447,526,462,357,423,388,355,378,312,373,317,361,285,273,292,239,231,253,248,248,206,174,178,183,133,157,142,146,105,119,101,106,99,77,60,54,55,54,42,41,34,57,38,40,16,18,14,15,10,9,9,4,2,4,2,1,1,-,1,2
1505486,Pacajá (PA),41097,792,57,67,60,70,60,52,65,73,81,74,59,74,712,713,826,806,738,765,797,784,775,757,785,764,822,781,809,823,782,733,675,733,691,735,688,732,699,710,636,666,625,650,601,652,603,632,659,692,638,613,665,652,572,637,556,497,512,454,440,437,392,405,378,412,381,354,351,322,303,307,273,263,253,278,243,240,229,204,144,178,153,159,155,135,87,119,92,106,88,65,54,70,46,60,35,59,36,25,19,27,15,17,11,7,7,7,3,3,2,1,2,6
1505494,Palestina do Pará (PA),6885,113,13,4,8,8,10,7,10,9,15,13,8,8,105,113,115,118,99,115,137,104,128,121,112,128,119,126,124,147,144,118,122,107,109,87,100,115,95,86,104,98,99,103,108,92,98,104,102,93,87,121,92,101,99,96,90,84,93,102,86,75,71,76,77,76,68,72,68,61,56,63,60,50,62,57,44,41,48,53,41,46,37,45,33,41,34,31,33,23,14,21,21,11,15,21,9,8,11,10,8,5,8,5,3,1,2,2,1,1,1,1,2,3
1505502,Paragominas (PA),105550,1676,141,113,144,121,136,130,134,142,166,149,152,148,1645,1718,1857,1747,1714,1740,1786,1764,1791,1715,1794,1939,1988,1932,1993,2064,2030,2039,1932,1892,1836,2080,2007,1863,1935,1898,1734,1763,1699,1936,1620,1880,1829,1777,1909,1861,1719,1844,1849,2041,1593,1730,1423,1343,1463,1244,1157,1097,1167,1154,1037,1022,961,859,938,835,670,794,657,714,542,679,552,550,547,477,434,423,391,382,287,321,237,207,246,194,166,169,122,159,102,133,74,68,72,71,45,38,37,22,31,20,9,6,14,4,4,3,3,15
1505536,Parauapebas (PA),267836,4714,363,350,378,359,369,334,410,474,477,408,428,364,4503,4751,4925,4787,4458,4707,5064,4637,4768,4564,4500,4814,4800,4682,4718,4772,4799,4662,4599,4812,4625,5193,4852,4775,4954,4945,4880,4928,4856,5471,4820,5215,5336,5408,5802,5559,5526,5348,5095,5608,4363,4756,4046,3584,3555,3092,2924,2670,2496,2517,2258,2320,2014,1923,1885,1789,1529,1603,1433,1407,1147,1192,993,999,1046,748,761,724,639,596,515,490,366,388,326,282,270,258,206,217,150,199,156,133,115,101,83,69,72,51,32,22,26,14,10,13,7,5,4,15
1505551,Pau D'Arco (PA),6931,122,13,9,15,9,7,10,1,18,8,10,7,15,105,103,127,118,96,110,136,120,124,127,121,127,121,124,127,95,130,102,96,108,93,95,93,114,114,92,91,101,109,89,75,93,103,97,110,116,97,115,101,79,105,98,98,100,107,82,83,84,77,81,75,105,72,68,78,79,63,72,58,68,67,66,47,61,49,46,49,52,38,38,41,39,24,33,25,23,22,27,13,13,11,16,8,12,5,8,5,5,5,5,2,3,1,2,-,-,1,-,-,-
1505601,Peixe-Boi (PA),8285,83,6,8,6,3,6,6,6,11,8,11,5,7,106,94,98,117,111,100,119,118,119,136,125,140,133,121,142,140,146,145,123,126,114,135,113,106,120,106,105,104,98,104,102,111,127,130,129,142,146,132,136,153,157,126,137,125,122,101,105,110,111,96,77,90,84,89,111,106,80,92,85,97,95,91,64,74,71,68,79,62,60,51,37,41,40,50,39,28,25,26,28,18,22,24,20,19,19,12,12,17,9,4,7,5,2,-,4,2,1,2,-,1
1505635,Piçarra (PA),12832,231,20,27,19,17,14,13,17,13,18,25,21,27,216,227,246,231,212,203,225,245,214,210,237,216,237,240,242,251,223,224,184,217,182,250,200,218,212,180,196,187,167,204,181,204,197,175,222,183,186,201,185,216,176,214,166,173,185,161,174,179,132,176,149,161,127,131,90,110,98,126,97,107,87,86,75,69,59,68,63,78,62,77,57,53,40,42,40,33,22,25,32,24,21,18,17,14,5,5,8,6,11,3,3,6,3,2,2,2,2,1,1,1
1505650,Placas (PA),18668,332,29,30,35,25,26,14,19,35,30,34,23,32,327,326,330,324,318,325,346,342,285,327,321,328,324,347,387,380,363,377,309,361,291,317,286,275,305,291,277,320,271,305,259,290,302,281,310,308,335,263,276,301,268,261,220,264,245,227,185,183,190,189,201,202,180,157,169,184,168,190,185,161,148,142,132,104,91,102,82,73,87,82,63,73,54,58,48,57,35,35,36,20,23,23,25,18,14,16,14,11,8,9,1,2,2,2,-,-,2,2,1,2
1505700,Ponta de Pedras (PA),24984,381,21,28,39,41,34,30,22,32,36,33,30,35,369,384,442,425,398,402,434,403,440,461,436,463,507,492,489,524,516,495,526,458,434,487,391,383,421,400,401,432,373,440,382,374,391,374,408,385,397,436,343,428,313,361,325,310,316,298,270,252,271,315,242,239,246,206,202,204,206,188,181,183,156,172,142,169,138,140,126,132,105,122,73,90,64,69,61,49,55,56,52,32,30,37,32,30,25,28,34,11,8,27,12,9,8,12,4,6,2,2,4,7
1505809,Portel (PA),62503,1416,89,88,75,90,116,117,143,183,159,109,116,131,1442,1474,1474,1460,1303,1336,1425,1323,1421,1405,1302,1430,1420,1554,1471,1478,1473,1617,1401,1278,1307,1431,1298,1216,1142,1213,892,1082,1077,952,700,950,769,766,823,930,743,782,759,855,638,803,615,535,665,546,514,551,534,484,383,395,361,330,316,303,248,312,305,312,224,282,245,195,252,180,232,215,154,196,115,161,132,108,123,128,97,90,70,73,64,69,49,37,32,43,28,23,18,17,14,19,6,7,7,9,6,11,3,29
1505908,Porto de Moz (PA),40597,722,45,45,65,43,51,55,61,82,77,68,73,57,788,860,877,891,818,897,937,795,909,784,772,845,834,840,903,995,844,898,916,879,809,872,919,700,759,718,727,647,592,721,587,676,681,639,671,664,593,536,551,631,501,596,477,423,432,425,413,320,336,351,302,329,283,259,245,241,199,202,167,197,135,188,132,153,131,131,109,91,89,89,73,80,69,76,67,62,43,70,50,68,37,44,33,28,21,31,13,18,8,14,9,7,7,4,3,3,2,2,1,11
1506005,Prainha (PA),35577,707,51,54,55,53,54,52,53,62,75,78,63,57,673,712,680,734,671,710,711,685,709,706,702,779,717,720,744,759,729,746,727,662,651,772,654,627,616,738,547,556,625,631,489,524,492,498,477,559,474,514,487,506,438,493,419,369,388,421,367,353,357,328,256,307,268,245,288,276,228,216,254,223,179,229,185,164,147,153,147,143,132,127,111,86,91,63,71,69,70,73,46,67,44,49,40,25,18,33,26,17,13,13,8,9,5,1,3,2,1,2,-,1
1506104,Primavera (PA),10851,174,16,14,11,12,18,8,12,16,22,14,14,17,142,140,182,157,154,173,182,170,162,183,158,172,187,172,197,175,201,202,171,167,164,148,157,156,165,169,154,162,154,163,135,162,157,176,153,187,165,164,176,207,156,176,162,136,140,137,138,132,137,121,92,118,123,119,115,107,87,110,100,110,84,82,71,84,69,73,88,70,58,59,67,61,53,56,45,42,42,54,42,34,26,26,32,17,15,13,13,17,4,9,6,8,6,3,1,1,1,-,1,7
1506112,Quatipuru (PA),11524,142,14,15,2,14,14,8,12,14,19,9,11,10,164,167,186,188,178,172,178,168,186,185,181,203,195,209,199,200,213,228,199,200,183,177,155,162,169,154,151,160,132,175,139,154,148,138,160,175,175,193,182,216,168,190,135,155,153,150,153,141,158,165,115,123,130,135,114,122,115,121,113,112,121,106,96,96,85,73,69,84,75,68,54,59,43,49,46,42,43,38,28,33,23,29,33,13,14,23,12,12,9,7,9,6,2,2,-,4,2,-,1,8
1506138,Redenção (PA),85597,1342,116,101,117,103,127,71,115,125,113,116,124,114,1310,1406,1444,1415,1378,1503,1467,1386,1337,1411,1322,1375,1380,1388,1394,1361,1451,1445,1467,1402,1483,1578,1476,1522,1528,1544,1555,1525,1328,1496,1362,1368,1342,1372,1521,1440,1387,1415,1338,1519,1259,1448,1217,1080,1173,1076,1060,1023,997,1058,877,913,843,828,864,771,685,732,760,674,543,545,562,520,537,474,425,416,339,388,275,282,254,253,238,197,199,168,146,148,110,139,99,88,70,80,56,54,43,29,29,21,16,12,6,5,3,5,-,2
1506161,Rio Maria (PA),18384,259,22,14,23,13,9,21,20,35,30,27,14,31,251,273,274,290,266,284,289,257,287,279,257,288,305,285,304,332,298,328,322,302,276,322,286,276,304,302,313,280,257,282,263,263,258,299,304,261,291,259,263,319,283,292,253,246,271,244,234,234,249,255,210,222,208,211,205,186,179,197,173,159,144,125,152,139,130,125,94,117,110,108,102,92,73,64,75,74,55,62,29,48,36,34,35,23,31,15,11,15,10,8,7,7,6,1,2,2,2,-,-,2
1506187,Rondon do Pará (PA),53143,603,52,55,53,48,53,42,42,40,63,46,50,59,587,605,626,621,627,678,706,623,687,644,703,772,823,864,927,1045,856,953,828,835,1039,1148,1032,891,916,951,799,830,927,802,806,1148,983,821,1069,1086,1157,924,973,941,1191,1077,662,574,670,588,555,565,474,561,578,582,568,471,526,604,520,506,865,731,793,577,330,305,308,274,255,271,194,219,181,205,169,140,117,121,117,97,89,112,66,82,73,48,53,45,34,23,30,22,13,14,8,11,9,1,3,5,-,5
1506195,Rurópolis (PA),35769,534,46,33,43,40,48,32,44,45,47,46,54,56,492,525,707,639,783,822,728,711,811,651,643,724,726,684,689,707,609,668,602,587,658,810,701,519,562,504,463,516,479,571,560,622,658,531,573,496,477,479,515,531,494,582,500,383,441,370,302,327,322,353,345,442,269,287,271,270,228,246,256,256,235,314,223,242,230,232,160,198,148,166,162,180,116,105,115,112,58,64,77,61,58,78,33,24,29,29,24,9,20,23,6,10,4,3,1,1,3,2,-,3
1506203,Salinópolis (PA),44772,658,47,40,62,60,46,47,54,63,56,62,66,55,630,649,660,671,633,659,689,697,702,662,719,713,732,738,777,776,779,805,777,830,762,823,769,740,766,756,726,690,700,845,686,701,739,715,751,794,734,744,717,812,706,656,646,668,562,591,574,570,527,535,507,494,458,441,433,405,381,376,301,382,296,316,293,295,279,270,259,239,218,228,184,209,164,126,146,115,125,123,104,89,75,98,71,51,38,36,45,28,23,14,13,12,8,8,5,9,4,4,5,8
1506302,Salvaterra (PA),24129,364,34,37,22,30,25,13,35,42,37,29,26,34,343,352,425,405,381,417,406,381,373,409,404,416,422,430,436,438,426,400,407,366,384,447,415,404,395,399,417,428,404,441,387,430,400,351,397,378,355,339,355,362,311,397,295,266,318,288,326,305,275,315,254,290,236,221,219,211,196,210,173,202,169,176,165,164,169,128,134,113,115,108,99,99,90,84,83,72,66,72,57,48,48,39,43,25,23,27,32,16,13,11,9,9,7,1,3,2,3,-,3,7
1506351,Santa Bárbara do Pará (PA),21087,277,19,17,31,15,26,12,19,23,32,31,25,27,272,300,352,315,313,357,328,323,351,383,332,379,403,379,355,371,380,367,314,317,331,367,343,290,307,319,286,315,296,316,290,313,359,371,325,323,324,338,339,351,311,312,342,296,305,291,301,251,267,284,234,266,251,240,222,221,182,211,169,202,158,129,138,145,126,146,112,128,105,118,82,88,85,84,74,74,56,46,42,49,46,31,39,28,18,11,22,10,15,14,9,4,5,2,3,3,1,2,2,8
1506401,Santa Cruz do Arari (PA),7445,117,10,2,8,4,10,2,16,14,16,10,13,12,89,106,116,104,119,121,130,122,113,117,97,128,129,133,149,212,158,185,284,165,125,154,151,126,106,146,120,106,109,152,98,138,103,97,99,107,107,118,102,114,93,106,96,81,95,106,86,73,63,87,51,88,71,54,60,58,66,67,62,57,41,38,43,44,47,46,25,37,35,41,28,34,19,23,17,16,16,14,16,13,10,10,5,7,8,8,3,-,1,1,-,4,-,1,1,1,-,-,-,-
1506500,Santa Izabel do Pará (PA),73019,928,71,92,73,64,72,78,70,87,85,85,78,73,941,1067,1063,1030,1001,1156,1027,1008,1000,943,1002,1042,1097,1028,1026,1097,1057,1215,1154,1273,1357,1538,1408,1407,1503,1683,1477,1464,1368,1439,1323,1529,1358,1284,1355,1458,1246,1206,1283,1273,1310,1211,1098,896,958,927,881,856,825,838,761,790,714,663,658,649,549,537,547,554,458,481,456,431,438,357,356,354,278,295,257,287,239,234,199,163,157,158,146,140,84,113,84,100,84,77,44,36,41,32,21,15,12,6,11,10,5,2,5,17
1506559,Santa Luzia do Pará (PA),20370,280,18,23,20,22,22,18,26,28,29,23,26,25,315,316,318,310,332,325,313,312,329,347,356,374,377,372,407,444,440,397,362,374,328,374,332,338,373,318,305,286,286,350,278,281,335,298,330,302,304,305,311,308,299,282,289,243,243,241,244,268,227,242,211,207,172,192,205,180,165,168,150,158,137,151,147,126,128,127,119,113,99,101,80,96,76,70,69,69,65,56,50,51,43,53,34,24,20,24,23,16,15,10,13,7,3,7,3,6,1,3,2,5
1506583,Santa Maria das Barreiras (PA),16548,254,19,17,28,22,22,21,17,23,28,26,18,13,260,277,310,280,271,274,289,285,269,245,283,273,300,343,305,305,303,277,288,279,224,230,220,235,236,251,260,242,210,253,207,219,236,236,248,257,235,233,268,272,235,266,207,222,232,230,208,205,190,209,194,183,188,190,224,185,182,169,167,144,124,136,140,121,110,111,105,115,82,93,71,66,68,56,59,49,33,30,37,33,23,18,17,11,13,12,7,12,6,9,2,2,-,1,2,2,-,-,-,-
1506609,Santa Maria do Pará (PA),24624,314,30,26,23,14,28,24,36,29,28,22,28,26,330,399,371,369,347,335,361,318,351,350,344,381,382,391,382,404,404,430,438,407,400,397,400,370,413,387,416,407,403,425,355,380,391,380,318,398,404,400,418,429,352,366,319,342,374,368,356,315,276,274,356,291,294,283,302,278,224,230,248,229,216,199,170,179,171,159,142,170,132,132,94,107,95,90,85,53,85,68,59,62,47,56,47,44,32,30,17,16,18,18,14,4,8,11,2,5,-,5,2,4
1506708,Santana do Araguaia (PA),32413,626,53,55,39,50,38,52,41,62,55,48,76,57,543,585,603,615,597,546,608,550,539,529,593,603,556,607,578,581,564,563,529,571,526,585,497,527,555,579,478,521,425,479,430,521,498,485,531,518,494,459,484,520,468,486,449,447,443,419,405,375,331,345,323,323,336,286,322,282,285,296,281,251,232,236,226,226,221,182,173,165,167,168,124,115,103,85,79,67,65,56,52,49,40,44,34,27,19,20,17,13,8,11,8,6,7,3,3,1,1,4,-,5
1506807,Santarém (PA),331942,5191,368,437,376,414,430,363,444,469,489,501,454,446,5021,5344,5489,5366,5521,5552,5954,5733,5517,5646,5568,5987,5837,6020,6057,6264,6141,6172,6002,6136,5946,6343,5880,5792,5853,5975,5645,5787,5141,5769,4555,5128,5055,4879,5404,5219,5034,5157,4992,5636,4371,5105,4347,4112,4207,3917,3735,3883,3522,3658,3175,3417,3008,2876,2937,2757,2624,2637,2542,2551,2215,2362,2169,2144,2042,1789,1727,1682,1597,1557,1236,1259,1097,1030,960,894,837,837,678,707,516,550,462,364,351,323,250,244,219,163,133,134,73,67,51,36,26,27,16,29
1506906,Santarém Novo (PA),6116,108,9,6,7,12,7,7,6,17,11,10,10,6,80,84,92,91,85,76,87,109,102,86,91,97,102,106,120,146,112,93,89,101,95,99,84,98,104,108,86,90,78,102,93,92,95,95,92,89,84,99,81,103,101,104,82,73,88,70,81,72,78,71,69,67,62,61,57,48,46,68,68,49,63,45,37,41,35,29,44,41,36,37,33,45,26,27,20,22,16,26,24,16,13,20,12,14,8,5,6,8,6,4,3,3,3,1,1,1,1,1,1,3
1507003,Santo Antônio do Tauá (PA),27461,368,30,30,23,34,23,34,28,31,29,40,36,30,375,422,432,445,430,457,453,437,455,457,449,503,458,479,490,482,500,442,434,421,420,446,396,396,428,448,413,437,412,436,378,441,451,409,414,444,397,438,413,464,419,437,404,363,381,356,390,335,323,344,327,271,276,277,261,258,236,242,207,255,191,216,209,220,211,187,152,184,163,152,127,129,108,92,108,86,91,82,72,81,60,57,37,31,36,24,28,16,13,9,10,6,2,9,4,2,4,-,5,15
1507102,São Caetano de Odivelas (PA),16666,216,21,11,14,14,12,18,24,22,29,19,21,11,214,247,237,242,245,260,266,241,243,238,253,291,299,275,294,314,283,281,249,237,262,234,233,261,254,248,257,271,242,276,233,291,221,245,261,271,276,248,252,299,243,262,247,211,235,205,193,200,193,224,183,206,197,174,152,162,173,133,140,178,108,142,120,149,158,137,110,140,110,108,80,79,64,63,64,69,58,55,49,41,35,52,33,26,25,34,14,6,11,14,10,5,2,7,3,1,3,1,1,8
1507151,São Domingos do Araguaia (PA),21092,330,21,22,28,31,28,25,27,27,20,39,25,37,325,354,353,354,311,336,376,354,360,369,360,402,401,396,410,417,415,414,416,372,348,375,313,333,311,336,321,302,279,324,259,294,269,324,301,303,315,372,340,317,285,334,272,302,289,242,262,239,215,226,220,189,181,199,202,194,183,203,153,164,139,145,132,136,142,126,119,123,100,114,78,99,95,97,84,77,65,62,48,46,46,52,38,36,31,29,24,19,17,14,9,7,10,6,1,3,3,-,2,3
1507201,São Domingos do Capim (PA),30599,472,34,26,35,34,37,38,44,44,53,43,46,38,469,534,494,522,541,539,553,577,631,591,658,658,687,774,707,734,686,651,630,570,553,591,480,448,551,466,472,432,435,446,375,412,423,407,440,389,414,430,444,439,361,407,386,362,381,376,348,317,320,289,278,273,264,263,290,237,211,221,188,200,169,159,158,165,166,151,159,149,120,149,131,122,94,80,103,97,90,99,67,79,62,50,50,46,29,31,17,21,12,15,12,16,8,8,4,2,5,-,1,6
1507300,São Félix do Xingu (PA),65418,1018,62,88,79,89,78,76,88,90,92,102,72,102,1030,1084,1215,1135,1091,1218,1148,1079,1063,1069,1126,1239,1190,1120,1189,1140,1152,1155,1093,1201,1155,1219,1124,1096,1119,1125,1005,971,950,1048,976,1175,1032,1075,1354,1307,1088,1038,1074,1203,914,1079,925,798,944,807,735,740,740,776,639,673,757,614,615,651,521,626,545,514,380,426,379,340,368,309,253,287,238,205,182,201,136,150,123,113,97,124,83,97,48,72,53,48,28,35,29,32,21,15,10,5,5,7,5,7,1,1,-,3
1507409,São Francisco do Pará (PA),14894,181,18,17,15,12,14,11,14,20,16,10,19,15,225,213,202,225,199,193,232,220,212,221,233,222,256,286,239,296,240,262,221,208,233,211,262,241,244,214,193,192,195,209,198,234,230,261,215,206,244,237,254,267,228,218,232,203,207,201,182,167,153,173,173,160,188,146,171,170,142,154,150,139,124,144,121,143,101,97,130,124,100,78,68,80,59,80,58,42,34,55,55,47,36,40,33,28,24,24,12,11,8,12,8,7,4,4,5,6,5,-,2,2
1507458,São Geraldo do Araguaia (PA),24255,453,24,42,41,34,40,32,38,44,39,41,37,41,383,436,457,416,401,417,450,419,439,425,412,430,432,453,435,439,423,386,392,393,443,468,384,373,399,389,375,370,368,343,320,361,342,385,370,366,363,385,372,408,313,388,318,302,333,284,317,274,268,258,237,245,256,211,272,182,173,234,199,193,158,175,150,161,159,115,119,143,134,103,99,98,84,102,77,75,59,60,57,51,31,57,30,31,28,33,20,22,20,17,7,12,8,8,3,4,2,5,3,3
1507466,São João da Ponta (PA),4430,58,4,4,3,6,2,7,7,4,9,-,5,7,62,76,75,71,64,67,76,69,68,70,70,78,98,90,68,78,76,90,63,56,65,72,58,60,60,53,57,61,64,79,59,52,60,62,61,70,57,52,57,64,56,59,59,58,50,57,58,56,48,49,43,59,50,60,43,43,43,44,32,55,52,50,40,31,38,35,33,41,31,24,25,26,17,23,17,22,22,15,17,14,13,9,7,9,15,5,4,3,3,3,4,-,1,3,3,1,5,-,-,1
1507474,São João de Pirabas (PA),20689,286,17,20,16,20,17,26,21,28,31,27,32,31,302,300,341,322,299,331,348,309,339,321,349,381,355,402,371,393,376,370,341,315,311,336,287,282,303,317,309,307,316,302,322,301,293,315,321,328,302,325,304,331,299,281,306,296,270,254,273,226,264,234,226,231,205,204,169,190,166,175,191,205,173,172,150,142,143,160,143,121,133,109,98,106,90,96,88,91,85,79,65,55,51,62,32,26,29,22,28,11,14,16,21,10,9,5,4,-,3,2,4,13
1507508,São João do Araguaia (PA),13664,225,15,19,16,15,13,16,18,16,21,24,25,27,244,220,249,223,234,270,265,229,244,247,248,255,264,279,299,293,228,247,192,197,180,185,184,199,233,167,183,185,197,184,173,180,200,180,188,200,197,204,178,215,177,179,189,175,167,176,136,143,185,122,152,159,155,136,140,139,130,140,136,130,108,117,113,117,124,98,106,91,77,80,53,60,46,48,45,34,52,37,30,28,18,33,25,19,17,6,13,6,10,7,4,2,1,2,1,-,1,-,1,4
1507607,São Miguel do Guamá (PA),52894,835,63,64,66,74,69,66,63,80,71,85,64,70,842,845,899,877,888,895,897,921,903,862,874,1026,959,1008,1037,1065,1060,1011,993,942,932,947,896,898,873,890,808,825,849,839,801,769,797,849,845,774,820,845,829,860,727,766,731,659,660,668,641,628,589,551,550,519,452,484,481,469,381,407,373,326,347,368,314,313,294,277,259,263,227,251,200,226,207,178,160,150,159,154,123,128,71,93,92,68,48,40,38,35,37,17,23,16,9,7,11,10,10,5,8,11
1507706,São Sebastião da Boa Vista (PA),25643,479,26,45,34,28,35,24,39,51,42,45,49,61,463,519,477,476,483,496,503,487,445,506,485,534,515,563,511,512,520,547,511,500,470,516,455,496,480,478,456,483,416,465,375,458,388,379,445,388,409,381,377,399,295,333,283,258,256,252,278,260,238,244,200,219,208,177,143,157,149,185,162,148,134,133,117,137,120,116,95,92,86,102,57,72,64,48,59,51,65,45,47,45,37,42,30,29,17,19,21,17,7,4,8,8,3,2,1,4,2,3,1,12
1507755,Sapucaia (PA),5847,70,6,7,6,7,4,6,2,6,5,11,3,7,80,111,98,118,107,123,110,97,107,100,93,134,117,111,143,88,91,99,110,105,114,101,110,114,116,100,82,102,115,111,85,79,76,96,103,80,85,73,74,123,84,94,76,62,70,52,58,74,60,84,55,66,54,46,48,44,49,50,43,63,36,31,22,34,33,36,22,24,22,28,20,19,6,22,12,9,9,14,7,11,3,9,3,6,5,4,3,3,4,2,1,1,1,-,1,1,-,-,-,-
1507805,Senador José Porfírio (PA),22576,421,40,28,37,31,33,32,32,36,46,34,41,31,419,420,440,463,467,430,424,432,476,466,425,468,503,503,496,483,405,434,373,402,402,389,355,356,367,352,346,349,280,417,286,357,296,342,365,341,325,342,351,371,315,326,301,290,329,294,303,239,244,249,199,213,161,195,206,187,158,192,168,152,119,133,133,127,120,94,103,74,76,71,54,73,49,42,35,33,20,25,15,23,11,24,6,8,9,7,2,4,6,4,4,4,1,-,1,-,-,-,-,6
1507904,Soure (PA),24204,312,24,30,24,23,31,18,29,31,28,24,27,23,384,357,341,364,355,378,420,398,431,416,412,406,401,438,449,432,417,425,410,422,411,379,385,386,415,404,422,397,425,432,322,350,322,336,322,357,407,395,408,399,343,365,308,291,295,285,306,277,268,304,244,265,244,263,235,235,226,198,223,196,200,191,178,181,202,165,148,134,130,115,91,98,83,80,86,81,69,69,58,48,48,48,43,31,43,29,21,25,17,17,14,12,9,5,5,1,3,2,1,10
1507953,Tailândia (PA),72493,1285,87,118,91,104,94,84,93,119,115,126,132,122,1229,1297,1351,1268,1288,1392,1473,1410,1486,1375,1324,1413,1417,1516,1644,1515,1474,1488,1369,1442,1384,1527,1369,1287,1437,1347,1246,1346,1211,1327,1105,1302,1168,1210,1347,1199,1129,1214,1104,1254,965,1089,905,844,954,803,662,736,689,688,576,603,512,503,529,493,400,460,381,394,310,313,314,314,309,235,253,227,231,196,151,168,146,120,117,111,110,104,88,75,63,72,42,41,39,33,27,25,16,25,10,13,8,9,3,4,1,4,1,10
1507961,Terra Alta (PA),10400,156,15,10,4,12,13,8,8,14,15,19,17,21,150,174,159,148,170,169,175,152,171,165,174,184,191,188,183,186,178,176,145,176,144,167,141,161,162,172,155,141,147,160,138,147,143,152,136,153,167,176,165,170,146,171,129,142,146,131,138,144,116,120,117,129,103,107,98,122,96,85,96,95,87,83,81,70,69,63,65,64,62,64,59,51,46,42,34,44,28,41,29,36,27,27,18,18,12,17,13,10,6,8,9,3,3,2,6,1,-,2,-,2
1507979,Terra Santa (PA),18782,306,23,17,24,18,14,23,26,34,35,35,36,21,331,361,357,322,355,347,361,364,348,338,349,315,375,318,350,314,360,323,313,321,335,323,292,311,336,334,323,324,278,352,252,343,307,300,336,307,292,281,278,301,286,277,253,223,229,243,181,190,183,187,187,173,163,139,139,143,148,134,102,125,108,126,105,101,114,103,95,83,89,79,64,65,69,45,49,53,41,52,56,40,32,27,16,19,17,16,13,12,10,14,8,2,4,5,1,2,-,1,3,5
1508001,Tomé-Açu (PA),67585,1282,76,83,101,118,101,99,110,130,123,117,104,120,1201,1264,1334,1240,1276,1309,1288,1292,1313,1246,1299,1357,1315,1397,1351,1283,1250,1281,1251,1236,1163,1291,1197,1145,1241,1168,1163,1141,1113,1258,1054,1103,1090,979,1054,1075,984,1030,955,1159,890,1045,859,822,857,730,723,715,628,684,562,660,587,502,527,457,408,433,382,415,267,366,344,319,340,279,276,264,251,251,177,224,200,194,170,142,128,162,105,117,69,92,99,57,61,65,57,39,31,20,17,20,18,17,8,5,5,2,3,10
1508035,Tracuateua (PA),28595,391,28,27,23,28,38,30,42,38,36,32,33,36,412,423,427,429,470,456,502,473,529,532,522,513,549,567,631,586,544,522,512,441,451,495,409,397,430,393,403,410,391,505,388,411,462,441,459,457,430,447,413,499,349,404,390,418,397,341,369,331,311,346,240,269,266,277,276,276,249,234,232,264,239,217,195,222,196,165,197,162,150,166,123,112,98,100,107,90,98,67,59,71,38,54,47,29,36,36,31,37,12,15,14,11,5,8,11,7,4,1,1,3
1508050,Trairão (PA),15242,286,29,13,31,23,22,17,25,31,17,24,28,26,295,257,299,291,275,312,275,272,257,251,275,257,286,270,277,264,315,286,267,242,264,280,266,281,263,288,228,266,207,232,232,241,237,239,258,226,244,251,230,259,217,264,179,209,197,170,156,158,161,156,141,142,142,138,119,134,116,98,115,105,83,93,109,92,103,90,93,58,59,69,40,66,35,43,46,29,31,25,21,24,19,18,15,7,8,6,9,6,5,6,5,3,2,-,2,1,1,-,-,2
1508084,Tucumã (PA),39550,619,46,60,53,54,52,47,54,47,58,64,39,45,714,697,694,729,617,704,703,616,666,670,734,660,663,627,646,692,606,676,634,646,779,835,703,623,656,672,656,654,679,711,661,745,681,567,699,707,626,643,648,679,556,742,551,503,509,511,449,447,445,436,386,365,375,316,303,327,274,325,313,281,252,283,265,239,223,210,186,183,146,166,149,135,109,121,131,102,88,84,76,52,41,60,29,33,23,21,22,17,16,9,4,6,6,2,1,2,4,1,-,2
1508100,Tucuruí (PA),91306,1286,92,96,122,79,106,83,89,126,122,127,122,122,1353,1361,1478,1493,1521,1542,1599,1594,1499,1533,1554,1567,1635,1604,1680,1675,1783,1786,1654,1669,1552,1782,1620,1618,1550,1489,1511,1451,1382,1410,1355,1366,1392,1476,1472,1474,1449,1391,1387,1565,1253,1429,1299,1167,1257,1124,1117,1011,1030,1009,911,913,852,791,850,803,746,785,729,760,650,679,607,624,613,545,490,506,399,426,324,389,287,269,228,203,190,203,159,153,142,147,104,94,75,68,62,54,48,31,23,39,19,13,5,13,11,6,3,11
1508126,Ulianópolis (PA),37972,345,15,33,39,25,30,32,30,35,29,24,20,33,469,596,654,725,715,723,694,603,660,471,424,588,543,557,707,673,607,647,643,644,779,912,834,598,768,686,561,673,672,706,684,913,727,641,808,907,677,636,746,721,698,811,594,463,437,422,368,368,366,367,358,403,342,304,252,241,218,283,309,327,417,327,220,191,170,158,129,112,124,122,101,99,88,69,58,55,29,40,28,30,23,21,13,8,15,11,11,4,4,3,4,4,2,2,3,-,3,2,1,3
1508159,Uruará (PA),43558,773,61,49,69,66,61,61,62,84,49,90,63,58,751,763,811,766,768,756,745,775,798,770,743,747,839,815,871,790,801,818,681,729,753,814,697,732,782,710,739,696,686,722,650,697,650,698,718,680,676,696,704,706,598,681,606,545,539,559,487,441,465,465,410,444,395,379,400,412,341,368,334,333,279,265,287,268,233,201,204,196,195,182,159,147,133,112,117,99,99,101,74,67,66,62,53,41,41,43,23,16,20,15,7,9,5,9,3,4,1,1,-,3
1508209,Vigia (PA),50832,595,42,37,58,56,50,42,53,66,51,43,48,49,652,721,783,751,712,774,805,761,759,804,712,858,896,815,850,914,879,810,784,753,814,901,885,704,808,810,793,807,801,884,806,900,820,793,846,870,808,858,850,890,771,878,754,670,740,645,633,627,534,629,527,608,528,504,484,511,399,451,413,438,366,404,383,353,394,366,301,354,266,315,244,251,197,183,183,169,173,155,132,138,91,110,71,64,46,54,55,39,31,38,25,21,16,7,8,7,6,8,5,23
1508308,Viseu (PA),58692,935,83,82,66,52,57,64,86,79,84,99,110,73,1016,1012,1096,1039,1107,1139,1210,1091,1167,1205,1304,1338,1264,1398,1405,1361,1340,1292,1137,1071,993,1041,967,905,918,898,852,876,824,940,738,909,820,803,842,875,897,827,798,891,683,794,677,648,626,592,573,545,563,525,485,501,461,414,503,448,369,425,395,478,379,386,336,327,343,341,292,291,212,267,194,228,193,148,173,137,124,135,112,119,70,124,72,66,48,55,49,39,28,39,32,27,11,11,10,8,3,3,5,9
1508357,Vitória do Xingu (PA),15607,238,18,18,19,15,17,14,18,20,30,32,16,21,250,264,265,299,296,318,324,252,320,312,298,287,317,300,327,314,294,247,249,239,243,271,259,275,279,257,251,260,249,259,227,250,245,233,213,276,200,224,242,255,193,233,221,228,191,184,180,154,162,164,159,152,142,138,143,147,101,127,120,107,85,98,98,96,90,87,78,67,54,79,59,46,53,52,31,46,39,34,21,18,14,25,21,16,13,6,11,11,6,8,3,6,2,1,3,3,-,1,-,2
1508407,Xinguara (PA),52893,845,52,59,58,83,63,72,71,77,75,82,74,79,880,834,902,880,875,871,943,829,863,809,875,822,868,910,907,903,913,909,888,927,970,1041,928,995,1033,889,940,871,804,944,836,917,900,890,918,928,849,859,843,915,717,875,752,695,777,656,592,611,581,573,496,596,504,477,462,443,445,446,380,400,327,360,283,333,273,269,263,248,206,271,185,188,150,156,128,126,103,104,92,88,65,86,59,58,41,38,46,28,27,24,13,11,9,7,6,8,2,1,2,8
