Codigo,Municipio,Urbana,Rural,Total
1,Brasil,177508417,25572339,203080756
15,Pará,6095530,2024601,8120131
1500107,Abaetetuba (PA),98390,59798,158188
1500131,Abel Figueiredo (PA),5366,770,6136
1500206,Acará (PA),13079,45944,59023
1500305,Afuá (PA),11875,25890,37765
1500347,Água Azul do Norte (PA),9302,8778,18080
1500404,Alenquer (PA),35153,34224,69377
1500503,Almeirim (PA),22500,11780,34280
1500602,Altamira (PA),104202,22077,126279
1500701,Anajás (PA),12306,15705,28011
1500800,Ananindeua (PA),477298,1480,478778
1500859,Anapu (PA),15840,16010,31850
1500909,Augusto Corrêa (PA),22944,21629,44573
1500958,Aurora do Pará (PA),10136,13638,23774
1501006,Aveiro (PA),4417,13873,18290
1501105,Bagre (PA),13003,18889,31892
1501204,Baião (PA),27311,24330,51641
1501253,Bannach (PA),1611,2420,4031
1501303,Barcarena (PA),104487,22163,126650
1501402,Belém (PA),1296633,6770,1303403
1501451,Belterra (PA),8778,9321,18099
1501501,Benevides (PA),60298,3269,63567
1501576,Bom Jesus do Tocantins (PA),10333,7672,18005
1501600,Bonito (PA),6925,5697,12622
1501709,Bragança (PA),87608,35474,123082
1501725,Brasil Novo (PA),13404,11314,24718
1501758,Brejo Grande do Araguaia (PA),3792,2991,6783
1501782,Breu Branco (PA),28500,17212,45712
1501808,Breves (PA),55509,51459,106968
1501907,Bujaru (PA),8660,15723,24383
1501956,Cachoeira do Piriá (PA),7152,12478,19630
1502004,Cachoeira do Arari (PA),11363,12618,23981
1502103,Cametá (PA),68213,65971,134184
1502152,Canaã dos Carajás (PA),69332,7747,77079
1502202,Capanema (PA),59704,10690,70394
1502301,Capitão Poço (PA),31205,25301,56506
1502400,Castanhal (PA),177867,14389,192256
1502509,Chaves (PA),4686,16071,20757
1502608,Colares (PA),5093,7775,12868
1502707,Conceição do Araguaia (PA),33157,11460,44617
1502756,Concórdia do Pará (PA),16492,10389,26881
1502764,Cumaru do Norte (PA),5001,9035,14036
1502772,Curionópolis (PA),17905,2045,19950
1502806,Curralinho (PA),13515,20388,33903
1502855,Curuá (PA),7358,6759,14117
1502905,Curuçá (PA),24716,16546,41262
1502939,Dom Eliseu (PA),49321,9163,58484
1502954,Eldorado do Carajás (PA),17253,10939,28192
1503002,Faro (PA),7198,1530,8728
1503044,Floresta do Araguaia (PA),10449,7449,17898
1503077,Garrafão do Norte (PA),14188,10515,24703
1503093,Goianésia do Pará (PA),16790,9572,26362
1503101,Gurupá (PA),13228,18558,31786
1503200,Igarapé-Açu (PA),24862,10935,35797
1503309,Igarapé-Miri (PA),28911,35920,64831
1503408,Inhangapi (PA),3659,6666,10325
1503457,Ipixuna do Pará (PA),15532,14797,30329
1503507,Irituia (PA),8958,21997,30955
1503606,Itaituba (PA),107284,16030,123314
1503705,Itupiranga (PA),28558,21196,49754
1503754,Jacareacanga (PA),10150,13892,24042
1503804,Jacundá (PA),33701,4006,37707
1503903,Juruti (PA),29791,21090,50881
1504000,Limoeiro do Ajuru (PA),8735,20834,29569
1504059,Mãe do Rio (PA),27834,6519,34353
1504109,Magalhães Barata (PA),3857,4258,8115
1504208,Marabá (PA),239719,26814,266533
1504307,Maracanã (PA),10813,15158,25971
1504406,Marapanim (PA),15249,11324,26573
1504422,Marituba (PA),111479,306,111785
1504455,Medicilândia (PA),10745,16349,27094
1504505,Melgaço (PA),9657,18224,27881
1504604,Mocajuba (PA),19424,7774,27198
1504703,Moju (PA),33208,50886,84094
1504752,Mojuí dos Campos (PA),8463,15038,23501
1504802,Monte Alegre (PA),32654,27358,60012
1504901,Muaná (PA),19561,25807,45368
1504950,Nova Esperança do Piriá (PA),12730,7748,20478
1504976,Nova Ipixuna (PA),7050,6905,13955
1505007,Nova Timboteua (PA),9105,3701,12806
1505031,Novo Progresso (PA),26931,6707,33638
1505064,Novo Repartimento (PA),32689,28043,60732
1505106,Óbidos (PA),31699,20530,52229
1505205,Oeiras do Pará (PA),15669,18175,33844
1505304,Oriximiná (PA),47358,20936,68294
1505403,Ourém (PA),10884,6971,17855
1505437,Ourilândia do Norte (PA),27495,4972,32467
1505486,Pacajá (PA),18964,22133,41097
1505494,Palestina do Pará (PA),4724,2161,6885
1505502,Paragominas (PA),96150,9400,105550
1505536,Parauapebas (PA),258225,9611,267836
1505551,Pau D'Arco (PA),4239,2692,6931
1505601,Peixe-Boi (PA),4986,3299,8285
1505635,Piçarra (PA),5318,7514,12832
1505650,Placas (PA),8060,10608,18668
1505700,Ponta de Pedras (PA),13002,11982,24984
1505809,Portel (PA),30223,32280,62503
1505908,Porto de Moz (PA),19863,20734,40597
1506005,Prainha (PA),18520,17057,35577
1506104,Primavera (PA),7202,3649,10851
1506112,Quatipuru (PA),9651,1873,11524
1506138,Redenção (PA),81630,3967,85597
1506161,Rio Maria (PA),13970,4414,18384
1506187,Rondon do Pará (PA),33871,19272,53143
1506195,Rurópolis (PA),21637,14132,35769
1506203,Salinópolis (PA),41139,3633,44772
1506302,Salvaterra (PA),17814,6315,24129
1506351,Santa Bárbara do Pará (PA),13764,7323,21087
1506401,Santa Cruz do Arari (PA),6270,1175,7445
1506500,Santa Izabel do Pará (PA),58670,14349,73019
1506559,Santa Luzia do Pará (PA),10952,9418,20370
1506583,Santa Maria das Barreiras (PA),8180,8368,16548
1506609,Santa Maria do Pará (PA),17080,7544,24624
1506708,Santana do Araguaia (PA),25819,6594,32413
1506807,Santarém (PA),264507,67435,331942
1506906,Santarém Novo (PA),1910,4206,6116
1507003,Santo Antônio do Tauá (PA),18317,9144,27461
1507102,São Caetano de Odivelas (PA),9230,7436,16666
1507151,São Domingos do Araguaia (PA),14890,6202,21092
1507201,São Domingos do Capim (PA),9310,21289,30599
1507300,São Félix do Xingu (PA),39114,26304,65418
1507409,São Francisco do Pará (PA),7442,7452,14894
1507458,São Geraldo do Araguaia (PA),16943,7312,24255
1507466,São João da Ponta (PA),876,3554,4430
1507474,São João de Pirabas (PA),13130,7559,20689
1507508,São João do Araguaia (PA),5422,8242,13664
1507607,São Miguel do Guamá (PA),37846,15048,52894
1507706,São Sebastião da Boa Vista (PA),11260,14383,25643
1507755,Sapucaia (PA),4764,1083,5847
1507805,Senador José Porfírio (PA),8963,13613,22576
1507904,Soure (PA),22543,1661,24204
1507953,Tailândia (PA),62871,9622,72493
1507961,Terra Alta (PA),5908,4492,10400
1507979,Terra Santa (PA),16259,2523,18782
1508001,Tomé-Açu (PA),42807,24778,67585
1508035,Tracuateua (PA),10173,18422,28595
1508050,Trairão (PA),9399,5843,15242
1508084,Tucumã (PA),34117,5433,39550
1508100,Tucuruí (PA),85560,5746,91306
1508126,Ulianópolis (PA),26486,11486,37972
1508159,Uruará (PA),25678,17880,43558
1508209,Vigia (PA),39596,11236,50832
1508308,Viseu (PA),29936,28756,58692
1508357,Vitória do Xingu (PA),8700,6907,15607
1508407,Xinguara (PA),46390,6503,52893
