Codigo,Municipio,Rural,Urbano,Ano,RI
150010,ABAETETUBA,63946,65461,2025,Tocantins
150010,ABAETETUBA,63386,66386,2024,Tocantins
150010,ABAETETUBA,65033,71237,2023,Tocantins
150010,ABAETETUBA,62679,70153,2022,Tocantins
150010,ABAETETUBA,56929,62065,2021,Tocantins
150010,ABAETETUBA,54487,58310,2020,Tocantins
150010,ABAETETUBA,55423,59062,2019,Tocantins
150010,ABAETETUBA,53692,56140,2018,Tocantins
150010,ABAETETUBA,52885,54549,2017,Tocantins
150010,ABAETETUBA,51885,53855,2016,Tocantins
150010,ABAETETUBA,50526,54992,2015,Tocantins
150010,ABAETETUBA,51514,57849,2014,Tocantins
150010,ABAETETUBA,48621,56753,2013,Tocantins
150010,ABAETETUBA,43837,58152,2012,Tocantins
150013,ABEL FIGUEIREDO,901,4231,2025,Rio Capim
150013,ABEL FIGUEIREDO,924,4312,2024,Rio Capim
150013,ABEL FIGUEIREDO,1051,4597,2023,Rio Capim
150013,ABEL FIGUEIREDO,1091,4561,2022,Rio Capim
150013,ABEL FIGUEIREDO,972,4119,2021,Rio Capim
150013,ABEL FIGUEIREDO,965,4006,2020,Rio Capim
150013,ABEL FIGUEIREDO,973,4095,2019,Rio Capim
150013,ABEL FIGUEIREDO,887,4099,2018,Rio Capim
150013,ABEL FIGUEIREDO,883,4135,2017,Rio Capim
150013,ABEL FIGUEIREDO,835,4136,2016,Rio Capim
150013,ABEL FIGUEIREDO,778,4146,2015,Rio Capim
150013,ABEL FIGUEIREDO,814,4290,2014,Rio Capim
150013,ABEL FIGUEIREDO,624,4207,2013,Rio Capim
150013,ABEL FIGUEIREDO,351,4441,2012,Rio Capim
150020,ACARÁ,40686,8989,2025,Tocantins
150020,ACARÁ,40002,9155,2024,Tocantins
150020,ACARÁ,40010,9457,2023,Tocantins
150020,ACARÁ,38528,9284,2022,Tocantins
150020,ACARÁ,34705,8814,2021,Tocantins
150020,ACARÁ,34526,8742,2020,Tocantins
150020,ACARÁ,34350,9168,2019,Tocantins
150020,ACARÁ,33443,9249,2018,Tocantins
150020,ACARÁ,32308,9615,2017,Tocantins
150020,ACARÁ,31595,9907,2016,Tocantins
150020,ACARÁ,31475,10206,2015,Tocantins
150020,ACARÁ,31229,11080,2014,Tocantins
150020,ACARÁ,26580,11103,2013,Tocantins
150020,ACARÁ,21266,11345,2012,Tocantins
150030,AFUÁ,8549,17337,2012,Marajó
150030,AFUÁ,14856,12611,2013,Marajó
150030,AFUÁ,18521,10504,2014,Marajó
150030,AFUÁ,20792,9265,2015,Marajó
150030,AFUÁ,22256,8977,2016,Marajó
150030,AFUÁ,23828,9224,2017,Marajó
150030,AFUÁ,23819,9019,2018,Marajó
150030,AFUÁ,24440,8974,2019,Marajó
150030,AFUÁ,24257,8834,2020,Marajó
150030,AFUÁ,24448,8874,2021,Marajó
150030,AFUÁ,26526,9252,2022,Marajó
150030,AFUÁ,28302,9188,2023,Marajó
150030,AFUÁ,29315,9134,2024,Marajó
150030,AFUÁ,30011,9264,2025,Marajó
150034,ÁGUA AZUL DO NORTE,3795,6663,2025,Araguaia
150034,ÁGUA AZUL DO NORTE,3751,6872,2024,Araguaia
150034,ÁGUA AZUL DO NORTE,4149,7482,2023,Araguaia
150034,ÁGUA AZUL DO NORTE,4281,7365,2022,Araguaia
150034,ÁGUA AZUL DO NORTE,3875,6861,2021,Araguaia
150034,ÁGUA AZUL DO NORTE,3679,6544,2020,Araguaia
150034,ÁGUA AZUL DO NORTE,3767,6780,2019,Araguaia
150034,ÁGUA AZUL DO NORTE,3781,6971,2018,Araguaia
150034,ÁGUA AZUL DO NORTE,3868,7255,2017,Araguaia
150034,ÁGUA AZUL DO NORTE,3791,7608,2016,Araguaia
150034,ÁGUA AZUL DO NORTE,3758,8018,2015,Araguaia
150034,ÁGUA AZUL DO NORTE,3901,8488,2014,Araguaia
150034,ÁGUA AZUL DO NORTE,3444,8456,2013,Araguaia
150034,ÁGUA AZUL DO NORTE,3337,9078,2012,Araguaia
150040,ALENQUER,19975,21316,2012,Baixo Amazonas
150040,ALENQUER,20893,21510,2013,Baixo Amazonas
150040,ALENQUER,21665,21884,2014,Baixo Amazonas
150040,ALENQUER,20385,20823,2015,Baixo Amazonas
150040,ALENQUER,20010,19735,2016,Baixo Amazonas
150040,ALENQUER,19934,19495,2017,Baixo Amazonas
150040,ALENQUER,20433,20238,2018,Baixo Amazonas
150040,ALENQUER,21436,21464,2019,Baixo Amazonas
150040,ALENQUER,21156,21167,2020,Baixo Amazonas
150040,ALENQUER,21471,21833,2021,Baixo Amazonas
150040,ALENQUER,23278,23078,2022,Baixo Amazonas
150040,ALENQUER,24573,23424,2023,Baixo Amazonas
150040,ALENQUER,24201,22233,2024,Baixo Amazonas
150040,ALENQUER,24406,22470,2025,Baixo Amazonas
150050,ALMEIRIM,6381,15515,2012,Baixo Amazonas
150050,ALMEIRIM,8461,14536,2013,Baixo Amazonas
150050,ALMEIRIM,8970,14828,2014,Baixo Amazonas
150050,ALMEIRIM,8723,13604,2015,Baixo Amazonas
150050,ALMEIRIM,8784,13248,2016,Baixo Amazonas
150050,ALMEIRIM,9223,14222,2017,Baixo Amazonas
150050,ALMEIRIM,9207,14635,2018,Baixo Amazonas
150050,ALMEIRIM,9669,14974,2019,Baixo Amazonas
150050,ALMEIRIM,9552,14581,2020,Baixo Amazonas
150050,ALMEIRIM,9949,15014,2021,Baixo Amazonas
150050,ALMEIRIM,10543,15909,2022,Baixo Amazonas
150050,ALMEIRIM,10471,16138,2023,Baixo Amazonas
150050,ALMEIRIM,9797,15979,2024,Baixo Amazonas
150050,ALMEIRIM,9187,15890,2025,Baixo Amazonas
150060,ALTAMIRA,18007,58432,2025,Xingu
150060,ALTAMIRA,16978,58433,2024,Xingu
150060,ALTAMIRA,16219,59398,2023,Xingu
150060,ALTAMIRA,15383,55772,2022,Xingu
150060,ALTAMIRA,13317,48822,2021,Xingu
150060,ALTAMIRA,12727,46724,2020,Xingu
150060,ALTAMIRA,12794,47429,2019,Xingu
150060,ALTAMIRA,11772,44068,2018,Xingu
150060,ALTAMIRA,10991,44683,2017,Xingu
150060,ALTAMIRA,9927,44905,2016,Xingu
150060,ALTAMIRA,9156,45391,2015,Xingu
150060,ALTAMIRA,9113,49115,2014,Xingu
150060,ALTAMIRA,7034,42426,2013,Xingu
150060,ALTAMIRA,6452,38666,2012,Xingu
150070,ANAJÁS,19941,10670,2025,Marajó
150070,ANAJÁS,20176,10797,2024,Marajó
150070,ANAJÁS,20279,10892,2023,Marajó
150070,ANAJÁS,19500,10843,2022,Marajó
150070,ANAJÁS,17893,9526,2021,Marajó
150070,ANAJÁS,16674,8571,2020,Marajó
150070,ANAJÁS,16610,8686,2019,Marajó
150070,ANAJÁS,16215,8613,2018,Marajó
150070,ANAJÁS,16052,8815,2017,Marajó
150070,ANAJÁS,15795,8680,2016,Marajó
150070,ANAJÁS,15324,8956,2015,Marajó
150070,ANAJÁS,14996,9515,2014,Marajó
150070,ANAJÁS,10696,11938,2013,Marajó
150070,ANAJÁS,4607,17113,2012,Marajó
150080,ANANINDEUA,860,236159,2025,Guajará
150080,ANANINDEUA,763,234857,2024,Guajará
150080,ANANINDEUA,759,249692,2023,Guajará
150080,ANANINDEUA,796,241088,2022,Guajará
150080,ANANINDEUA,687,216035,2021,Guajará
150080,ANANINDEUA,664,203189,2020,Guajará
150080,ANANINDEUA,752,213182,2019,Guajará
150080,ANANINDEUA,775,194037,2018,Guajará
150080,ANANINDEUA,1039,200268,2017,Guajará
150080,ANANINDEUA,1138,192922,2016,Guajará
150080,ANANINDEUA,1005,181593,2015,Guajará
150080,ANANINDEUA,1317,181361,2014,Guajará
150080,ANANINDEUA,1385,162217,2013,Guajará
150080,ANANINDEUA,1440,154323,2012,Guajará
150085,ANAPU,5027,11174,2012,Xingu
150085,ANAPU,8082,9868,2013,Xingu
150085,ANAPU,8393,9775,2014,Xingu
150085,ANAPU,8572,9646,2015,Xingu
150085,ANAPU,9182,9549,2016,Xingu
150085,ANAPU,9536,9907,2017,Xingu
150085,ANAPU,9982,10407,2018,Xingu
150085,ANAPU,11111,11074,2019,Xingu
150085,ANAPU,11346,11100,2020,Xingu
150085,ANAPU,12279,11503,2021,Xingu
150085,ANAPU,13317,13637,2022,Xingu
150085,ANAPU,14517,14509,2023,Xingu
150085,ANAPU,13981,13429,2024,Xingu
150085,ANAPU,14330,13148,2025,Xingu
150090,AUGUSTO CORRÊA,21447,14718,2012,Rio Caeté
150090,AUGUSTO CORRÊA,25274,13004,2013,Rio Caeté
150090,AUGUSTO CORRÊA,26337,13288,2014,Rio Caeté
150090,AUGUSTO CORRÊA,25658,12899,2015,Rio Caeté
150090,AUGUSTO CORRÊA,26186,13027,2016,Rio Caeté
150090,AUGUSTO CORRÊA,25983,12678,2017,Rio Caeté
150090,AUGUSTO CORRÊA,25251,11826,2018,Rio Caeté
150090,AUGUSTO CORRÊA,25339,11580,2019,Rio Caeté
150090,AUGUSTO CORRÊA,24969,11119,2020,Rio Caeté
150090,AUGUSTO CORRÊA,25624,11305,2021,Rio Caeté
150090,AUGUSTO CORRÊA,27397,12554,2022,Rio Caeté
150090,AUGUSTO CORRÊA,27955,12691,2023,Rio Caeté
150090,AUGUSTO CORRÊA,26755,12092,2024,Rio Caeté
150090,AUGUSTO CORRÊA,26367,11784,2025,Rio Caeté
150095,AURORA DO PARÁ,12699,6612,2025,Rio Capim
150095,AURORA DO PARÁ,12638,6574,2024,Rio Capim
150095,AURORA DO PARÁ,13098,6910,2023,Rio Capim
150095,AURORA DO PARÁ,12690,6835,2022,Rio Capim
150095,AURORA DO PARÁ,11419,6024,2021,Rio Capim
150095,AURORA DO PARÁ,10992,5375,2020,Rio Capim
150095,AURORA DO PARÁ,11162,5543,2019,Rio Capim
150095,AURORA DO PARÁ,11066,5594,2018,Rio Capim
150095,AURORA DO PARÁ,11336,5861,2017,Rio Capim
150095,AURORA DO PARÁ,11221,5943,2016,Rio Capim
150095,AURORA DO PARÁ,11255,6069,2015,Rio Capim
150095,AURORA DO PARÁ,11875,6358,2014,Rio Capim
150095,AURORA DO PARÁ,11337,6364,2013,Rio Capim
150095,AURORA DO PARÁ,10463,6498,2012,Rio Capim
150100,AVEIRO,5304,7209,2012,Tapajós
150100,AVEIRO,7626,5303,2013,Tapajós
150100,AVEIRO,8780,4502,2014,Tapajós
150100,AVEIRO,8178,4098,2015,Tapajós
150100,AVEIRO,8238,3615,2016,Tapajós
150100,AVEIRO,8221,3163,2017,Tapajós
150100,AVEIRO,7974,2601,2018,Tapajós
150100,AVEIRO,7896,2328,2019,Tapajós
150100,AVEIRO,7617,2146,2020,Tapajós
150100,AVEIRO,8100,2148,2021,Tapajós
150100,AVEIRO,9011,2220,2022,Tapajós
150100,AVEIRO,9361,2410,2023,Tapajós
150100,AVEIRO,9584,2453,2024,Tapajós
150100,AVEIRO,9819,2555,2025,Tapajós
150110,BAGRE,12253,9493,2025,Marajó
150110,BAGRE,11644,9006,2024,Marajó
150110,BAGRE,11228,8507,2023,Marajó
150110,BAGRE,11064,8433,2022,Marajó
150110,BAGRE,10335,7597,2021,Marajó
150110,BAGRE,10410,7554,2020,Marajó
150110,BAGRE,10600,7765,2019,Marajó
150110,BAGRE,10164,7552,2018,Marajó
150110,BAGRE,9856,7501,2017,Marajó
150110,BAGRE,9612,7434,2016,Marajó
150110,BAGRE,8987,7350,2015,Marajó
150110,BAGRE,8313,7931,2014,Marajó
150110,BAGRE,6874,8187,2013,Marajó
150110,BAGRE,7044,8240,2012,Marajó
150120,BAIÃO,7205,15186,2012,Tocantins
150120,BAIÃO,10003,13226,2013,Tocantins
150120,BAIÃO,10918,12927,2014,Tocantins
150120,BAIÃO,11177,12417,2015,Tocantins
150120,BAIÃO,11869,11922,2016,Tocantins
150120,BAIÃO,12466,11671,2017,Tocantins
150120,BAIÃO,13170,11251,2018,Tocantins
150120,BAIÃO,14052,11204,2019,Tocantins
150120,BAIÃO,14106,11114,2020,Tocantins
150120,BAIÃO,14368,11394,2021,Tocantins
150120,BAIÃO,15163,11429,2022,Tocantins
150120,BAIÃO,15511,11463,2023,Tocantins
150120,BAIÃO,15690,11158,2024,Tocantins
150120,BAIÃO,16450,11571,2025,Tocantins
150125,BANNACH,1447,1376,2025,Araguaia
150125,BANNACH,1373,1337,2024,Araguaia
150125,BANNACH,1474,1303,2023,Araguaia
150125,BANNACH,1358,1182,2022,Araguaia
150125,BANNACH,1053,985,2021,Araguaia
150125,BANNACH,1034,953,2020,Araguaia
150125,BANNACH,1072,965,2019,Araguaia
150125,BANNACH,1038,997,2018,Araguaia
150125,BANNACH,963,1104,2017,Araguaia
150125,BANNACH,899,1068,2016,Araguaia
150125,BANNACH,996,1181,2015,Araguaia
150125,BANNACH,1180,1363,2014,Araguaia
150125,BANNACH,1088,1391,2013,Araguaia
150125,BANNACH,1095,1365,2012,Araguaia
150130,BARCARENA,22966,60209,2025,Tocantins
150130,BARCARENA,22886,58963,2024,Tocantins
150130,BARCARENA,23223,58832,2023,Tocantins
150130,BARCARENA,22337,53925,2022,Tocantins
150130,BARCARENA,21191,45771,2021,Tocantins
150130,BARCARENA,20612,43161,2020,Tocantins
150130,BARCARENA,21195,44818,2019,Tocantins
150130,BARCARENA,20835,45301,2018,Tocantins
150130,BARCARENA,20539,46303,2017,Tocantins
150130,BARCARENA,20158,46666,2016,Tocantins
150130,BARCARENA,19633,46620,2015,Tocantins
150130,BARCARENA,20088,48104,2014,Tocantins
150130,BARCARENA,18988,44193,2013,Tocantins
150130,BARCARENA,17121,39175,2012,Tocantins
150140,BELÉM,6113,663998,2025,Guajará
150140,BELÉM,5686,686120,2024,Guajará
150140,BELÉM,5880,740725,2023,Guajará
150140,BELÉM,5462,713344,2022,Guajará
150140,BELÉM,5109,630426,2021,Guajará
150140,BELÉM,4900,589725,2020,Guajará
150140,BELÉM,4935,574394,2019,Guajará
150140,BELÉM,4727,513756,2018,Guajará
150140,BELÉM,3947,484367,2017,Guajará
150140,BELÉM,3936,451765,2016,Guajará
150140,BELÉM,3846,440015,2015,Guajará
150140,BELÉM,4540,468167,2014,Guajará
150140,BELÉM,4186,422389,2013,Guajará
150140,BELÉM,4043,399132,2012,Guajará
150145,BELTERRA,8080,7379,2025,Baixo Amazonas
150145,BELTERRA,8074,7215,2024,Baixo Amazonas
150145,BELTERRA,8186,7027,2023,Baixo Amazonas
150145,BELTERRA,7955,6650,2022,Baixo Amazonas
150145,BELTERRA,7600,6207,2021,Baixo Amazonas
150145,BELTERRA,7416,5730,2020,Baixo Amazonas
150145,BELTERRA,7559,5818,2019,Baixo Amazonas
150145,BELTERRA,7798,5729,2018,Baixo Amazonas
150145,BELTERRA,8167,5917,2017,Baixo Amazonas
150145,BELTERRA,8262,5824,2016,Baixo Amazonas
150145,BELTERRA,8079,6341,2015,Baixo Amazonas
150145,BELTERRA,8390,7134,2014,Baixo Amazonas
150145,BELTERRA,8124,7274,2013,Baixo Amazonas
150145,BELTERRA,5339,9668,2012,Baixo Amazonas
150150,BENEVIDES,1711,25623,2012,Guajará
150150,BENEVIDES,1752,29011,2013,Guajará
150150,BENEVIDES,2022,32960,2014,Guajará
150150,BENEVIDES,1940,34256,2015,Guajará
150150,BENEVIDES,1930,34105,2016,Guajará
150150,BENEVIDES,1729,35427,2017,Guajará
150150,BENEVIDES,1458,37456,2018,Guajará
150150,BENEVIDES,1782,39756,2019,Guajará
150150,BENEVIDES,1741,39248,2020,Guajará
150150,BENEVIDES,1714,42277,2021,Guajará
150150,BENEVIDES,1602,47349,2022,Guajará
150150,BENEVIDES,1629,49522,2023,Guajará
150150,BENEVIDES,1477,48842,2024,Guajará
150150,BENEVIDES,1294,47154,2025,Guajará
150157,BOM JESUS DO TOCANTINS,2041,6518,2012,Carajás
150157,BOM JESUS DO TOCANTINS,2875,6153,2013,Carajás
150157,BOM JESUS DO TOCANTINS,3432,6114,2014,Carajás
150157,BOM JESUS DO TOCANTINS,3408,5947,2015,Carajás
150157,BOM JESUS DO TOCANTINS,3471,5519,2016,Carajás
150157,BOM JESUS DO TOCANTINS,3608,5622,2017,Carajás
150157,BOM JESUS DO TOCANTINS,3600,5553,2018,Carajás
150157,BOM JESUS DO TOCANTINS,3731,5909,2019,Carajás
150157,BOM JESUS DO TOCANTINS,3633,5868,2020,Carajás
150157,BOM JESUS DO TOCANTINS,4082,6144,2021,Carajás
150157,BOM JESUS DO TOCANTINS,4450,6542,2022,Carajás
150157,BOM JESUS DO TOCANTINS,4485,6652,2023,Carajás
150157,BOM JESUS DO TOCANTINS,4538,6662,2024,Carajás
150157,BOM JESUS DO TOCANTINS,4588,6729,2025,Carajás
150160,BONITO,5838,2992,2012,Rio Caeté
150160,BONITO,6183,3297,2013,Rio Caeté
150160,BONITO,6363,3648,2014,Rio Caeté
150160,BONITO,6069,3833,2015,Rio Caeté
150160,BONITO,5827,3867,2016,Rio Caeté
150160,BONITO,5529,3798,2017,Rio Caeté
150160,BONITO,5388,3574,2018,Rio Caeté
150160,BONITO,5407,3610,2019,Rio Caeté
150160,BONITO,5284,3473,2020,Rio Caeté
150160,BONITO,5545,3800,2021,Rio Caeté
150160,BONITO,6431,4239,2022,Rio Caeté
150160,BONITO,6583,4310,2023,Rio Caeté
150160,BONITO,6389,4135,2024,Rio Caeté
150160,BONITO,6236,3985,2025,Rio Caeté
150170,BRAGANÇA,42676,48134,2025,Rio Caeté
150170,BRAGANÇA,42549,47375,2024,Rio Caeté
150170,BRAGANÇA,43546,48228,2023,Rio Caeté
150170,BRAGANÇA,43011,47243,2022,Rio Caeté
150170,BRAGANÇA,39672,42550,2021,Rio Caeté
150170,BRAGANÇA,38521,40944,2020,Rio Caeté
150170,BRAGANÇA,39087,42118,2019,Rio Caeté
150170,BRAGANÇA,38044,41476,2018,Rio Caeté
150170,BRAGANÇA,38391,42505,2017,Rio Caeté
150170,BRAGANÇA,38665,39874,2016,Rio Caeté
150170,BRAGANÇA,38778,41304,2015,Rio Caeté
150170,BRAGANÇA,40455,43640,2014,Rio Caeté
150170,BRAGANÇA,38490,42647,2013,Rio Caeté
150170,BRAGANÇA,34725,43481,2012,Rio Caeté
150172,BRASIL NOVO,4250,5704,2012,Xingu
150172,BRASIL NOVO,4435,5908,2013,Xingu
150172,BRASIL NOVO,4766,6279,2014,Xingu
150172,BRASIL NOVO,4420,6071,2015,Xingu
150172,BRASIL NOVO,4196,5900,2016,Xingu
150172,BRASIL NOVO,4450,6682,2017,Xingu
150172,BRASIL NOVO,4928,7430,2018,Xingu
150172,BRASIL NOVO,5377,7870,2019,Xingu
150172,BRASIL NOVO,5367,7988,2020,Xingu
150172,BRASIL NOVO,5756,8598,2021,Xingu
150172,BRASIL NOVO,6444,9528,2022,Xingu
150172,BRASIL NOVO,6591,9738,2023,Xingu
150172,BRASIL NOVO,6359,9045,2024,Xingu
150172,BRASIL NOVO,6397,8766,2025,Xingu
150175,BREJO GRANDE DO ARAGUAIA,3505,2623,2025,Carajás
150175,BREJO GRANDE DO ARAGUAIA,3476,2709,2024,Carajás
150175,BREJO GRANDE DO ARAGUAIA,3547,2819,2023,Carajás
150175,BREJO GRANDE DO ARAGUAIA,3301,2665,2022,Carajás
150175,BREJO GRANDE DO ARAGUAIA,2978,2370,2021,Carajás
150175,BREJO GRANDE DO ARAGUAIA,2811,2237,2020,Carajás
150175,BREJO GRANDE DO ARAGUAIA,2807,2308,2019,Carajás
150175,BREJO GRANDE DO ARAGUAIA,2728,2498,2018,Carajás
150175,BREJO GRANDE DO ARAGUAIA,2587,2875,2017,Carajás
150175,BREJO GRANDE DO ARAGUAIA,2594,3044,2016,Carajás
150175,BREJO GRANDE DO ARAGUAIA,2626,3290,2015,Carajás
150175,BREJO GRANDE DO ARAGUAIA,2738,3715,2014,Carajás
150175,BREJO GRANDE DO ARAGUAIA,2488,3841,2013,Carajás
150175,BREJO GRANDE DO ARAGUAIA,1452,4579,2012,Carajás
150178,BREU BRANCO,9686,23702,2012,Lago Tucuruí
150178,BREU BRANCO,10564,23156,2013,Lago Tucuruí
150178,BREU BRANCO,11615,22339,2014,Lago Tucuruí
150178,BREU BRANCO,11110,20386,2015,Lago Tucuruí
150178,BREU BRANCO,11131,18920,2016,Lago Tucuruí
150178,BREU BRANCO,11093,18137,2017,Lago Tucuruí
150178,BREU BRANCO,11021,17288,2018,Lago Tucuruí
150178,BREU BRANCO,11351,17295,2019,Lago Tucuruí
150178,BREU BRANCO,11014,16822,2020,Lago Tucuruí
150178,BREU BRANCO,11539,17359,2021,Lago Tucuruí
150178,BREU BRANCO,13539,19351,2022,Lago Tucuruí
150178,BREU BRANCO,14002,20003,2023,Lago Tucuruí
150178,BREU BRANCO,13941,19639,2024,Lago Tucuruí
150178,BREU BRANCO,14003,20172,2025,Lago Tucuruí
150180,BREVES,53634,36745,2022,Marajó
150180,BREVES,30504,35078,2012,Marajó
150180,BREVES,35580,35532,2013,Marajó
150180,BREVES,38841,36194,2014,Marajó
150180,BREVES,39883,32694,2015,Marajó
150180,BREVES,41614,32077,2016,Marajó
150180,BREVES,44100,32676,2017,Marajó
150180,BREVES,43979,32272,2018,Marajó
150180,BREVES,46329,33114,2019,Marajó
150180,BREVES,46332,32848,2020,Marajó
150180,BREVES,47060,33064,2021,Marajó
150180,BREVES,55475,37760,2023,Marajó
150180,BREVES,54581,36322,2024,Marajó
150180,BREVES,54620,36781,2025,Marajó
150190,BUJARU,15876,7332,2025,Rio Capim
150190,BUJARU,15649,7592,2024,Rio Capim
150190,BUJARU,15892,8122,2023,Rio Capim
150190,BUJARU,15317,8121,2022,Rio Capim
150190,BUJARU,14616,8147,2021,Rio Capim
150190,BUJARU,14227,7987,2020,Rio Capim
150190,BUJARU,14599,8271,2019,Rio Capim
150190,BUJARU,14481,8582,2018,Rio Capim
150190,BUJARU,14472,9291,2017,Rio Capim
150190,BUJARU,14287,9590,2016,Rio Capim
150190,BUJARU,13491,10015,2015,Rio Capim
150190,BUJARU,13488,10094,2014,Rio Capim
150190,BUJARU,13024,9901,2013,Rio Capim
150190,BUJARU,12153,9741,2012,Rio Capim
150195,CACHOEIRA DO PIRIÁ,10095,4640,2012,Rio Caeté
150195,CACHOEIRA DO PIRIÁ,10841,5321,2013,Rio Caeté
150195,CACHOEIRA DO PIRIÁ,11600,5456,2014,Rio Caeté
150195,CACHOEIRA DO PIRIÁ,11812,5213,2015,Rio Caeté
150195,CACHOEIRA DO PIRIÁ,11944,5242,2016,Rio Caeté
150195,CACHOEIRA DO PIRIÁ,12235,5305,2017,Rio Caeté
150195,CACHOEIRA DO PIRIÁ,12123,5107,2018,Rio Caeté
150195,CACHOEIRA DO PIRIÁ,11944,4926,2019,Rio Caeté
150195,CACHOEIRA DO PIRIÁ,11456,4717,2020,Rio Caeté
150195,CACHOEIRA DO PIRIÁ,11940,5036,2021,Rio Caeté
150195,CACHOEIRA DO PIRIÁ,12300,5181,2022,Rio Caeté
150195,CACHOEIRA DO PIRIÁ,12346,5256,2023,Rio Caeté
150195,CACHOEIRA DO PIRIÁ,11826,4975,2024,Rio Caeté
150195,CACHOEIRA DO PIRIÁ,11405,4867,2025,Rio Caeté
150200,CACHOEIRA DO ARARI,6811,6649,2012,Marajó
150200,CACHOEIRA DO ARARI,9004,7285,2013,Marajó
150200,CACHOEIRA DO ARARI,9728,7359,2014,Marajó
150200,CACHOEIRA DO ARARI,9564,7159,2015,Marajó
150200,CACHOEIRA DO ARARI,9588,7090,2016,Marajó
150200,CACHOEIRA DO ARARI,9679,6999,2017,Marajó
150200,CACHOEIRA DO ARARI,9301,6959,2018,Marajó
150200,CACHOEIRA DO ARARI,9964,7229,2019,Marajó
150200,CACHOEIRA DO ARARI,9931,7200,2020,Marajó
150200,CACHOEIRA DO ARARI,10239,7454,2021,Marajó
150200,CACHOEIRA DO ARARI,10589,7592,2022,Marajó
150200,CACHOEIRA DO ARARI,10966,7674,2023,Marajó
150200,CACHOEIRA DO ARARI,10904,7468,2024,Marajó
150200,CACHOEIRA DO ARARI,11082,7411,2025,Marajó
150210,CAMETÁ,72642,37293,2025,Tocantins
150210,CAMETÁ,70583,37055,2024,Tocantins
150210,CAMETÁ,70037,38130,2023,Tocantins
150210,CAMETÁ,67540,37572,2022,Tocantins
150210,CAMETÁ,60570,34530,2021,Tocantins
150210,CAMETÁ,57740,32716,2020,Tocantins
150210,CAMETÁ,58707,32788,2019,Tocantins
150210,CAMETÁ,57250,31187,2018,Tocantins
150210,CAMETÁ,59440,32127,2017,Tocantins
150210,CAMETÁ,60265,32489,2016,Tocantins
150210,CAMETÁ,58570,34298,2015,Tocantins
150210,CAMETÁ,52578,38588,2014,Tocantins
150210,CAMETÁ,36698,48288,2013,Tocantins
150210,CAMETÁ,18332,63408,2012,Tocantins
150215,CANAÃ DOS CARAJÁS,13083,41054,2025,Carajás
150215,CANAÃ DOS CARAJÁS,10990,37006,2024,Carajás
150215,CANAÃ DOS CARAJÁS,9027,30560,2023,Carajás
150215,CANAÃ DOS CARAJÁS,7754,25377,2022,Carajás
150215,CANAÃ DOS CARAJÁS,6476,19501,2021,Carajás
150215,CANAÃ DOS CARAJÁS,5832,15711,2020,Carajás
150215,CANAÃ DOS CARAJÁS,5868,15903,2019,Carajás
150215,CANAÃ DOS CARAJÁS,4456,16045,2018,Carajás
150215,CANAÃ DOS CARAJÁS,4743,18016,2017,Carajás
150215,CANAÃ DOS CARAJÁS,4297,18744,2016,Carajás
150215,CANAÃ DOS CARAJÁS,3871,17765,2015,Carajás
150215,CANAÃ DOS CARAJÁS,4157,17200,2014,Carajás
150215,CANAÃ DOS CARAJÁS,3855,14917,2013,Carajás
150215,CANAÃ DOS CARAJÁS,3325,12531,2012,Carajás
150220,CAPANEMA,10491,32275,2025,Rio Caeté
150220,CAPANEMA,10564,32219,2024,Rio Caeté
150220,CAPANEMA,10898,32225,2023,Rio Caeté
150220,CAPANEMA,10402,30159,2022,Rio Caeté
150220,CAPANEMA,9662,27145,2021,Rio Caeté
150220,CAPANEMA,9387,25683,2020,Rio Caeté
150220,CAPANEMA,9545,25512,2019,Rio Caeté
150220,CAPANEMA,9448,24188,2018,Rio Caeté
150220,CAPANEMA,9408,23863,2017,Rio Caeté
150220,CAPANEMA,9594,25821,2016,Rio Caeté
150220,CAPANEMA,9901,27972,2015,Rio Caeté
150220,CAPANEMA,10478,30222,2014,Rio Caeté
150220,CAPANEMA,10495,29767,2013,Rio Caeté
150220,CAPANEMA,10374,28702,2012,Rio Caeté
150230,CAPITÃO POÇO,21117,22626,2025,Rio Capim
150230,CAPITÃO POÇO,21571,22280,2024,Rio Capim
150230,CAPITÃO POÇO,21521,21694,2023,Rio Capim
150230,CAPITÃO POÇO,20901,20394,2022,Rio Capim
150230,CAPITÃO POÇO,19328,18179,2021,Rio Capim
150230,CAPITÃO POÇO,18229,16609,2020,Rio Capim
150230,CAPITÃO POÇO,18557,17019,2019,Rio Capim
150230,CAPITÃO POÇO,18676,16508,2018,Rio Capim
150230,CAPITÃO POÇO,19712,17062,2017,Rio Capim
150230,CAPITÃO POÇO,19902,16341,2016,Rio Capim
150230,CAPITÃO POÇO,20808,16035,2015,Rio Capim
150230,CAPITÃO POÇO,21682,16619,2014,Rio Capim
150230,CAPITÃO POÇO,21644,16611,2013,Rio Capim
150230,CAPITÃO POÇO,21110,16037,2012,Rio Capim
150240,CASTANHAL,11622,81653,2012,Guamá
150240,CASTANHAL,13085,89401,2013,Guamá
150240,CASTANHAL,13494,95074,2014,Guamá
150240,CASTANHAL,12627,93036,2015,Guamá
150240,CASTANHAL,12546,88868,2016,Guamá
150240,CASTANHAL,12361,83778,2017,Guamá
150240,CASTANHAL,11247,76078,2018,Guamá
150240,CASTANHAL,11934,78379,2019,Guamá
150240,CASTANHAL,11672,76904,2020,Guamá
150240,CASTANHAL,12399,83225,2021,Guamá
150240,CASTANHAL,13950,95681,2022,Guamá
150240,CASTANHAL,14364,99453,2023,Guamá
150240,CASTANHAL,14123,96383,2024,Guamá
150240,CASTANHAL,14005,95519,2025,Guamá
150250,CHAVES,5540,7165,2012,Marajó
150250,CHAVES,11711,4112,2013,Marajó
150250,CHAVES,13456,3511,2014,Marajó
150250,CHAVES,13586,3243,2015,Marajó
150250,CHAVES,13763,2810,2016,Marajó
150250,CHAVES,14231,2853,2017,Marajó
150250,CHAVES,13483,2612,2018,Marajó
150250,CHAVES,13640,2644,2019,Marajó
150250,CHAVES,13493,2571,2020,Marajó
150250,CHAVES,13685,2744,2021,Marajó
150250,CHAVES,14222,3202,2022,Marajó
150250,CHAVES,14680,3473,2023,Marajó
150250,CHAVES,14635,3815,2024,Marajó
150250,CHAVES,14618,3995,2025,Marajó
150260,COLARES,5131,2705,2012,Guamá
150260,COLARES,891,6944,2013,Guamá
150260,COLARES,682,8049,2014,Guamá
150260,COLARES,258,7911,2015,Guamá
150260,COLARES,143,7748,2016,Guamá
150260,COLARES,192,8021,2017,Guamá
150260,COLARES,210,8367,2018,Guamá
150260,COLARES,814,8302,2019,Guamá
150260,COLARES,1063,7823,2020,Guamá
150260,COLARES,1371,7322,2021,Guamá
150260,COLARES,4018,5542,2022,Guamá
150260,COLARES,4016,5967,2023,Guamá
150260,COLARES,3377,7085,2024,Guamá
150260,COLARES,2316,8278,2025,Guamá
150270,CONCEIÇÃO DO ARAGUAIA,10259,18651,2025,Araguaia
150270,CONCEIÇÃO DO ARAGUAIA,9803,18544,2024,Araguaia
150270,CONCEIÇÃO DO ARAGUAIA,9728,19321,2023,Araguaia
150270,CONCEIÇÃO DO ARAGUAIA,9685,18800,2022,Araguaia
150270,CONCEIÇÃO DO ARAGUAIA,9016,17752,2021,Araguaia
150270,CONCEIÇÃO DO ARAGUAIA,8377,16816,2020,Araguaia
150270,CONCEIÇÃO DO ARAGUAIA,8558,16846,2019,Araguaia
150270,CONCEIÇÃO DO ARAGUAIA,8426,15845,2018,Araguaia
150270,CONCEIÇÃO DO ARAGUAIA,7889,16020,2017,Araguaia
150270,CONCEIÇÃO DO ARAGUAIA,8455,16307,2016,Araguaia
150270,CONCEIÇÃO DO ARAGUAIA,8656,17872,2015,Araguaia
150270,CONCEIÇÃO DO ARAGUAIA,9563,20035,2014,Araguaia
150270,CONCEIÇÃO DO ARAGUAIA,9379,19782,2013,Araguaia
150270,CONCEIÇÃO DO ARAGUAIA,8942,19152,2012,Araguaia
150275,CONCÓRDIA DO PARÁ,10041,9958,2012,Rio Capim
150275,CONCÓRDIA DO PARÁ,10462,10571,2013,Rio Capim
150275,CONCÓRDIA DO PARÁ,10888,11139,2014,Rio Capim
150275,CONCÓRDIA DO PARÁ,10579,10792,2015,Rio Capim
150275,CONCÓRDIA DO PARÁ,10523,10732,2016,Rio Capim
150275,CONCÓRDIA DO PARÁ,10597,10599,2017,Rio Capim
150275,CONCÓRDIA DO PARÁ,10791,10740,2018,Rio Capim
150275,CONCÓRDIA DO PARÁ,10991,11021,2019,Rio Capim
150275,CONCÓRDIA DO PARÁ,10902,11098,2020,Rio Capim
150275,CONCÓRDIA DO PARÁ,10868,11222,2021,Rio Capim
150275,CONCÓRDIA DO PARÁ,11712,12445,2022,Rio Capim
150275,CONCÓRDIA DO PARÁ,12035,12856,2023,Rio Capim
150275,CONCÓRDIA DO PARÁ,12035,12646,2024,Rio Capim
150275,CONCÓRDIA DO PARÁ,11788,12479,2025,Rio Capim
150276,CUMARU DO NORTE,3741,4208,2025,Araguaia
150276,CUMARU DO NORTE,3444,4237,2024,Araguaia
150276,CUMARU DO NORTE,3582,4051,2023,Araguaia
150276,CUMARU DO NORTE,3426,3637,2022,Araguaia
150276,CUMARU DO NORTE,3293,3210,2021,Araguaia
150276,CUMARU DO NORTE,3190,3001,2020,Araguaia
150276,CUMARU DO NORTE,3194,3029,2019,Araguaia
150276,CUMARU DO NORTE,3345,2831,2018,Araguaia
150276,CUMARU DO NORTE,3586,2848,2017,Araguaia
150276,CUMARU DO NORTE,3621,2740,2016,Araguaia
150276,CUMARU DO NORTE,3660,2726,2015,Araguaia
150276,CUMARU DO NORTE,3619,2933,2014,Araguaia
150276,CUMARU DO NORTE,3450,2880,2013,Araguaia
150276,CUMARU DO NORTE,2910,3252,2012,Araguaia
150277,CURIONÓPOLIS,4014,11465,2025,Carajás
150277,CURIONÓPOLIS,3880,11211,2024,Carajás
150277,CURIONÓPOLIS,4153,11595,2023,Carajás
150277,CURIONÓPOLIS,4087,11062,2022,Carajás
150277,CURIONÓPOLIS,3492,10293,2021,Carajás
150277,CURIONÓPOLIS,3507,9987,2020,Carajás
150277,CURIONÓPOLIS,3677,10191,2019,Carajás
150277,CURIONÓPOLIS,3647,10032,2018,Carajás
150277,CURIONÓPOLIS,3332,10742,2017,Carajás
150277,CURIONÓPOLIS,2888,11547,2016,Carajás
150277,CURIONÓPOLIS,2857,12180,2015,Carajás
150277,CURIONÓPOLIS,2975,12984,2014,Carajás
150277,CURIONÓPOLIS,2909,13073,2013,Carajás
150277,CURIONÓPOLIS,2522,13326,2012,Carajás
150280,CURRALINHO,15564,8940,2012,Marajó
150280,CURRALINHO,16361,8940,2013,Marajó
150280,CURRALINHO,17448,9005,2014,Marajó
150280,CURRALINHO,17430,8481,2015,Marajó
150280,CURRALINHO,17664,8343,2016,Marajó
150280,CURRALINHO,18094,8416,2017,Marajó
150280,CURRALINHO,18210,8286,2018,Marajó
150280,CURRALINHO,18831,8700,2019,Marajó
150280,CURRALINHO,18830,8724,2020,Marajó
150280,CURRALINHO,19419,9074,2021,Marajó
150280,CURRALINHO,19668,9742,2022,Marajó
150280,CURRALINHO,20237,10218,2023,Marajó
150280,CURRALINHO,20651,10489,2024,Marajó
150280,CURRALINHO,21028,10867,2025,Marajó
150285,CURUÁ,5328,4889,2012,Baixo Amazonas
150285,CURUÁ,5483,5152,2013,Baixo Amazonas
150285,CURUÁ,5408,5419,2014,Baixo Amazonas
150285,CURUÁ,5506,5441,2015,Baixo Amazonas
150285,CURUÁ,5663,5768,2016,Baixo Amazonas
150285,CURUÁ,5780,5800,2017,Baixo Amazonas
150285,CURUÁ,5578,5818,2018,Baixo Amazonas
150285,CURUÁ,5686,5951,2019,Baixo Amazonas
150285,CURUÁ,5568,5847,2020,Baixo Amazonas
150285,CURUÁ,5759,6074,2021,Baixo Amazonas
150285,CURUÁ,6088,6597,2022,Baixo Amazonas
150285,CURUÁ,6288,6767,2023,Baixo Amazonas
150285,CURUÁ,6137,6733,2024,Baixo Amazonas
150285,CURUÁ,6278,6998,2025,Baixo Amazonas
150290,CURUÇÁ,16070,8746,2012,Guamá
150290,CURUÇÁ,17806,9175,2013,Guamá
150290,CURUÇÁ,19444,9886,2014,Guamá
150290,CURUÇÁ,18734,9552,2015,Guamá
150290,CURUÇÁ,18764,9601,2016,Guamá
150290,CURUÇÁ,19023,9903,2017,Guamá
150290,CURUÇÁ,19144,9884,2018,Guamá
150290,CURUÇÁ,19008,9970,2019,Guamá
150290,CURUÇÁ,18237,9672,2020,Guamá
150290,CURUÇÁ,19488,10191,2021,Guamá
150290,CURUÇÁ,21317,10643,2022,Guamá
150290,CURUÇÁ,22140,10589,2023,Guamá
150290,CURUÇÁ,22077,10318,2024,Guamá
150290,CURUÇÁ,21950,10655,2025,Guamá
150293,DOM ELISEU,6254,19967,2025,Rio Capim
150293,DOM ELISEU,6194,19958,2024,Rio Capim
150293,DOM ELISEU,6431,20324,2023,Rio Capim
150293,DOM ELISEU,6213,20296,2022,Rio Capim
150293,DOM ELISEU,5478,18397,2021,Rio Capim
150293,DOM ELISEU,5243,17390,2020,Rio Capim
150293,DOM ELISEU,5428,18277,2019,Rio Capim
150293,DOM ELISEU,5307,18308,2018,Rio Capim
150293,DOM ELISEU,4923,19959,2017,Rio Capim
150293,DOM ELISEU,5076,19284,2016,Rio Capim
150293,DOM ELISEU,5127,21756,2015,Rio Capim
150293,DOM ELISEU,4624,23061,2014,Rio Capim
150293,DOM ELISEU,4036,22130,2013,Rio Capim
150293,DOM ELISEU,3992,23541,2012,Rio Capim
150295,ELDORADO DO CARAJÁS,10780,12023,2025,Carajás
150295,ELDORADO DO CARAJÁS,10395,11810,2024,Carajás
150295,ELDORADO DO CARAJÁS,10839,11762,2023,Carajás
150295,ELDORADO DO CARAJÁS,10923,11373,2022,Carajás
150295,ELDORADO DO CARAJÁS,10243,10586,2021,Carajás
150295,ELDORADO DO CARAJÁS,9678,10467,2020,Carajás
150295,ELDORADO DO CARAJÁS,10373,11098,2019,Carajás
150295,ELDORADO DO CARAJÁS,10179,11148,2018,Carajás
150295,ELDORADO DO CARAJÁS,9589,11524,2017,Carajás
150295,ELDORADO DO CARAJÁS,9873,12055,2016,Carajás
150295,ELDORADO DO CARAJÁS,9612,11923,2015,Carajás
150295,ELDORADO DO CARAJÁS,8947,11245,2014,Carajás
150295,ELDORADO DO CARAJÁS,8279,11147,2013,Carajás
150295,ELDORADO DO CARAJÁS,8696,11793,2012,Carajás
150300,FARO,455,5333,2012,Baixo Amazonas
150300,FARO,1489,4853,2013,Baixo Amazonas
150300,FARO,1596,4885,2014,Baixo Amazonas
150300,FARO,1841,4568,2015,Baixo Amazonas
150300,FARO,1934,4614,2016,Baixo Amazonas
150300,FARO,1960,4618,2017,Baixo Amazonas
150300,FARO,1954,4793,2018,Baixo Amazonas
150300,FARO,2069,5083,2019,Baixo Amazonas
150300,FARO,2054,4998,2020,Baixo Amazonas
150300,FARO,2121,5142,2021,Baixo Amazonas
150300,FARO,2910,5656,2022,Baixo Amazonas
150300,FARO,2972,5700,2023,Baixo Amazonas
150300,FARO,2728,5555,2024,Baixo Amazonas
150300,FARO,2460,5542,2025,Baixo Amazonas
150304,FLORESTA DO ARAGUAIA,3844,8233,2012,Araguaia
150304,FLORESTA DO ARAGUAIA,5010,7805,2013,Araguaia
150304,FLORESTA DO ARAGUAIA,5522,7704,2014,Araguaia
150304,FLORESTA DO ARAGUAIA,5617,7392,2015,Araguaia
150304,FLORESTA DO ARAGUAIA,5707,7211,2016,Araguaia
150304,FLORESTA DO ARAGUAIA,5804,7186,2017,Araguaia
150304,FLORESTA DO ARAGUAIA,5653,6606,2018,Araguaia
150304,FLORESTA DO ARAGUAIA,5764,6629,2019,Araguaia
150304,FLORESTA DO ARAGUAIA,5531,6440,2020,Araguaia
150304,FLORESTA DO ARAGUAIA,5971,7109,2021,Araguaia
150304,FLORESTA DO ARAGUAIA,6039,7938,2022,Araguaia
150304,FLORESTA DO ARAGUAIA,5911,8496,2023,Araguaia
150304,FLORESTA DO ARAGUAIA,5479,8441,2024,Araguaia
150304,FLORESTA DO ARAGUAIA,5529,8402,2025,Araguaia
150307,GARRAFÃO DO NORTE,12036,7702,2025,Rio Capim
150307,GARRAFÃO DO NORTE,12053,7805,2024,Rio Capim
150307,GARRAFÃO DO NORTE,12436,7636,2023,Rio Capim
150307,GARRAFÃO DO NORTE,12305,7520,2022,Rio Capim
150307,GARRAFÃO DO NORTE,12236,7210,2021,Rio Capim
150307,GARRAFÃO DO NORTE,12368,7097,2020,Rio Capim
150307,GARRAFÃO DO NORTE,12646,7323,2019,Rio Capim
150307,GARRAFÃO DO NORTE,12863,7320,2018,Rio Capim
150307,GARRAFÃO DO NORTE,13317,7686,2017,Rio Capim
150307,GARRAFÃO DO NORTE,13521,7847,2016,Rio Capim
150307,GARRAFÃO DO NORTE,13503,8308,2015,Rio Capim
150307,GARRAFÃO DO NORTE,14239,8708,2014,Rio Capim
150307,GARRAFÃO DO NORTE,14088,8473,2013,Rio Capim
150307,GARRAFÃO DO NORTE,13871,8722,2012,Rio Capim
150309,GOIANÉSIA DO PARÁ,9381,10419,2025,Lago Tucuruí
150309,GOIANÉSIA DO PARÁ,9213,10929,2024,Lago Tucuruí
150309,GOIANÉSIA DO PARÁ,9024,11613,2023,Lago Tucuruí
150309,GOIANÉSIA DO PARÁ,8699,11784,2022,Lago Tucuruí
150309,GOIANÉSIA DO PARÁ,8199,11451,2021,Lago Tucuruí
150309,GOIANÉSIA DO PARÁ,7536,11009,2020,Lago Tucuruí
150309,GOIANÉSIA DO PARÁ,7843,11216,2019,Lago Tucuruí
150309,GOIANÉSIA DO PARÁ,7774,11095,2018,Lago Tucuruí
150309,GOIANÉSIA DO PARÁ,8482,11073,2017,Lago Tucuruí
150309,GOIANÉSIA DO PARÁ,8853,11480,2016,Lago Tucuruí
150309,GOIANÉSIA DO PARÁ,9106,12295,2015,Lago Tucuruí
150309,GOIANÉSIA DO PARÁ,9769,14834,2014,Lago Tucuruí
150309,GOIANÉSIA DO PARÁ,7694,15468,2013,Lago Tucuruí
150309,GOIANÉSIA DO PARÁ,5996,16091,2012,Lago Tucuruí
150310,GURUPÁ,14278,7950,2012,Marajó
150310,GURUPÁ,14835,8246,2013,Marajó
150310,GURUPÁ,16973,8804,2014,Marajó
150310,GURUPÁ,17180,8930,2015,Marajó
150310,GURUPÁ,18018,9113,2016,Marajó
150310,GURUPÁ,17789,9449,2017,Marajó
150310,GURUPÁ,18590,9565,2018,Marajó
150310,GURUPÁ,19011,9992,2019,Marajó
150310,GURUPÁ,19451,9789,2020,Marajó
150310,GURUPÁ,19887,10032,2021,Marajó
150310,GURUPÁ,20538,10185,2022,Marajó
150310,GURUPÁ,20941,10455,2023,Marajó
150310,GURUPÁ,21175,10585,2024,Marajó
150310,GURUPÁ,20929,10518,2025,Marajó
150320,IGARAPÉ-AÇU,9584,14049,2012,Guamá
150320,IGARAPÉ-AÇU,9657,13457,2013,Guamá
150320,IGARAPÉ-AÇU,9626,13568,2014,Guamá
150320,IGARAPÉ-AÇU,9666,12963,2015,Guamá
150320,IGARAPÉ-AÇU,10488,13768,2016,Guamá
150320,IGARAPÉ-AÇU,10986,14125,2017,Guamá
150320,IGARAPÉ-AÇU,11157,14158,2018,Guamá
150320,IGARAPÉ-AÇU,11361,14662,2019,Guamá
150320,IGARAPÉ-AÇU,11074,14090,2020,Guamá
150320,IGARAPÉ-AÇU,11290,14363,2021,Guamá
150320,IGARAPÉ-AÇU,11955,15329,2022,Guamá
150320,IGARAPÉ-AÇU,12393,15768,2023,Guamá
150320,IGARAPÉ-AÇU,11664,14984,2024,Guamá
150320,IGARAPÉ-AÇU,11661,15187,2025,Guamá
150330,IGARAPÉ-MIRI,22654,23242,2012,Tocantins
150330,IGARAPÉ-MIRI,28335,19508,2013,Tocantins
150330,IGARAPÉ-MIRI,29785,19554,2014,Tocantins
150330,IGARAPÉ-MIRI,28895,17942,2015,Tocantins
150330,IGARAPÉ-MIRI,29526,17464,2016,Tocantins
150330,IGARAPÉ-MIRI,29730,17352,2017,Tocantins
150330,IGARAPÉ-MIRI,28823,16224,2018,Tocantins
150330,IGARAPÉ-MIRI,29437,16172,2019,Tocantins
150330,IGARAPÉ-MIRI,28291,15637,2020,Tocantins
150330,IGARAPÉ-MIRI,28296,16596,2021,Tocantins
150330,IGARAPÉ-MIRI,31615,18455,2022,Tocantins
150330,IGARAPÉ-MIRI,33174,18594,2023,Tocantins
150330,IGARAPÉ-MIRI,34710,18490,2024,Tocantins
150330,IGARAPÉ-MIRI,35680,18279,2025,Tocantins
150340,INHANGAPI,4124,2992,2012,Guamá
150340,INHANGAPI,4658,2674,2013,Guamá
150340,INHANGAPI,5237,2822,2014,Guamá
150340,INHANGAPI,5124,2676,2015,Guamá
150340,INHANGAPI,5272,2684,2016,Guamá
150340,INHANGAPI,5367,2654,2017,Guamá
150340,INHANGAPI,5069,2524,2018,Guamá
150340,INHANGAPI,5103,2410,2019,Guamá
150340,INHANGAPI,4976,2365,2020,Guamá
150340,INHANGAPI,5044,2492,2021,Guamá
150340,INHANGAPI,5322,2601,2022,Guamá
150340,INHANGAPI,5369,2686,2023,Guamá
150340,INHANGAPI,5311,2731,2024,Guamá
150340,INHANGAPI,5322,2721,2025,Guamá
150345,IPIXUNA DO PARÁ,11541,10457,2012,Rio Capim
150345,IPIXUNA DO PARÁ,11793,10936,2013,Rio Capim
150345,IPIXUNA DO PARÁ,11636,11402,2014,Rio Capim
150345,IPIXUNA DO PARÁ,10779,11072,2015,Rio Capim
150345,IPIXUNA DO PARÁ,10777,10870,2016,Rio Capim
150345,IPIXUNA DO PARÁ,11453,11344,2017,Rio Capim
150345,IPIXUNA DO PARÁ,11818,11031,2018,Rio Capim
150345,IPIXUNA DO PARÁ,12579,11304,2019,Rio Capim
150345,IPIXUNA DO PARÁ,12781,10862,2020,Rio Capim
150345,IPIXUNA DO PARÁ,14168,10873,2021,Rio Capim
150345,IPIXUNA DO PARÁ,15845,10956,2022,Rio Capim
150345,IPIXUNA DO PARÁ,16870,10948,2023,Rio Capim
150345,IPIXUNA DO PARÁ,16648,10493,2024,Rio Capim
150345,IPIXUNA DO PARÁ,16656,10483,2025,Rio Capim
150350,IRITUIA,19153,5804,2025,Rio Capim
150350,IRITUIA,19581,5931,2024,Rio Capim
150350,IRITUIA,20140,6334,2023,Rio Capim
150350,IRITUIA,19781,6249,2022,Rio Capim
150350,IRITUIA,17817,5895,2021,Rio Capim
150350,IRITUIA,16568,5772,2020,Rio Capim
150350,IRITUIA,17099,5982,2019,Rio Capim
150350,IRITUIA,17393,6204,2018,Rio Capim
150350,IRITUIA,17393,6501,2017,Rio Capim
150350,IRITUIA,17592,6668,2016,Rio Capim
150350,IRITUIA,17445,6688,2015,Rio Capim
150350,IRITUIA,18045,6987,2014,Rio Capim
150350,IRITUIA,17470,6869,2013,Rio Capim
150350,IRITUIA,16366,7293,2012,Rio Capim
150360,ITAITUBA,11578,51269,2012,Tapajós
150360,ITAITUBA,12734,53314,2013,Tapajós
150360,ITAITUBA,13148,57151,2014,Tapajós
150360,ITAITUBA,11759,54044,2015,Tapajós
150360,ITAITUBA,11447,51630,2016,Tapajós
150360,ITAITUBA,12866,53033,2017,Tapajós
150360,ITAITUBA,13625,52277,2018,Tapajós
150360,ITAITUBA,14847,52878,2019,Tapajós
150360,ITAITUBA,14547,50783,2020,Tapajós
150360,ITAITUBA,15630,51733,2021,Tapajós
150360,ITAITUBA,18750,57598,2022,Tapajós
150360,ITAITUBA,21544,59321,2023,Tapajós
150360,ITAITUBA,22756,56666,2024,Tapajós
150360,ITAITUBA,23224,56597,2025,Tapajós
150370,ITUPIRANGA,13977,21734,2012,Lago Tucuruí
150370,ITUPIRANGA,17159,20373,2013,Lago Tucuruí
150370,ITUPIRANGA,18537,20333,2014,Lago Tucuruí
150370,ITUPIRANGA,16449,19471,2015,Lago Tucuruí
150370,ITUPIRANGA,16094,18941,2016,Lago Tucuruí
150370,ITUPIRANGA,15447,17808,2017,Lago Tucuruí
150370,ITUPIRANGA,15517,16621,2018,Lago Tucuruí
150370,ITUPIRANGA,16649,16359,2019,Lago Tucuruí
150370,ITUPIRANGA,16602,15902,2020,Lago Tucuruí
150370,ITUPIRANGA,17745,16646,2021,Lago Tucuruí
150370,ITUPIRANGA,19322,17369,2022,Lago Tucuruí
150370,ITUPIRANGA,19964,17223,2023,Lago Tucuruí
150370,ITUPIRANGA,19443,16686,2024,Lago Tucuruí
150370,ITUPIRANGA,19670,17185,2025,Lago Tucuruí
150375,JACAREACANGA,6847,3903,2012,Tapajós
150375,JACAREACANGA,7516,4057,2013,Tapajós
150375,JACAREACANGA,7948,4282,2014,Tapajós
150375,JACAREACANGA,8232,4261,2015,Tapajós
150375,JACAREACANGA,8470,4159,2016,Tapajós
150375,JACAREACANGA,8813,4432,2017,Tapajós
150375,JACAREACANGA,8919,4604,2018,Tapajós
150375,JACAREACANGA,9343,4910,2019,Tapajós
150375,JACAREACANGA,9605,4870,2020,Tapajós
150375,JACAREACANGA,10224,5409,2021,Tapajós
150375,JACAREACANGA,10831,6479,2022,Tapajós
150375,JACAREACANGA,11627,6829,2023,Tapajós
150375,JACAREACANGA,12050,6726,2024,Tapajós
150375,JACAREACANGA,12340,6856,2025,Tapajós
150380,JACUNDÁ,4194,22653,2025,Lago Tucuruí
150380,JACUNDÁ,4453,22756,2024,Lago Tucuruí
150380,JACUNDÁ,4898,23722,2023,Lago Tucuruí
150380,JACUNDÁ,5254,23553,2022,Lago Tucuruí
150380,JACUNDÁ,5860,22887,2021,Lago Tucuruí
150380,JACUNDÁ,5793,22579,2020,Lago Tucuruí
150380,JACUNDÁ,5720,22975,2019,Lago Tucuruí
150380,JACUNDÁ,5061,22668,2018,Lago Tucuruí
150380,JACUNDÁ,4950,22240,2017,Lago Tucuruí
150380,JACUNDÁ,5154,22441,2016,Lago Tucuruí
150380,JACUNDÁ,5285,23445,2015,Lago Tucuruí
150380,JACUNDÁ,5395,24307,2014,Lago Tucuruí
150380,JACUNDÁ,5466,23683,2013,Lago Tucuruí
150380,JACUNDÁ,5095,23834,2012,Lago Tucuruí
150390,JURUTI,21734,15669,2025,Baixo Amazonas
150390,JURUTI,20832,15399,2024,Baixo Amazonas
150390,JURUTI,20969,15254,2023,Baixo Amazonas
150390,JURUTI,19650,13755,2022,Baixo Amazonas
150390,JURUTI,18043,12931,2021,Baixo Amazonas
150390,JURUTI,18080,13036,2020,Baixo Amazonas
150390,JURUTI,18707,13681,2019,Baixo Amazonas
150390,JURUTI,18387,13179,2018,Baixo Amazonas
150390,JURUTI,18935,14032,2017,Baixo Amazonas
150390,JURUTI,18870,14316,2016,Baixo Amazonas
150390,JURUTI,18674,15060,2015,Baixo Amazonas
150390,JURUTI,19132,16958,2014,Baixo Amazonas
150390,JURUTI,18226,16532,2013,Baixo Amazonas
150390,JURUTI,16258,16431,2012,Baixo Amazonas
150400,LIMOEIRO DO AJURU,15950,5452,2012,Tocantins
150400,LIMOEIRO DO AJURU,16518,5723,2013,Tocantins
150400,LIMOEIRO DO AJURU,17291,5612,2014,Tocantins
150400,LIMOEIRO DO AJURU,17377,5578,2015,Tocantins
150400,LIMOEIRO DO AJURU,17158,5473,2016,Tocantins
150400,LIMOEIRO DO AJURU,17397,5490,2017,Tocantins
150400,LIMOEIRO DO AJURU,17257,5456,2018,Tocantins
150400,LIMOEIRO DO AJURU,17896,5500,2019,Tocantins
150400,LIMOEIRO DO AJURU,17831,5646,2020,Tocantins
150400,LIMOEIRO DO AJURU,18338,5750,2021,Tocantins
150400,LIMOEIRO DO AJURU,19109,6092,2022,Tocantins
150400,LIMOEIRO DO AJURU,19250,6196,2023,Tocantins
150400,LIMOEIRO DO AJURU,19232,6294,2024,Tocantins
150400,LIMOEIRO DO AJURU,19771,6326,2025,Tocantins
150405,MÃE DO RIO,6700,17640,2025,Rio Capim
150405,MÃE DO RIO,6842,17789,2024,Rio Capim
150405,MÃE DO RIO,7002,18709,2023,Rio Capim
150405,MÃE DO RIO,6773,18420,2022,Rio Capim
150405,MÃE DO RIO,6662,17986,2021,Rio Capim
150405,MÃE DO RIO,6611,17533,2020,Rio Capim
150405,MÃE DO RIO,6634,17939,2019,Rio Capim
150405,MÃE DO RIO,6695,17717,2018,Rio Capim
150405,MÃE DO RIO,6609,17584,2017,Rio Capim
150405,MÃE DO RIO,6654,17495,2016,Rio Capim
150405,MÃE DO RIO,6906,17842,2015,Rio Capim
150405,MÃE DO RIO,7343,19083,2014,Rio Capim
150405,MÃE DO RIO,7268,18315,2013,Rio Capim
150405,MÃE DO RIO,7259,17901,2012,Rio Capim
150410,MAGALHÃES BARATA,3465,2864,2012,Guamá
150410,MAGALHÃES BARATA,3247,3285,2013,Guamá
150410,MAGALHÃES BARATA,3255,3468,2014,Guamá
150410,MAGALHÃES BARATA,2778,3164,2015,Guamá
150410,MAGALHÃES BARATA,2857,3118,2016,Guamá
150410,MAGALHÃES BARATA,2882,3228,2017,Guamá
150410,MAGALHÃES BARATA,2849,3207,2018,Guamá
150410,MAGALHÃES BARATA,2866,3317,2019,Guamá
150410,MAGALHÃES BARATA,2767,3247,2020,Guamá
150410,MAGALHÃES BARATA,2836,3394,2021,Guamá
150410,MAGALHÃES BARATA,2965,3477,2022,Guamá
150410,MAGALHÃES BARATA,2851,3609,2023,Guamá
150410,MAGALHÃES BARATA,2774,3635,2024,Guamá
150410,MAGALHÃES BARATA,2731,3646,2025,Guamá
150420,MARABÁ,28751,118764,2025,Carajás
150420,MARABÁ,29114,116489,2024,Carajás
150420,MARABÁ,30443,118290,2023,Carajás
150420,MARABÁ,28830,111088,2022,Carajás
150420,MARABÁ,25415,89692,2021,Carajás
150420,MARABÁ,23711,83297,2020,Carajás
150420,MARABÁ,25871,89979,2019,Carajás
150420,MARABÁ,23882,83573,2018,Carajás
150420,MARABÁ,21436,87109,2017,Carajás
150420,MARABÁ,21649,94824,2016,Carajás
150420,MARABÁ,22117,101257,2015,Carajás
150420,MARABÁ,23104,106260,2014,Carajás
150420,MARABÁ,21973,96462,2013,Carajás
150420,MARABÁ,17766,83905,2012,Carajás
150430,MARACANÃ,16431,9204,2025,Guamá
150430,MARACANÃ,16319,9177,2024,Guamá
150430,MARACANÃ,16493,9334,2023,Guamá
150430,MARACANÃ,16353,9276,2022,Guamá
150430,MARACANÃ,15781,8876,2021,Guamá
150430,MARACANÃ,15752,8791,2020,Guamá
150430,MARACANÃ,16105,8783,2019,Guamá
150430,MARACANÃ,15884,8557,2018,Guamá
150430,MARACANÃ,16045,8594,2017,Guamá
150430,MARACANÃ,15930,8612,2016,Guamá
150430,MARACANÃ,15719,8495,2015,Guamá
150430,MARACANÃ,15898,8396,2014,Guamá
150430,MARACANÃ,15714,8487,2013,Guamá
150430,MARACANÃ,14667,8041,2012,Guamá
150440,MARAPANIM,11339,6688,2012,Guamá
150440,MARAPANIM,12096,6525,2013,Guamá
150440,MARAPANIM,12557,6874,2014,Guamá
150440,MARAPANIM,12116,6595,2015,Guamá
150440,MARAPANIM,11873,6529,2016,Guamá
150440,MARAPANIM,11658,6830,2017,Guamá
150440,MARAPANIM,11412,6857,2018,Guamá
150440,MARAPANIM,11467,6810,2019,Guamá
150440,MARAPANIM,11301,6737,2020,Guamá
150440,MARAPANIM,11246,7031,2021,Guamá
150440,MARAPANIM,11389,8285,2022,Guamá
150440,MARAPANIM,11427,8851,2023,Guamá
150440,MARAPANIM,11083,9190,2024,Guamá
150440,MARAPANIM,10898,9509,2025,Guamá
150442,MARITUBA,175,76608,2025,Guajará
150442,MARITUBA,149,77850,2024,Guajará
150442,MARITUBA,104,79786,2023,Guajará
150442,MARITUBA,107,77675,2022,Guajará
150442,MARITUBA,102,67583,2021,Guajará
150442,MARITUBA,59,61280,2020,Guajará
150442,MARITUBA,62,62805,2019,Guajará
150442,MARITUBA,71,60833,2018,Guajará
150442,MARITUBA,96,60979,2017,Guajará
150442,MARITUBA,127,61075,2016,Guajará
150442,MARITUBA,183,61007,2015,Guajará
150442,MARITUBA,359,64103,2014,Guajará
150442,MARITUBA,411,61656,2013,Guajará
150442,MARITUBA,473,59032,2012,Guajará
150445,MEDICILÂNDIA,7131,10086,2012,Xingu
150445,MEDICILÂNDIA,9900,8196,2013,Xingu
150445,MEDICILÂNDIA,10753,8011,2014,Xingu
150445,MEDICILÂNDIA,10464,7337,2015,Xingu
150445,MEDICILÂNDIA,11245,7000,2016,Xingu
150445,MEDICILÂNDIA,11603,7089,2017,Xingu
150445,MEDICILÂNDIA,12053,6878,2018,Xingu
150445,MEDICILÂNDIA,12701,6985,2019,Xingu
150445,MEDICILÂNDIA,12520,6686,2020,Xingu
150445,MEDICILÂNDIA,13476,6932,2021,Xingu
150445,MEDICILÂNDIA,15170,8114,2022,Xingu
150445,MEDICILÂNDIA,15537,8589,2023,Xingu
150445,MEDICILÂNDIA,15017,8065,2024,Xingu
150445,MEDICILÂNDIA,14872,7861,2025,Xingu
150450,MELGAÇO,16417,7574,2025,Marajó
150450,MELGAÇO,16926,7703,2024,Marajó
150450,MELGAÇO,16883,7682,2023,Marajó
150450,MELGAÇO,16186,7527,2022,Marajó
150450,MELGAÇO,15445,6903,2021,Marajó
150450,MELGAÇO,15212,6532,2020,Marajó
150450,MELGAÇO,15292,6609,2019,Marajó
150450,MELGAÇO,15109,6322,2018,Marajó
150450,MELGAÇO,15045,6184,2017,Marajó
150450,MELGAÇO,14366,5812,2016,Marajó
150450,MELGAÇO,14328,6544,2015,Marajó
150450,MELGAÇO,13991,7117,2014,Marajó
150450,MELGAÇO,9292,10785,2013,Marajó
150450,MELGAÇO,7454,11878,2012,Marajó
150460,MOCAJUBA,14302,15799,2025,Tocantins
150460,MOCAJUBA,14459,16550,2024,Tocantins
150460,MOCAJUBA,13514,16422,2023,Tocantins
150460,MOCAJUBA,12832,16437,2022,Tocantins
150460,MOCAJUBA,12063,16224,2021,Tocantins
150460,MOCAJUBA,11490,15811,2020,Tocantins
150460,MOCAJUBA,11628,16196,2019,Tocantins
150460,MOCAJUBA,11369,15952,2018,Tocantins
150460,MOCAJUBA,10784,15931,2017,Tocantins
150460,MOCAJUBA,10195,15743,2016,Tocantins
150460,MOCAJUBA,9448,15672,2015,Tocantins
150460,MOCAJUBA,9291,16339,2014,Tocantins
150460,MOCAJUBA,8470,16454,2013,Tocantins
150460,MOCAJUBA,6953,16678,2012,Tocantins
150470,MOJU,29100,18559,2012,Tocantins
150470,MOJU,31642,20799,2013,Tocantins
150470,MOJU,33778,21761,2014,Tocantins
150470,MOJU,32054,20830,2015,Tocantins
150470,MOJU,32898,20813,2016,Tocantins
150470,MOJU,33250,20013,2017,Tocantins
150470,MOJU,33528,19161,2018,Tocantins
150470,MOJU,36226,20158,2019,Tocantins
150470,MOJU,35856,19700,2020,Tocantins
150470,MOJU,36782,20175,2021,Tocantins
150470,MOJU,39346,21469,2022,Tocantins
150470,MOJU,40627,21523,2023,Tocantins
150470,MOJU,39510,19545,2024,Tocantins
150470,MOJU,40640,19384,2025,Tocantins
150475,MOJUÍ DOS CAMPOS,486,343,2013,Baixo Amazonas
150475,MOJUÍ DOS CAMPOS,3793,1995,2014,Baixo Amazonas
150475,MOJUÍ DOS CAMPOS,6729,3405,2015,Baixo Amazonas
150475,MOJUÍ DOS CAMPOS,8375,4130,2016,Baixo Amazonas
150475,MOJUÍ DOS CAMPOS,9304,4667,2017,Baixo Amazonas
150475,MOJUÍ DOS CAMPOS,9689,4911,2018,Baixo Amazonas
150475,MOJUÍ DOS CAMPOS,10350,5169,2019,Baixo Amazonas
150475,MOJUÍ DOS CAMPOS,10173,5092,2020,Baixo Amazonas
150475,MOJUÍ DOS CAMPOS,10951,5600,2021,Baixo Amazonas
150475,MOJUÍ DOS CAMPOS,12260,6325,2022,Baixo Amazonas
150475,MOJUÍ DOS CAMPOS,12712,6593,2023,Baixo Amazonas
150475,MOJUÍ DOS CAMPOS,12518,6514,2024,Baixo Amazonas
150475,MOJUÍ DOS CAMPOS,12589,6614,2025,Baixo Amazonas
150480,MONTE ALEGRE,29058,19999,2025,Baixo Amazonas
150480,MONTE ALEGRE,29106,19714,2024,Baixo Amazonas
150480,MONTE ALEGRE,29158,19635,2023,Baixo Amazonas
150480,MONTE ALEGRE,28113,19047,2022,Baixo Amazonas
150480,MONTE ALEGRE,26455,18038,2021,Baixo Amazonas
150480,MONTE ALEGRE,26054,17664,2020,Baixo Amazonas
150480,MONTE ALEGRE,26739,18009,2019,Baixo Amazonas
150480,MONTE ALEGRE,27083,18159,2018,Baixo Amazonas
150480,MONTE ALEGRE,28056,19341,2017,Baixo Amazonas
150480,MONTE ALEGRE,27848,19313,2016,Baixo Amazonas
150480,MONTE ALEGRE,27287,19407,2015,Baixo Amazonas
150480,MONTE ALEGRE,28377,20762,2014,Baixo Amazonas
150480,MONTE ALEGRE,27310,20651,2013,Baixo Amazonas
150480,MONTE ALEGRE,25638,21151,2012,Baixo Amazonas
150490,MUANÁ,12490,9368,2012,Marajó
150490,MUANÁ,17330,14223,2025,Marajó
150490,MUANÁ,17496,13971,2024,Marajó
150490,MUANÁ,17694,13759,2023,Marajó
150490,MUANÁ,17685,13434,2022,Marajó
150490,MUANÁ,17012,12999,2021,Marajó
150490,MUANÁ,16394,12585,2020,Marajó
150490,MUANÁ,16466,12624,2019,Marajó
150490,MUANÁ,15983,12372,2018,Marajó
150490,MUANÁ,15745,12329,2017,Marajó
150490,MUANÁ,15411,11945,2016,Marajó
150490,MUANÁ,14854,11519,2015,Marajó
150490,MUANÁ,14892,11369,2014,Marajó
150490,MUANÁ,14325,10520,2013,Marajó
150495,NOVA ESPERANÇA DO PIRIÁ,5039,10719,2012,Rio Capim
150495,NOVA ESPERANÇA DO PIRIÁ,5562,11406,2013,Rio Capim
150495,NOVA ESPERANÇA DO PIRIÁ,6018,12383,2014,Rio Capim
150495,NOVA ESPERANÇA DO PIRIÁ,5897,12282,2015,Rio Capim
150495,NOVA ESPERANÇA DO PIRIÁ,5959,12116,2016,Rio Capim
150495,NOVA ESPERANÇA DO PIRIÁ,6708,11398,2017,Rio Capim
150495,NOVA ESPERANÇA DO PIRIÁ,7247,10834,2018,Rio Capim
150495,NOVA ESPERANÇA DO PIRIÁ,7645,10510,2019,Rio Capim
150495,NOVA ESPERANÇA DO PIRIÁ,7587,10182,2020,Rio Capim
150495,NOVA ESPERANÇA DO PIRIÁ,8733,9818,2021,Rio Capim
150495,NOVA ESPERANÇA DO PIRIÁ,9220,9600,2022,Rio Capim
150495,NOVA ESPERANÇA DO PIRIÁ,9057,9249,2023,Rio Capim
150495,NOVA ESPERANÇA DO PIRIÁ,8812,9249,2024,Rio Capim
150495,NOVA ESPERANÇA DO PIRIÁ,8410,9423,2025,Rio Capim
150497,NOVA IPIXUNA,3655,5381,2025,Lago Tucuruí
150497,NOVA IPIXUNA,4025,7295,2012,Lago Tucuruí
150497,NOVA IPIXUNA,4308,7147,2013,Lago Tucuruí
150497,NOVA IPIXUNA,4479,7164,2014,Lago Tucuruí
150497,NOVA IPIXUNA,4011,6154,2015,Lago Tucuruí
150497,NOVA IPIXUNA,3876,5489,2016,Lago Tucuruí
150497,NOVA IPIXUNA,3732,5111,2017,Lago Tucuruí
150497,NOVA IPIXUNA,3834,5096,2018,Lago Tucuruí
150497,NOVA IPIXUNA,4237,5123,2019,Lago Tucuruí
150497,NOVA IPIXUNA,3968,4838,2020,Lago Tucuruí
150497,NOVA IPIXUNA,4029,4993,2021,Lago Tucuruí
150497,NOVA IPIXUNA,4044,5423,2022,Lago Tucuruí
150497,NOVA IPIXUNA,4008,5487,2023,Lago Tucuruí
150497,NOVA IPIXUNA,3589,5240,2024,Lago Tucuruí
150500,NOVA TIMBOTEUA,3555,5678,2025,Rio Caeté
150500,NOVA TIMBOTEUA,3593,5525,2024,Rio Caeté
150500,NOVA TIMBOTEUA,3639,5548,2023,Rio Caeté
150500,NOVA TIMBOTEUA,3638,5395,2022,Rio Caeté
150500,NOVA TIMBOTEUA,3527,5129,2021,Rio Caeté
150500,NOVA TIMBOTEUA,3487,4901,2020,Rio Caeté
150500,NOVA TIMBOTEUA,3936,4599,2019,Rio Caeté
150500,NOVA TIMBOTEUA,4342,4194,2018,Rio Caeté
150500,NOVA TIMBOTEUA,4789,3877,2017,Rio Caeté
150500,NOVA TIMBOTEUA,4857,3684,2016,Rio Caeté
150500,NOVA TIMBOTEUA,4940,3753,2015,Rio Caeté
150500,NOVA TIMBOTEUA,5099,3766,2014,Rio Caeté
150500,NOVA TIMBOTEUA,4962,3609,2013,Rio Caeté
150500,NOVA TIMBOTEUA,5209,3688,2012,Rio Caeté
150503,NOVO PROGRESSO,3949,16221,2025,Tapajós
150503,NOVO PROGRESSO,3481,15388,2024,Tapajós
150503,NOVO PROGRESSO,3495,15084,2023,Tapajós
150503,NOVO PROGRESSO,3145,13487,2022,Tapajós
150503,NOVO PROGRESSO,2479,10736,2021,Tapajós
150503,NOVO PROGRESSO,2354,9676,2020,Tapajós
150503,NOVO PROGRESSO,2444,10230,2019,Tapajós
150503,NOVO PROGRESSO,2407,9470,2018,Tapajós
150503,NOVO PROGRESSO,2413,9325,2017,Tapajós
150503,NOVO PROGRESSO,1732,8291,2016,Tapajós
150503,NOVO PROGRESSO,1938,9819,2015,Tapajós
150503,NOVO PROGRESSO,2412,10848,2014,Tapajós
150503,NOVO PROGRESSO,1957,9990,2013,Tapajós
150503,NOVO PROGRESSO,1892,10235,2012,Tapajós
150506,NOVO REPARTIMENTO,25858,21020,2025,Lago Tucuruí
150506,NOVO REPARTIMENTO,24642,20407,2024,Lago Tucuruí
150506,NOVO REPARTIMENTO,23738,20129,2023,Lago Tucuruí
150506,NOVO REPARTIMENTO,21857,18942,2022,Lago Tucuruí
150506,NOVO REPARTIMENTO,17706,15421,2021,Lago Tucuruí
150506,NOVO REPARTIMENTO,15583,14372,2020,Lago Tucuruí
150506,NOVO REPARTIMENTO,16105,15068,2019,Lago Tucuruí
150506,NOVO REPARTIMENTO,15379,15135,2018,Lago Tucuruí
150506,NOVO REPARTIMENTO,16931,17459,2017,Lago Tucuruí
150506,NOVO REPARTIMENTO,17408,19224,2016,Lago Tucuruí
150506,NOVO REPARTIMENTO,17783,22105,2015,Lago Tucuruí
150506,NOVO REPARTIMENTO,20221,24186,2014,Lago Tucuruí
150506,NOVO REPARTIMENTO,19787,24155,2013,Lago Tucuruí
150506,NOVO REPARTIMENTO,17544,24553,2012,Lago Tucuruí
150510,ÓBIDOS,24390,19299,2025,Baixo Amazonas
150510,ÓBIDOS,24196,19265,2024,Baixo Amazonas
150510,ÓBIDOS,23789,19335,2023,Baixo Amazonas
150510,ÓBIDOS,22581,18458,2022,Baixo Amazonas
150510,ÓBIDOS,20111,16803,2021,Baixo Amazonas
150510,ÓBIDOS,19577,15905,2020,Baixo Amazonas
150510,ÓBIDOS,19942,16270,2019,Baixo Amazonas
150510,ÓBIDOS,19769,16197,2018,Baixo Amazonas
150510,ÓBIDOS,20300,17133,2017,Baixo Amazonas
150510,ÓBIDOS,20270,17286,2016,Baixo Amazonas
150510,ÓBIDOS,20034,17583,2015,Baixo Amazonas
150510,ÓBIDOS,20344,18949,2014,Baixo Amazonas
150510,ÓBIDOS,18917,19041,2013,Baixo Amazonas
150510,ÓBIDOS,16852,19497,2012,Baixo Amazonas
150520,OEIRAS DO PARÁ,18715,12883,2025,Tocantins
150520,OEIRAS DO PARÁ,18685,12935,2024,Tocantins
150520,OEIRAS DO PARÁ,18381,13235,2023,Tocantins
150520,OEIRAS DO PARÁ,17658,13153,2022,Tocantins
150520,OEIRAS DO PARÁ,16639,12921,2021,Tocantins
150520,OEIRAS DO PARÁ,14713,12369,2020,Tocantins
150520,OEIRAS DO PARÁ,14889,12708,2019,Tocantins
150520,OEIRAS DO PARÁ,14804,12745,2018,Tocantins
150520,OEIRAS DO PARÁ,14471,12495,2017,Tocantins
150520,OEIRAS DO PARÁ,14057,12224,2016,Tocantins
150520,OEIRAS DO PARÁ,13825,12300,2015,Tocantins
150520,OEIRAS DO PARÁ,14086,12162,2014,Tocantins
150520,OEIRAS DO PARÁ,13409,11606,2013,Tocantins
150520,OEIRAS DO PARÁ,11899,11360,2012,Tocantins
150530,ORIXIMINÁ,10619,28401,2012,Baixo Amazonas
150530,ORIXIMINÁ,15343,25753,2013,Baixo Amazonas
150530,ORIXIMINÁ,16330,26844,2014,Baixo Amazonas
150530,ORIXIMINÁ,16091,25577,2015,Baixo Amazonas
150530,ORIXIMINÁ,16480,25587,2016,Baixo Amazonas
150530,ORIXIMINÁ,16620,26146,2017,Baixo Amazonas
150530,ORIXIMINÁ,16834,24978,2018,Baixo Amazonas
150530,ORIXIMINÁ,17233,25536,2019,Baixo Amazonas
150530,ORIXIMINÁ,16863,24577,2020,Baixo Amazonas
150530,ORIXIMINÁ,17673,25483,2021,Baixo Amazonas
150530,ORIXIMINÁ,19370,26445,2022,Baixo Amazonas
150530,ORIXIMINÁ,20684,28712,2023,Baixo Amazonas
150530,ORIXIMINÁ,21479,29637,2024,Baixo Amazonas
150530,ORIXIMINÁ,22354,30276,2025,Baixo Amazonas
150540,OURÉM,7368,7180,2025,Rio Capim
150540,OURÉM,7244,7362,2024,Rio Capim
150540,OURÉM,7388,7476,2023,Rio Capim
150540,OURÉM,7364,7379,2022,Rio Capim
150540,OURÉM,7006,6874,2021,Rio Capim
150540,OURÉM,6834,6533,2020,Rio Capim
150540,OURÉM,7043,6752,2019,Rio Capim
150540,OURÉM,7103,6579,2018,Rio Capim
150540,OURÉM,7413,6301,2017,Rio Capim
150540,OURÉM,7409,6404,2016,Rio Capim
150540,OURÉM,7430,6708,2015,Rio Capim
150540,OURÉM,7667,7043,2014,Rio Capim
150540,OURÉM,7383,6950,2013,Rio Capim
150540,OURÉM,7062,7109,2012,Rio Capim
150543,OURILÂNDIA DO NORTE,3378,12153,2013,Araguaia
150543,OURILÂNDIA DO NORTE,1921,11610,2012,Araguaia
150543,OURILÂNDIA DO NORTE,6841,15947,2025,Araguaia
150543,OURILÂNDIA DO NORTE,6835,15885,2024,Araguaia
150543,OURILÂNDIA DO NORTE,6779,16637,2023,Araguaia
150543,OURILÂNDIA DO NORTE,6318,16463,2022,Araguaia
150543,OURILÂNDIA DO NORTE,5282,14480,2021,Araguaia
150543,OURILÂNDIA DO NORTE,5146,14089,2020,Araguaia
150543,OURILÂNDIA DO NORTE,5309,14507,2019,Araguaia
150543,OURILÂNDIA DO NORTE,4860,14101,2018,Araguaia
150543,OURILÂNDIA DO NORTE,4475,13716,2017,Araguaia
150543,OURILÂNDIA DO NORTE,4466,13012,2016,Araguaia
150543,OURILÂNDIA DO NORTE,4352,13093,2015,Araguaia
150543,OURILÂNDIA DO NORTE,4318,13295,2014,Araguaia
150548,PACAJÁ,10356,14426,2012,Xingu
150548,PACAJÁ,12400,14048,2013,Xingu
150548,PACAJÁ,13971,14687,2014,Xingu
150548,PACAJÁ,15109,14107,2015,Xingu
150548,PACAJÁ,15585,13458,2016,Xingu
150548,PACAJÁ,16875,13801,2017,Xingu
150548,PACAJÁ,17677,13322,2018,Xingu
150548,PACAJÁ,18670,13424,2019,Xingu
150548,PACAJÁ,18408,13232,2020,Xingu
150548,PACAJÁ,19103,13652,2021,Xingu
150548,PACAJÁ,20048,14707,2022,Xingu
150548,PACAJÁ,20521,15045,2023,Xingu
150548,PACAJÁ,20578,15250,2024,Xingu
150548,PACAJÁ,20321,14755,2025,Xingu
150549,PALESTINA DO PARÁ,792,4699,2025,Carajás
150549,PALESTINA DO PARÁ,896,4735,2024,Carajás
150549,PALESTINA DO PARÁ,962,4904,2023,Carajás
150549,PALESTINA DO PARÁ,1025,4995,2022,Carajás
150549,PALESTINA DO PARÁ,1000,4883,2021,Carajás
150549,PALESTINA DO PARÁ,992,4851,2020,Carajás
150549,PALESTINA DO PARÁ,996,5028,2019,Carajás
150549,PALESTINA DO PARÁ,1043,5101,2018,Carajás
150549,PALESTINA DO PARÁ,996,5321,2017,Carajás
150549,PALESTINA DO PARÁ,1009,5478,2016,Carajás
150549,PALESTINA DO PARÁ,994,5630,2015,Carajás
150549,PALESTINA DO PARÁ,1111,6149,2014,Carajás
150549,PALESTINA DO PARÁ,965,6021,2013,Carajás
150549,PALESTINA DO PARÁ,710,6251,2012,Carajás
150550,PARAGOMINAS,9023,58038,2013,Rio Capim
150550,PARAGOMINAS,9280,59435,2014,Rio Capim
150550,PARAGOMINAS,10014,54022,2025,Rio Capim
150550,PARAGOMINAS,9965,56652,2024,Rio Capim
150550,PARAGOMINAS,10129,58082,2023,Rio Capim
150550,PARAGOMINAS,9829,57282,2022,Rio Capim
150550,PARAGOMINAS,9248,53882,2021,Rio Capim
150550,PARAGOMINAS,8610,50815,2020,Rio Capim
150550,PARAGOMINAS,8741,50268,2019,Rio Capim
150550,PARAGOMINAS,8644,48242,2018,Rio Capim
150550,PARAGOMINAS,9097,51106,2017,Rio Capim
150550,PARAGOMINAS,9073,53715,2016,Rio Capim
150550,PARAGOMINAS,8865,54196,2015,Rio Capim
150550,PARAGOMINAS,8618,55444,2012,Rio Capim
150553,PARAUAPEBAS,14379,119774,2024,Carajás
150553,PARAUAPEBAS,13414,119469,2023,Carajás
150553,PARAUAPEBAS,11952,107852,2022,Carajás
150553,PARAUAPEBAS,9673,90445,2021,Carajás
150553,PARAUAPEBAS,8368,77276,2020,Carajás
150553,PARAUAPEBAS,8695,70004,2019,Carajás
150553,PARAUAPEBAS,7643,62411,2018,Carajás
150553,PARAUAPEBAS,6683,66073,2017,Carajás
150553,PARAUAPEBAS,6078,68917,2016,Carajás
150553,PARAUAPEBAS,5947,73587,2015,Carajás
150553,PARAUAPEBAS,5376,66832,2014,Carajás
150553,PARAUAPEBAS,6263,73144,2013,Carajás
150553,PARAUAPEBAS,5699,68608,2012,Carajás
150553,PARAUAPEBAS,16079,115708,2025,Carajás
150555,PAU DARCO,2778,4126,2025,Araguaia
150555,PAU DARCO,907,4071,2012,Araguaia
150555,PAU DARCO,1334,3949,2013,Araguaia
150555,PAU DARCO,1709,3893,2014,Araguaia
150555,PAU DARCO,1661,3459,2015,Araguaia
150555,PAU DARCO,1732,3342,2016,Araguaia
150555,PAU DARCO,1745,3284,2017,Araguaia
150555,PAU DARCO,1726,3161,2018,Araguaia
150555,PAU DARCO,1894,3203,2019,Araguaia
150555,PAU DARCO,1980,3182,2020,Araguaia
150555,PAU DARCO,2073,3307,2021,Araguaia
150555,PAU DARCO,2323,3638,2022,Araguaia
150555,PAU DARCO,2480,3829,2023,Araguaia
150555,PAU DARCO,2675,4020,2024,Araguaia
150560,PEIXE-BOI,4092,2462,2014,Rio Caeté
150560,PEIXE-BOI,3994,2374,2012,Rio Caeté
150560,PEIXE-BOI,4057,2428,2013,Rio Caeté
150560,PEIXE-BOI,4036,2248,2025,Rio Caeté
150560,PEIXE-BOI,3978,2228,2024,Rio Caeté
150560,PEIXE-BOI,3995,2245,2023,Rio Caeté
150560,PEIXE-BOI,3905,2108,2022,Rio Caeté
150560,PEIXE-BOI,3799,2007,2021,Rio Caeté
150560,PEIXE-BOI,3723,1849,2020,Rio Caeté
150560,PEIXE-BOI,3767,1895,2019,Rio Caeté
150560,PEIXE-BOI,3765,1824,2018,Rio Caeté
150560,PEIXE-BOI,3830,2028,2017,Rio Caeté
150560,PEIXE-BOI,3915,2144,2016,Rio Caeté
150560,PEIXE-BOI,4030,2306,2015,Rio Caeté
150563,PIÇARRA,5022,4477,2013,Carajás
150563,PIÇARRA,5495,4102,2014,Carajás
150563,PIÇARRA,5642,3670,2015,Carajás
150563,PIÇARRA,5663,2737,2016,Carajás
150563,PIÇARRA,5403,2710,2017,Carajás
150563,PIÇARRA,4914,2713,2018,Carajás
150563,PIÇARRA,4891,2659,2019,Carajás
150563,PIÇARRA,4808,2755,2020,Carajás
150563,PIÇARRA,5106,2937,2021,Carajás
150563,PIÇARRA,5454,3242,2022,Carajás
150563,PIÇARRA,5849,3348,2023,Carajás
150563,PIÇARRA,5841,3293,2024,Carajás
150563,PIÇARRA,5943,3474,2025,Carajás
150563,PIÇARRA,4573,4961,2012,Carajás
150565,PLACAS,7212,4916,2013,Xingu
150565,PLACAS,7465,5247,2014,Xingu
150565,PLACAS,7702,5286,2015,Xingu
150565,PLACAS,7894,5408,2016,Xingu
150565,PLACAS,7956,5524,2017,Xingu
150565,PLACAS,8187,5611,2018,Xingu
150565,PLACAS,8346,5688,2019,Xingu
150565,PLACAS,8403,5555,2020,Xingu
150565,PLACAS,8877,5911,2021,Xingu
150565,PLACAS,9235,6450,2022,Xingu
150565,PLACAS,9562,6778,2023,Xingu
150565,PLACAS,9534,7052,2024,Xingu
150565,PLACAS,9577,7150,2025,Xingu
150565,PLACAS,6897,4758,2012,Xingu
150570,PONTA DE PEDRAS,8435,10227,2012,Marajó
150570,PONTA DE PEDRAS,8938,11053,2013,Marajó
150570,PONTA DE PEDRAS,9657,11565,2014,Marajó
150570,PONTA DE PEDRAS,9549,11329,2015,Marajó
150570,PONTA DE PEDRAS,9351,11720,2016,Marajó
150570,PONTA DE PEDRAS,9437,11542,2017,Marajó
150570,PONTA DE PEDRAS,9072,11241,2018,Marajó
150570,PONTA DE PEDRAS,8996,11143,2019,Marajó
150570,PONTA DE PEDRAS,8751,10878,2020,Marajó
150570,PONTA DE PEDRAS,9162,11450,2021,Marajó
150570,PONTA DE PEDRAS,10924,12217,2022,Marajó
150570,PONTA DE PEDRAS,11205,12423,2023,Marajó
150570,PONTA DE PEDRAS,11010,12370,2024,Marajó
150570,PONTA DE PEDRAS,11132,12681,2025,Marajó
150580,PORTEL,32009,23112,2025,Marajó
150580,PORTEL,9499,24232,2012,Marajó
150580,PORTEL,15356,22976,2013,Marajó
150580,PORTEL,18957,22207,2014,Marajó
150580,PORTEL,18957,20829,2015,Marajó
150580,PORTEL,19804,20693,2016,Marajó
150580,PORTEL,20931,20394,2017,Marajó
150580,PORTEL,21291,19634,2018,Marajó
150580,PORTEL,21941,19700,2019,Marajó
150580,PORTEL,21745,19086,2020,Marajó
150580,PORTEL,22375,19826,2021,Marajó
150580,PORTEL,26104,21385,2022,Marajó
150580,PORTEL,28937,22451,2023,Marajó
150580,PORTEL,30408,23099,2024,Marajó
150590,PORTO DE MOZ,5942,14396,2012,Xingu
150590,PORTO DE MOZ,8521,13176,2013,Xingu
150590,PORTO DE MOZ,10136,12866,2014,Xingu
150590,PORTO DE MOZ,10729,11980,2015,Xingu
150590,PORTO DE MOZ,10914,11554,2016,Xingu
150590,PORTO DE MOZ,12086,12838,2017,Xingu
150590,PORTO DE MOZ,12617,13661,2018,Xingu
150590,PORTO DE MOZ,13495,14398,2019,Xingu
150590,PORTO DE MOZ,13590,14399,2020,Xingu
150590,PORTO DE MOZ,13945,14882,2021,Xingu
150590,PORTO DE MOZ,14543,15523,2022,Xingu
150590,PORTO DE MOZ,15096,15649,2023,Xingu
150590,PORTO DE MOZ,15103,15439,2024,Xingu
150590,PORTO DE MOZ,15311,15540,2025,Xingu
150600,PRAINHA,25388,9809,2025,Baixo Amazonas
150600,PRAINHA,25298,9549,2024,Baixo Amazonas
150600,PRAINHA,25248,9838,2023,Baixo Amazonas
150600,PRAINHA,24463,9705,2022,Baixo Amazonas
150600,PRAINHA,23501,9400,2021,Baixo Amazonas
150600,PRAINHA,22653,9253,2020,Baixo Amazonas
150600,PRAINHA,22734,9510,2019,Baixo Amazonas
150600,PRAINHA,21657,9500,2018,Baixo Amazonas
150600,PRAINHA,21423,9670,2017,Baixo Amazonas
150600,PRAINHA,20980,9547,2016,Baixo Amazonas
150600,PRAINHA,20451,9873,2015,Baixo Amazonas
150600,PRAINHA,20656,10543,2014,Baixo Amazonas
150600,PRAINHA,15430,14054,2013,Baixo Amazonas
150600,PRAINHA,7867,20088,2012,Baixo Amazonas
150610,PRIMAVERA,3694,5512,2023,Rio Caeté
150610,PRIMAVERA,3584,5547,2022,Rio Caeté
150610,PRIMAVERA,3386,5207,2021,Rio Caeté
150610,PRIMAVERA,3346,5071,2020,Rio Caeté
150610,PRIMAVERA,3424,5156,2019,Rio Caeté
150610,PRIMAVERA,3307,4847,2018,Rio Caeté
150610,PRIMAVERA,3205,4825,2017,Rio Caeté
150610,PRIMAVERA,3171,4747,2016,Rio Caeté
150610,PRIMAVERA,2965,5106,2015,Rio Caeté
150610,PRIMAVERA,3094,5232,2014,Rio Caeté
150610,PRIMAVERA,3017,5463,2013,Rio Caeté
150610,PRIMAVERA,2406,5926,2012,Rio Caeté
150610,PRIMAVERA,3586,5435,2024,Rio Caeté
150610,PRIMAVERA,3525,5409,2025,Rio Caeté
150611,QUATIPURU,3762,5458,2025,Rio Caeté
150611,QUATIPURU,3885,5545,2024,Rio Caeté
150611,QUATIPURU,3891,5773,2023,Rio Caeté
150611,QUATIPURU,3704,5970,2022,Rio Caeté
150611,QUATIPURU,3089,6272,2021,Rio Caeté
150611,QUATIPURU,3013,5882,2020,Rio Caeté
150611,QUATIPURU,2974,6125,2019,Rio Caeté
150611,QUATIPURU,2714,6047,2018,Rio Caeté
150611,QUATIPURU,2118,6985,2017,Rio Caeté
150611,QUATIPURU,1669,7500,2016,Rio Caeté
150611,QUATIPURU,1696,7689,2015,Rio Caeté
150611,QUATIPURU,1820,7990,2014,Rio Caeté
150611,QUATIPURU,2038,7626,2013,Rio Caeté
150611,QUATIPURU,3029,6396,2012,Rio Caeté
150613,REDENÇÃO,1704,33550,2013,Araguaia
150613,REDENÇÃO,1121,33203,2012,Araguaia
150613,REDENÇÃO,3379,43626,2025,Araguaia
150613,REDENÇÃO,3278,43094,2024,Araguaia
150613,REDENÇÃO,3402,43780,2023,Araguaia
150613,REDENÇÃO,3320,42297,2022,Araguaia
150613,REDENÇÃO,2948,36759,2021,Araguaia
150613,REDENÇÃO,2706,33858,2020,Araguaia
150613,REDENÇÃO,2690,35313,2019,Araguaia
150613,REDENÇÃO,2619,32613,2018,Araguaia
150613,REDENÇÃO,2777,32859,2017,Araguaia
150613,REDENÇÃO,2511,32250,2016,Araguaia
150613,REDENÇÃO,2276,34519,2015,Araguaia
150613,REDENÇÃO,2239,36459,2014,Araguaia
150616,RIO MARIA,837,7751,2012,Araguaia
150616,RIO MARIA,1351,7476,2013,Araguaia
150616,RIO MARIA,1529,8002,2014,Araguaia
150616,RIO MARIA,1534,7789,2015,Araguaia
150616,RIO MARIA,1761,7573,2016,Araguaia
150616,RIO MARIA,1883,7087,2017,Araguaia
150616,RIO MARIA,2052,6889,2018,Araguaia
150616,RIO MARIA,2142,7259,2019,Araguaia
150616,RIO MARIA,2185,7368,2020,Araguaia
150616,RIO MARIA,2422,8301,2021,Araguaia
150616,RIO MARIA,2815,9103,2022,Araguaia
150616,RIO MARIA,2839,9331,2023,Araguaia
150616,RIO MARIA,2787,9238,2024,Araguaia
150616,RIO MARIA,2890,9144,2025,Araguaia
150618,RONDON DO PARÁ,5554,16476,2025,Rio Capim
150618,RONDON DO PARÁ,5575,17070,2024,Rio Capim
150618,RONDON DO PARÁ,5896,17597,2023,Rio Capim
150618,RONDON DO PARÁ,5614,17083,2022,Rio Capim
150618,RONDON DO PARÁ,4868,15860,2021,Rio Capim
150618,RONDON DO PARÁ,4611,14999,2020,Rio Capim
150618,RONDON DO PARÁ,4773,15427,2019,Rio Capim
150618,RONDON DO PARÁ,4710,15544,2018,Rio Capim
150618,RONDON DO PARÁ,4497,16409,2017,Rio Capim
150618,RONDON DO PARÁ,4380,16875,2016,Rio Capim
150618,RONDON DO PARÁ,4382,17555,2015,Rio Capim
150618,RONDON DO PARÁ,4706,21068,2014,Rio Capim
150618,RONDON DO PARÁ,4334,21869,2013,Rio Capim
150618,RONDON DO PARÁ,3687,21887,2012,Rio Capim
150619,RURÓPOLIS,7335,9806,2012,Tapajós
150619,RURÓPOLIS,8234,9829,2013,Tapajós
150619,RURÓPOLIS,8644,10052,2014,Tapajós
150619,RURÓPOLIS,8073,9673,2015,Tapajós
150619,RURÓPOLIS,8086,9173,2016,Tapajós
150619,RURÓPOLIS,8004,8933,2017,Tapajós
150619,RURÓPOLIS,8529,8941,2018,Tapajós
150619,RURÓPOLIS,8876,9136,2019,Tapajós
150619,RURÓPOLIS,8878,9091,2020,Tapajós
150619,RURÓPOLIS,9490,9715,2021,Tapajós
150619,RURÓPOLIS,10299,10449,2022,Tapajós
150619,RURÓPOLIS,10389,10576,2023,Tapajós
150619,RURÓPOLIS,10044,10135,2024,Tapajós
150619,RURÓPOLIS,10111,10257,2025,Tapajós
150620,SALINÓPOLIS,4536,25495,2024,Rio Caeté
150620,SALINÓPOLIS,4260,24266,2023,Rio Caeté
150620,SALINÓPOLIS,3909,22788,2022,Rio Caeté
150620,SALINÓPOLIS,3225,19822,2021,Rio Caeté
150620,SALINÓPOLIS,3027,19398,2020,Rio Caeté
150620,SALINÓPOLIS,3034,19158,2019,Rio Caeté
150620,SALINÓPOLIS,2851,18406,2018,Rio Caeté
150620,SALINÓPOLIS,2804,19277,2017,Rio Caeté
150620,SALINÓPOLIS,2837,19219,2016,Rio Caeté
150620,SALINÓPOLIS,2853,19880,2015,Rio Caeté
150620,SALINÓPOLIS,2853,20618,2014,Rio Caeté
150620,SALINÓPOLIS,2455,19590,2013,Rio Caeté
150620,SALINÓPOLIS,2277,19413,2012,Rio Caeté
150620,SALINÓPOLIS,4609,26492,2025,Rio Caeté
150630,SALVATERRA,9942,6287,2012,Marajó
150630,SALVATERRA,10237,6445,2013,Marajó
150630,SALVATERRA,10950,6561,2014,Marajó
150630,SALVATERRA,10902,6401,2015,Marajó
150630,SALVATERRA,10954,6183,2016,Marajó
150630,SALVATERRA,11083,6245,2017,Marajó
150630,SALVATERRA,10843,6077,2018,Marajó
150630,SALVATERRA,10755,6157,2019,Marajó
150630,SALVATERRA,10593,6141,2020,Marajó
150630,SALVATERRA,11054,6669,2021,Marajó
150630,SALVATERRA,11639,7072,2022,Marajó
150630,SALVATERRA,11882,7179,2023,Marajó
150630,SALVATERRA,11668,6823,2024,Marajó
150630,SALVATERRA,11984,6904,2025,Marajó
150635,SANTA BÁRBARA DO PARÁ,5846,9454,2025,Guajará
150635,SANTA BÁRBARA DO PARÁ,6049,9577,2024,Guajará
150635,SANTA BÁRBARA DO PARÁ,6419,9820,2023,Guajará
150635,SANTA BÁRBARA DO PARÁ,6491,9652,2022,Guajará
150635,SANTA BÁRBARA DO PARÁ,6026,8389,2021,Guajará
150635,SANTA BÁRBARA DO PARÁ,5450,7634,2020,Guajará
150635,SANTA BÁRBARA DO PARÁ,5455,7649,2019,Guajará
150635,SANTA BÁRBARA DO PARÁ,5344,7414,2018,Guajará
150635,SANTA BÁRBARA DO PARÁ,5364,7222,2017,Guajará
150635,SANTA BÁRBARA DO PARÁ,5284,7215,2016,Guajará
150635,SANTA BÁRBARA DO PARÁ,5413,7778,2015,Guajará
150635,SANTA BÁRBARA DO PARÁ,6086,9057,2014,Guajará
150635,SANTA BÁRBARA DO PARÁ,5922,8800,2013,Guajará
150635,SANTA BÁRBARA DO PARÁ,5344,8496,2012,Guajará
150640,SANTA CRUZ DO ARARI,3992,2715,2025,Marajó
150640,SANTA CRUZ DO ARARI,4049,2667,2024,Marajó
150640,SANTA CRUZ DO ARARI,4105,2716,2023,Marajó
150640,SANTA CRUZ DO ARARI,4071,2756,2022,Marajó
150640,SANTA CRUZ DO ARARI,4041,2730,2021,Marajó
150640,SANTA CRUZ DO ARARI,3963,2660,2020,Marajó
150640,SANTA CRUZ DO ARARI,3915,2658,2019,Marajó
150640,SANTA CRUZ DO ARARI,3712,2620,2018,Marajó
150640,SANTA CRUZ DO ARARI,3547,2595,2017,Marajó
150640,SANTA CRUZ DO ARARI,2930,2837,2016,Marajó
150640,SANTA CRUZ DO ARARI,2592,2780,2015,Marajó
150640,SANTA CRUZ DO ARARI,2310,3050,2014,Marajó
150640,SANTA CRUZ DO ARARI,1505,3073,2013,Marajó
150640,SANTA CRUZ DO ARARI,1416,3086,2012,Marajó
150650,SANTA IZABEL DO PARÁ,8422,27041,2012,Guamá
150650,SANTA IZABEL DO PARÁ,9686,27622,2013,Guamá
150650,SANTA IZABEL DO PARÁ,11891,27223,2014,Guamá
150650,SANTA IZABEL DO PARÁ,12376,25059,2015,Guamá
150650,SANTA IZABEL DO PARÁ,12412,22317,2016,Guamá
150650,SANTA IZABEL DO PARÁ,12283,21304,2017,Guamá
150650,SANTA IZABEL DO PARÁ,11638,20493,2018,Guamá
150650,SANTA IZABEL DO PARÁ,11720,20967,2019,Guamá
150650,SANTA IZABEL DO PARÁ,10976,19995,2020,Guamá
150650,SANTA IZABEL DO PARÁ,11468,21120,2021,Guamá
150650,SANTA IZABEL DO PARÁ,12866,23307,2022,Guamá
150650,SANTA IZABEL DO PARÁ,13695,23902,2023,Guamá
150650,SANTA IZABEL DO PARÁ,13731,23212,2024,Guamá
150650,SANTA IZABEL DO PARÁ,13863,24018,2025,Guamá
150655,SANTA LUZIA DO PARÁ,8487,9304,2013,Rio Caeté
150655,SANTA LUZIA DO PARÁ,8628,9510,2014,Rio Caeté
150655,SANTA LUZIA DO PARÁ,7665,8837,2015,Rio Caeté
150655,SANTA LUZIA DO PARÁ,7638,8722,2016,Rio Caeté
150655,SANTA LUZIA DO PARÁ,7894,8772,2017,Rio Caeté
150655,SANTA LUZIA DO PARÁ,8001,8619,2018,Rio Caeté
150655,SANTA LUZIA DO PARÁ,8118,8677,2019,Rio Caeté
150655,SANTA LUZIA DO PARÁ,7940,8439,2020,Rio Caeté
150655,SANTA LUZIA DO PARÁ,7951,8507,2021,Rio Caeté
150655,SANTA LUZIA DO PARÁ,8218,8917,2022,Rio Caeté
150655,SANTA LUZIA DO PARÁ,8334,8984,2023,Rio Caeté
150655,SANTA LUZIA DO PARÁ,8102,8718,2024,Rio Caeté
150655,SANTA LUZIA DO PARÁ,8329,8707,2025,Rio Caeté
150655,SANTA LUZIA DO PARÁ,8350,9181,2012,Rio Caeté
150658,SANTA MARIA DAS BARREIRAS,8000,5020,2012,Araguaia
150658,SANTA MARIA DAS BARREIRAS,8251,5197,2013,Araguaia
150658,SANTA MARIA DAS BARREIRAS,8677,5327,2014,Araguaia
150658,SANTA MARIA DAS BARREIRAS,8967,4453,2015,Araguaia
150658,SANTA MARIA DAS BARREIRAS,9833,3337,2016,Araguaia
150658,SANTA MARIA DAS BARREIRAS,9711,3186,2017,Araguaia
150658,SANTA MARIA DAS BARREIRAS,8995,3357,2018,Araguaia
150658,SANTA MARIA DAS BARREIRAS,8832,3848,2019,Araguaia
150658,SANTA MARIA DAS BARREIRAS,8786,3813,2020,Araguaia
150658,SANTA MARIA DAS BARREIRAS,9229,4384,2021,Araguaia
150658,SANTA MARIA DAS BARREIRAS,9189,5381,2022,Araguaia
150658,SANTA MARIA DAS BARREIRAS,8745,5997,2023,Araguaia
150658,SANTA MARIA DAS BARREIRAS,8025,6383,2024,Araguaia
150658,SANTA MARIA DAS BARREIRAS,7612,6657,2025,Araguaia
150660,SANTA MARIA DO PARÁ,7989,9620,2012,Guamá
150660,SANTA MARIA DO PARÁ,8120,9763,2013,Guamá
150660,SANTA MARIA DO PARÁ,8386,10398,2014,Guamá
150660,SANTA MARIA DO PARÁ,7930,9447,2015,Guamá
150660,SANTA MARIA DO PARÁ,7810,9428,2016,Guamá
150660,SANTA MARIA DO PARÁ,7424,9381,2017,Guamá
150660,SANTA MARIA DO PARÁ,7173,9208,2018,Guamá
150660,SANTA MARIA DO PARÁ,7054,9537,2019,Guamá
150660,SANTA MARIA DO PARÁ,6800,9399,2020,Guamá
150660,SANTA MARIA DO PARÁ,7018,9823,2021,Guamá
150660,SANTA MARIA DO PARÁ,7400,10263,2022,Guamá
150660,SANTA MARIA DO PARÁ,7741,10609,2023,Guamá
150660,SANTA MARIA DO PARÁ,8021,10641,2024,Guamá
150660,SANTA MARIA DO PARÁ,8123,10781,2025,Guamá
150670,SANTANA DO ARAGUAIA,5106,19208,2025,Araguaia
150670,SANTANA DO ARAGUAIA,5256,19326,2024,Araguaia
150670,SANTANA DO ARAGUAIA,5494,20067,2023,Araguaia
150670,SANTANA DO ARAGUAIA,5408,18902,2022,Araguaia
150670,SANTANA DO ARAGUAIA,5254,16200,2021,Araguaia
150670,SANTANA DO ARAGUAIA,5041,13776,2020,Araguaia
150670,SANTANA DO ARAGUAIA,5300,14360,2019,Araguaia
150670,SANTANA DO ARAGUAIA,5044,14054,2018,Araguaia
150670,SANTANA DO ARAGUAIA,5008,14382,2017,Araguaia
150670,SANTANA DO ARAGUAIA,4700,14588,2016,Araguaia
150670,SANTANA DO ARAGUAIA,4789,14181,2015,Araguaia
150670,SANTANA DO ARAGUAIA,5289,14307,2014,Araguaia
150670,SANTANA DO ARAGUAIA,5045,12967,2013,Araguaia
150670,SANTANA DO ARAGUAIA,4416,12596,2012,Araguaia
150680,SANTARÉM,81656,172097,2025,Baixo Amazonas
150680,SANTARÉM,78352,170607,2024,Baixo Amazonas
150680,SANTARÉM,77766,174699,2023,Baixo Amazonas
150680,SANTARÉM,73828,167743,2022,Baixo Amazonas
150680,SANTARÉM,66682,143736,2021,Baixo Amazonas
150680,SANTARÉM,64262,134215,2020,Baixo Amazonas
150680,SANTARÉM,65036,136282,2019,Baixo Amazonas
150680,SANTARÉM,62859,128946,2018,Baixo Amazonas
150680,SANTARÉM,65541,133705,2017,Baixo Amazonas
150680,SANTARÉM,68639,126962,2016,Baixo Amazonas
150680,SANTARÉM,71603,126257,2015,Baixo Amazonas
150680,SANTARÉM,78579,130457,2014,Baixo Amazonas
150680,SANTARÉM,76273,122639,2013,Baixo Amazonas
150680,SANTARÉM,72330,116105,2012,Baixo Amazonas
150690,SANTARÉM NOVO,4358,1735,2025,Rio Caeté
150690,SANTARÉM NOVO,4366,1538,2012,Rio Caeté
150690,SANTARÉM NOVO,4423,1534,2013,Rio Caeté
150690,SANTARÉM NOVO,4612,1622,2014,Rio Caeté
150690,SANTARÉM NOVO,4618,1660,2015,Rio Caeté
150690,SANTARÉM NOVO,4554,1546,2016,Rio Caeté
150690,SANTARÉM NOVO,4564,1698,2017,Rio Caeté
150690,SANTARÉM NOVO,4471,2507,2018,Rio Caeté
150690,SANTARÉM NOVO,5166,3063,2019,Rio Caeté
150690,SANTARÉM NOVO,4718,2095,2020,Rio Caeté
150690,SANTARÉM NOVO,4839,2154,2021,Rio Caeté
150690,SANTARÉM NOVO,4856,2194,2022,Rio Caeté
150690,SANTARÉM NOVO,4927,2202,2023,Rio Caeté
150690,SANTARÉM NOVO,4513,1856,2024,Rio Caeté
150700,SANTO ANTÔNIO DO TAUÁ,12360,10500,2024,Guamá
150700,SANTO ANTÔNIO DO TAUÁ,12701,11118,2025,Guamá
150700,SANTO ANTÔNIO DO TAUÁ,10724,8376,2014,Guamá
150700,SANTO ANTÔNIO DO TAUÁ,9877,8368,2013,Guamá
150700,SANTO ANTÔNIO DO TAUÁ,9083,8077,2012,Guamá
150700,SANTO ANTÔNIO DO TAUÁ,10802,8413,2015,Guamá
150700,SANTO ANTÔNIO DO TAUÁ,10828,8108,2016,Guamá
150700,SANTO ANTÔNIO DO TAUÁ,10674,8111,2017,Guamá
150700,SANTO ANTÔNIO DO TAUÁ,10195,8242,2018,Guamá
150700,SANTO ANTÔNIO DO TAUÁ,10090,8337,2019,Guamá
150700,SANTO ANTÔNIO DO TAUÁ,9735,8181,2020,Guamá
150700,SANTO ANTÔNIO DO TAUÁ,10346,8582,2021,Guamá
150700,SANTO ANTÔNIO DO TAUÁ,11655,9617,2022,Guamá
150700,SANTO ANTÔNIO DO TAUÁ,12128,10286,2023,Guamá
150710,SÃO CAETANO DE ODIVELAS,6287,6650,2025,Guamá
150710,SÃO CAETANO DE ODIVELAS,6367,6657,2024,Guamá
150710,SÃO CAETANO DE ODIVELAS,6660,6860,2023,Guamá
150710,SÃO CAETANO DE ODIVELAS,6644,6770,2022,Guamá
150710,SÃO CAETANO DE ODIVELAS,6373,6336,2021,Guamá
150710,SÃO CAETANO DE ODIVELAS,6389,6146,2020,Guamá
150710,SÃO CAETANO DE ODIVELAS,6515,6198,2019,Guamá
150710,SÃO CAETANO DE ODIVELAS,6590,5879,2018,Guamá
150710,SÃO CAETANO DE ODIVELAS,7680,6257,2017,Guamá
150710,SÃO CAETANO DE ODIVELAS,7859,6449,2016,Guamá
150710,SÃO CAETANO DE ODIVELAS,7905,6412,2015,Guamá
150710,SÃO CAETANO DE ODIVELAS,7889,6598,2014,Guamá
150710,SÃO CAETANO DE ODIVELAS,6371,6760,2013,Guamá
150710,SÃO CAETANO DE ODIVELAS,5248,6496,2012,Guamá
150715,SÃO DOMINGOS DO ARAGUAIA,4249,11380,2012,Carajás
150715,SÃO DOMINGOS DO ARAGUAIA,4040,12237,2013,Carajás
150715,SÃO DOMINGOS DO ARAGUAIA,3985,12663,2014,Carajás
150715,SÃO DOMINGOS DO ARAGUAIA,3502,12126,2015,Carajás
150715,SÃO DOMINGOS DO ARAGUAIA,3401,11705,2016,Carajás
150715,SÃO DOMINGOS DO ARAGUAIA,5721,11286,2017,Carajás
150715,SÃO DOMINGOS DO ARAGUAIA,4112,10542,2018,Carajás
150715,SÃO DOMINGOS DO ARAGUAIA,4074,10516,2019,Carajás
150715,SÃO DOMINGOS DO ARAGUAIA,3933,10119,2020,Carajás
150715,SÃO DOMINGOS DO ARAGUAIA,4052,10698,2021,Carajás
150715,SÃO DOMINGOS DO ARAGUAIA,4105,12059,2022,Carajás
150715,SÃO DOMINGOS DO ARAGUAIA,3690,12187,2023,Carajás
150715,SÃO DOMINGOS DO ARAGUAIA,3460,11771,2024,Carajás
150715,SÃO DOMINGOS DO ARAGUAIA,3449,11673,2025,Carajás
150720,SÃO DOMINGOS DO CAPIM,17193,8329,2025,Guamá
150720,SÃO DOMINGOS DO CAPIM,16905,8303,2024,Guamá
150720,SÃO DOMINGOS DO CAPIM,17406,8680,2023,Guamá
150720,SÃO DOMINGOS DO CAPIM,17248,8837,2022,Guamá
150720,SÃO DOMINGOS DO CAPIM,16237,8202,2021,Guamá
150720,SÃO DOMINGOS DO CAPIM,16014,8160,2020,Guamá
150720,SÃO DOMINGOS DO CAPIM,16286,8428,2019,Guamá
150720,SÃO DOMINGOS DO CAPIM,16078,8237,2018,Guamá
150720,SÃO DOMINGOS DO CAPIM,16400,8357,2017,Guamá
150720,SÃO DOMINGOS DO CAPIM,16673,8845,2016,Guamá
150720,SÃO DOMINGOS DO CAPIM,16704,9546,2015,Guamá
150720,SÃO DOMINGOS DO CAPIM,17084,10140,2014,Guamá
150720,SÃO DOMINGOS DO CAPIM,16203,10246,2013,Guamá
150720,SÃO DOMINGOS DO CAPIM,14510,10572,2012,Guamá
150730,SÃO FÉLIX DO XINGU,10965,18838,2012,Araguaia
150730,SÃO FÉLIX DO XINGU,11530,19751,2013,Araguaia
150730,SÃO FÉLIX DO XINGU,12269,21169,2014,Araguaia
150730,SÃO FÉLIX DO XINGU,11649,21639,2015,Araguaia
150730,SÃO FÉLIX DO XINGU,11612,22116,2016,Araguaia
150730,SÃO FÉLIX DO XINGU,11795,23008,2017,Araguaia
150730,SÃO FÉLIX DO XINGU,12272,22845,2018,Araguaia
150730,SÃO FÉLIX DO XINGU,12471,24398,2019,Araguaia
150730,SÃO FÉLIX DO XINGU,12356,23711,2020,Araguaia
150730,SÃO FÉLIX DO XINGU,13783,26164,2021,Araguaia
150730,SÃO FÉLIX DO XINGU,15011,28875,2022,Araguaia
150730,SÃO FÉLIX DO XINGU,15783,30855,2023,Araguaia
150730,SÃO FÉLIX DO XINGU,15609,30157,2024,Araguaia
150730,SÃO FÉLIX DO XINGU,17539,27683,2025,Araguaia
150740,SÃO FRANCISCO DO PARÁ,6701,5123,2015,Guamá
150740,SÃO FRANCISCO DO PARÁ,6504,4832,2016,Guamá
150740,SÃO FRANCISCO DO PARÁ,6389,4768,2017,Guamá
150740,SÃO FRANCISCO DO PARÁ,6098,4643,2018,Guamá
150740,SÃO FRANCISCO DO PARÁ,6356,4845,2019,Guamá
150740,SÃO FRANCISCO DO PARÁ,6328,4704,2020,Guamá
150740,SÃO FRANCISCO DO PARÁ,6562,4950,2021,Guamá
150740,SÃO FRANCISCO DO PARÁ,6901,5261,2022,Guamá
150740,SÃO FRANCISCO DO PARÁ,7132,5461,2023,Guamá
150740,SÃO FRANCISCO DO PARÁ,7601,5514,2024,Guamá
150740,SÃO FRANCISCO DO PARÁ,6881,5186,2014,Guamá
150740,SÃO FRANCISCO DO PARÁ,7594,5579,2025,Guamá
150740,SÃO FRANCISCO DO PARÁ,6370,4813,2012,Guamá
150740,SÃO FRANCISCO DO PARÁ,6789,5005,2013,Guamá
150745,SÃO GERALDO DO ARAGUAIA,6796,12134,2012,Carajás
150745,SÃO GERALDO DO ARAGUAIA,7031,11719,2013,Carajás
150745,SÃO GERALDO DO ARAGUAIA,6947,11687,2014,Carajás
150745,SÃO GERALDO DO ARAGUAIA,6131,10599,2015,Carajás
150745,SÃO GERALDO DO ARAGUAIA,5635,9623,2016,Carajás
150745,SÃO GERALDO DO ARAGUAIA,5323,9486,2017,Carajás
150745,SÃO GERALDO DO ARAGUAIA,5529,9189,2018,Carajás
150745,SÃO GERALDO DO ARAGUAIA,5365,9311,2019,Carajás
150745,SÃO GERALDO DO ARAGUAIA,5017,8949,2020,Carajás
150745,SÃO GERALDO DO ARAGUAIA,5231,9738,2021,Carajás
150745,SÃO GERALDO DO ARAGUAIA,5738,11249,2022,Carajás
150745,SÃO GERALDO DO ARAGUAIA,6081,11415,2023,Carajás
150745,SÃO GERALDO DO ARAGUAIA,5800,11739,2024,Carajás
150745,SÃO GERALDO DO ARAGUAIA,5650,11826,2025,Carajás
150746,SÃO JOÃO DA PONTA,3422,1203,2013,Guamá
150746,SÃO JOÃO DA PONTA,3252,1247,2012,Guamá
150746,SÃO JOÃO DA PONTA,3961,1257,2025,Guamá
150746,SÃO JOÃO DA PONTA,3934,1258,2024,Guamá
150746,SÃO JOÃO DA PONTA,4210,1310,2023,Guamá
150746,SÃO JOÃO DA PONTA,4208,1264,2022,Guamá
150746,SÃO JOÃO DA PONTA,4040,1180,2021,Guamá
150746,SÃO JOÃO DA PONTA,3909,1088,2020,Guamá
150746,SÃO JOÃO DA PONTA,3966,1068,2019,Guamá
150746,SÃO JOÃO DA PONTA,3806,1055,2018,Guamá
150746,SÃO JOÃO DA PONTA,3356,1082,2017,Guamá
150746,SÃO JOÃO DA PONTA,3276,1115,2016,Guamá
150746,SÃO JOÃO DA PONTA,3313,1206,2015,Guamá
150746,SÃO JOÃO DA PONTA,3533,1204,2014,Guamá
150747,SÃO JOÃO DE PIRABAS,6935,9700,2022,Rio Caeté
150747,SÃO JOÃO DE PIRABAS,6266,9420,2021,Rio Caeté
150747,SÃO JOÃO DE PIRABAS,6101,9260,2020,Rio Caeté
150747,SÃO JOÃO DE PIRABAS,6104,9471,2019,Rio Caeté
150747,SÃO JOÃO DE PIRABAS,5976,9674,2018,Rio Caeté
150747,SÃO JOÃO DE PIRABAS,6252,10109,2017,Rio Caeté
150747,SÃO JOÃO DE PIRABAS,6143,9920,2016,Rio Caeté
150747,SÃO JOÃO DE PIRABAS,6163,10557,2015,Rio Caeté
150747,SÃO JOÃO DE PIRABAS,6282,10549,2014,Rio Caeté
150747,SÃO JOÃO DE PIRABAS,4510,11893,2013,Rio Caeté
150747,SÃO JOÃO DE PIRABAS,3532,12607,2012,Rio Caeté
150747,SÃO JOÃO DE PIRABAS,7085,9615,2025,Rio Caeté
150747,SÃO JOÃO DE PIRABAS,7043,9764,2024,Rio Caeté
150747,SÃO JOÃO DE PIRABAS,7126,9917,2023,Rio Caeté
150750,SÃO JOÃO DO ARAGUAIA,4283,6273,2015,Carajás
150750,SÃO JOÃO DO ARAGUAIA,9546,2729,2025,Carajás
150750,SÃO JOÃO DO ARAGUAIA,2825,5827,2012,Carajás
150750,SÃO JOÃO DO ARAGUAIA,4135,5079,2013,Carajás
150750,SÃO JOÃO DO ARAGUAIA,4582,6325,2016,Carajás
150750,SÃO JOÃO DO ARAGUAIA,4848,6416,2017,Carajás
150750,SÃO JOÃO DO ARAGUAIA,5237,6113,2018,Carajás
150750,SÃO JOÃO DO ARAGUAIA,5747,5841,2019,Carajás
150750,SÃO JOÃO DO ARAGUAIA,5747,5621,2020,Carajás
150750,SÃO JOÃO DO ARAGUAIA,6969,4837,2021,Carajás
150750,SÃO JOÃO DO ARAGUAIA,8719,3768,2022,Carajás
150750,SÃO JOÃO DO ARAGUAIA,9321,3460,2023,Carajás
150750,SÃO JOÃO DO ARAGUAIA,9283,3016,2024,Carajás
150750,SÃO JOÃO DO ARAGUAIA,4465,5996,2014,Carajás
150760,SÃO MIGUEL DO GUAMÁ,12065,24848,2013,Guamá
150760,SÃO MIGUEL DO GUAMÁ,9417,25854,2012,Guamá
150760,SÃO MIGUEL DO GUAMÁ,12496,25351,2014,Guamá
150760,SÃO MIGUEL DO GUAMÁ,11928,23939,2015,Guamá
150760,SÃO MIGUEL DO GUAMÁ,12088,23225,2016,Guamá
150760,SÃO MIGUEL DO GUAMÁ,12340,23267,2017,Guamá
150760,SÃO MIGUEL DO GUAMÁ,12127,22499,2018,Guamá
150760,SÃO MIGUEL DO GUAMÁ,12537,23041,2019,Guamá
150760,SÃO MIGUEL DO GUAMÁ,12324,22180,2020,Guamá
150760,SÃO MIGUEL DO GUAMÁ,12405,22776,2021,Guamá
150760,SÃO MIGUEL DO GUAMÁ,13030,24313,2022,Guamá
150760,SÃO MIGUEL DO GUAMÁ,13264,25013,2023,Guamá
150760,SÃO MIGUEL DO GUAMÁ,13086,24444,2024,Guamá
150760,SÃO MIGUEL DO GUAMÁ,13170,24358,2025,Guamá
150770,SÃO SEBASTIÃO DA BOA VISTA,13854,8279,2014,Marajó
150770,SÃO SEBASTIÃO DA BOA VISTA,13054,8083,2013,Marajó
150770,SÃO SEBASTIÃO DA BOA VISTA,16648,10097,2025,Marajó
150770,SÃO SEBASTIÃO DA BOA VISTA,14090,8168,2016,Marajó
150770,SÃO SEBASTIÃO DA BOA VISTA,14193,8327,2017,Marajó
150770,SÃO SEBASTIÃO DA BOA VISTA,14272,8296,2018,Marajó
150770,SÃO SEBASTIÃO DA BOA VISTA,14534,8369,2019,Marajó
150770,SÃO SEBASTIÃO DA BOA VISTA,14513,8481,2020,Marajó
150770,SÃO SEBASTIÃO DA BOA VISTA,14978,8887,2021,Marajó
150770,SÃO SEBASTIÃO DA BOA VISTA,15834,9959,2022,Marajó
150770,SÃO SEBASTIÃO DA BOA VISTA,16306,10284,2023,Marajó
150770,SÃO SEBASTIÃO DA BOA VISTA,16492,10064,2024,Marajó
150770,SÃO SEBASTIÃO DA BOA VISTA,12002,7983,2012,Marajó
150770,SÃO SEBASTIÃO DA BOA VISTA,13739,8222,2015,Marajó
150775,SAPUCAIA,699,2689,2012,Araguaia
150775,SAPUCAIA,754,2849,2013,Araguaia
150775,SAPUCAIA,835,2948,2014,Araguaia
150775,SAPUCAIA,648,3133,2025,Araguaia
150775,SAPUCAIA,650,3223,2024,Araguaia
150775,SAPUCAIA,559,3028,2023,Araguaia
150775,SAPUCAIA,548,2909,2022,Araguaia
150775,SAPUCAIA,499,2472,2021,Araguaia
150775,SAPUCAIA,487,2072,2020,Araguaia
150775,SAPUCAIA,511,2109,2019,Araguaia
150775,SAPUCAIA,496,2091,2018,Araguaia
150775,SAPUCAIA,564,2296,2017,Araguaia
150775,SAPUCAIA,597,2521,2016,Araguaia
150775,SAPUCAIA,687,2782,2015,Araguaia
150780,SENADOR JOSÉ PORFÍRIO,9574,7516,2023,Xingu
150780,SENADOR JOSÉ PORFÍRIO,9521,7595,2024,Xingu
150780,SENADOR JOSÉ PORFÍRIO,8622,7441,2022,Xingu
150780,SENADOR JOSÉ PORFÍRIO,7277,6751,2021,Xingu
150780,SENADOR JOSÉ PORFÍRIO,6982,6530,2020,Xingu
150780,SENADOR JOSÉ PORFÍRIO,7089,6654,2019,Xingu
150780,SENADOR JOSÉ PORFÍRIO,6936,6565,2018,Xingu
150780,SENADOR JOSÉ PORFÍRIO,5834,6386,2017,Xingu
150780,SENADOR JOSÉ PORFÍRIO,5315,6207,2016,Xingu
150780,SENADOR JOSÉ PORFÍRIO,4416,6137,2015,Xingu
150780,SENADOR JOSÉ PORFÍRIO,4352,6511,2014,Xingu
150780,SENADOR JOSÉ PORFÍRIO,3661,6551,2013,Xingu
150780,SENADOR JOSÉ PORFÍRIO,3611,6401,2012,Xingu
150780,SENADOR JOSÉ PORFÍRIO,10380,8042,2025,Xingu
150790,SOURE,1136,13534,2012,Marajó
150790,SOURE,1232,14670,2013,Marajó
150790,SOURE,1197,15937,2014,Marajó
150790,SOURE,1102,15044,2015,Marajó
150790,SOURE,1051,14979,2016,Marajó
150790,SOURE,1043,14956,2017,Marajó
150790,SOURE,980,14902,2018,Marajó
150790,SOURE,966,15238,2019,Marajó
150790,SOURE,951,15111,2020,Marajó
150790,SOURE,1030,16013,2021,Marajó
150790,SOURE,1045,16951,2022,Marajó
150790,SOURE,1022,17611,2023,Marajó
150790,SOURE,1035,17828,2024,Marajó
150790,SOURE,1057,18667,2025,Marajó
150795,TAILÂNDIA,21692,34275,2023,Tocantins
150795,TAILÂNDIA,21872,33920,2025,Tocantins
150795,TAILÂNDIA,21664,33775,2024,Tocantins
150795,TAILÂNDIA,10292,31548,2012,Tocantins
150795,TAILÂNDIA,12744,33745,2013,Tocantins
150795,TAILÂNDIA,14520,34725,2014,Tocantins
150795,TAILÂNDIA,15214,32840,2015,Tocantins
150795,TAILÂNDIA,16021,31938,2016,Tocantins
150795,TAILÂNDIA,15879,30397,2017,Tocantins
150795,TAILÂNDIA,15707,27637,2018,Tocantins
150795,TAILÂNDIA,16251,27040,2019,Tocantins
150795,TAILÂNDIA,16162,26639,2020,Tocantins
150795,TAILÂNDIA,17311,27914,2021,Tocantins
150795,TAILÂNDIA,20196,32404,2022,Tocantins
150796,TERRA ALTA,5651,3923,2025,Guamá
150796,TERRA ALTA,5751,4123,2024,Guamá
150796,TERRA ALTA,6107,4430,2023,Guamá
150796,TERRA ALTA,6074,4386,2022,Guamá
150796,TERRA ALTA,5530,4068,2021,Guamá
150796,TERRA ALTA,5435,3899,2020,Guamá
150796,TERRA ALTA,5433,3966,2019,Guamá
150796,TERRA ALTA,5355,3834,2018,Guamá
150796,TERRA ALTA,5348,3870,2017,Guamá
150796,TERRA ALTA,5157,3788,2016,Guamá
150796,TERRA ALTA,5094,3786,2015,Guamá
150796,TERRA ALTA,5163,3891,2014,Guamá
150796,TERRA ALTA,4149,3996,2012,Guamá
150796,TERRA ALTA,4702,3937,2013,Guamá
150797,TERRA SANTA,2642,12506,2025,Baixo Amazonas
150797,TERRA SANTA,2620,12424,2024,Baixo Amazonas
150797,TERRA SANTA,1616,10639,2020,Baixo Amazonas
150797,TERRA SANTA,1618,10952,2019,Baixo Amazonas
150797,TERRA SANTA,1500,10724,2018,Baixo Amazonas
150797,TERRA SANTA,1437,11199,2017,Baixo Amazonas
150797,TERRA SANTA,1406,11146,2016,Baixo Amazonas
150797,TERRA SANTA,1326,11131,2015,Baixo Amazonas
150797,TERRA SANTA,1335,11670,2014,Baixo Amazonas
150797,TERRA SANTA,2542,12309,2023,Baixo Amazonas
150797,TERRA SANTA,2344,11995,2022,Baixo Amazonas
150797,TERRA SANTA,1960,10988,2021,Baixo Amazonas
150797,TERRA SANTA,1276,11337,2013,Baixo Amazonas
150797,TERRA SANTA,1126,11047,2012,Baixo Amazonas
150800,TOMÉ-AÇU,25898,26415,2025,Rio Capim
150800,TOMÉ-AÇU,16630,28283,2012,Rio Capim
150800,TOMÉ-AÇU,18865,28261,2013,Rio Capim
150800,TOMÉ-AÇU,19816,28603,2014,Rio Capim
150800,TOMÉ-AÇU,18665,26748,2015,Rio Capim
150800,TOMÉ-AÇU,18759,25235,2016,Rio Capim
150800,TOMÉ-AÇU,18953,23827,2017,Rio Capim
150800,TOMÉ-AÇU,18814,22312,2018,Rio Capim
150800,TOMÉ-AÇU,19764,22569,2019,Rio Capim
150800,TOMÉ-AÇU,19488,21692,2020,Rio Capim
150800,TOMÉ-AÇU,20298,22366,2021,Rio Capim
150800,TOMÉ-AÇU,23699,24891,2022,Rio Capim
150800,TOMÉ-AÇU,25600,26144,2023,Rio Capim
150800,TOMÉ-AÇU,25773,26123,2024,Rio Capim
150803,TRACUATEUA,18540,6457,2025,Rio Caeté
150803,TRACUATEUA,18901,6513,2024,Rio Caeté
150803,TRACUATEUA,18874,6530,2023,Rio Caeté
150803,TRACUATEUA,18633,6398,2022,Rio Caeté
150803,TRACUATEUA,17469,5920,2021,Rio Caeté
150803,TRACUATEUA,16879,5614,2020,Rio Caeté
150803,TRACUATEUA,17300,5623,2019,Rio Caeté
150803,TRACUATEUA,17162,5487,2018,Rio Caeté
150803,TRACUATEUA,17726,5567,2017,Rio Caeté
150803,TRACUATEUA,18227,5542,2016,Rio Caeté
150803,TRACUATEUA,18098,5502,2015,Rio Caeté
150803,TRACUATEUA,19344,5952,2014,Rio Caeté
150803,TRACUATEUA,18837,5736,2013,Rio Caeté
150803,TRACUATEUA,17301,6232,2012,Rio Caeté
150805,TRAIRÃO,3194,5948,2012,Tapajós
150805,TRAIRÃO,3968,5526,2013,Tapajós
150805,TRAIRÃO,4450,5461,2014,Tapajós
150805,TRAIRÃO,4299,5017,2015,Tapajós
150805,TRAIRÃO,4625,4807,2016,Tapajós
150805,TRAIRÃO,4981,4858,2017,Tapajós
150805,TRAIRÃO,5559,4949,2018,Tapajós
150805,TRAIRÃO,5721,5106,2019,Tapajós
150805,TRAIRÃO,5476,5027,2020,Tapajós
150805,TRAIRÃO,5741,5282,2021,Tapajós
150805,TRAIRÃO,6271,5795,2022,Tapajós
150805,TRAIRÃO,6659,6012,2023,Tapajós
150805,TRAIRÃO,6772,5884,2024,Tapajós
150805,TRAIRÃO,6745,6202,2025,Tapajós
150808,TUCUMÃ,3029,16292,2012,Araguaia
150808,TUCUMÃ,3276,16958,2013,Araguaia
150808,TUCUMÃ,3527,17356,2014,Araguaia
150808,TUCUMÃ,3065,16078,2015,Araguaia
150808,TUCUMÃ,3146,14792,2016,Araguaia
150808,TUCUMÃ,3294,14712,2017,Araguaia
150808,TUCUMÃ,3378,13430,2018,Araguaia
150808,TUCUMÃ,3360,14091,2019,Araguaia
150808,TUCUMÃ,3101,13287,2020,Araguaia
150808,TUCUMÃ,3446,15429,2021,Araguaia
150808,TUCUMÃ,3823,17949,2022,Araguaia
150808,TUCUMÃ,3821,18926,2023,Araguaia
150808,TUCUMÃ,3917,19841,2024,Araguaia
150808,TUCUMÃ,4074,20166,2025,Araguaia
150810,TUCURUÍ,7384,49273,2025,Lago Tucuruí
150810,TUCURUÍ,4770,53131,2012,Lago Tucuruí
150810,TUCURUÍ,7349,50277,2024,Lago Tucuruí
150810,TUCURUÍ,7417,54048,2023,Lago Tucuruí
150810,TUCURUÍ,7219,52930,2022,Lago Tucuruí
150810,TUCURUÍ,6752,49213,2021,Lago Tucuruí
150810,TUCURUÍ,6279,47741,2020,Lago Tucuruí
150810,TUCURUÍ,6375,49123,2019,Lago Tucuruí
150810,TUCURUÍ,6174,49383,2018,Lago Tucuruí
150810,TUCURUÍ,5904,50666,2017,Lago Tucuruí
150810,TUCURUÍ,5583,50977,2016,Lago Tucuruí
150810,TUCURUÍ,5623,53402,2015,Lago Tucuruí
150810,TUCURUÍ,5714,57049,2014,Lago Tucuruí
150810,TUCURUÍ,5402,55909,2013,Lago Tucuruí
150812,ULIANÓPOLIS,4452,13899,2025,Rio Capim
150812,ULIANÓPOLIS,4611,14074,2024,Rio Capim
150812,ULIANÓPOLIS,5031,14422,2023,Rio Capim
150812,ULIANÓPOLIS,4828,13822,2022,Rio Capim
150812,ULIANÓPOLIS,4343,11716,2021,Rio Capim
150812,ULIANÓPOLIS,4032,10878,2020,Rio Capim
150812,ULIANÓPOLIS,4083,11375,2019,Rio Capim
150812,ULIANÓPOLIS,4088,11129,2018,Rio Capim
150812,ULIANÓPOLIS,4115,11687,2017,Rio Capim
150812,ULIANÓPOLIS,4152,12166,2016,Rio Capim
150812,ULIANÓPOLIS,4209,12304,2015,Rio Capim
150812,ULIANÓPOLIS,4431,12469,2014,Rio Capim
150812,ULIANÓPOLIS,4254,12154,2013,Rio Capim
150812,ULIANÓPOLIS,3419,11846,2012,Rio Capim
150815,URUARÁ,11585,16251,2013,Xingu
150815,URUARÁ,12693,16950,2014,Xingu
150815,URUARÁ,12171,15468,2015,Xingu
150815,URUARÁ,12486,15029,2016,Xingu
150815,URUARÁ,12662,14702,2017,Xingu
150815,URUARÁ,13001,14405,2018,Xingu
150815,URUARÁ,13576,14671,2019,Xingu
150815,URUARÁ,13519,14328,2020,Xingu
150815,URUARÁ,14511,14543,2021,Xingu
150815,URUARÁ,15772,15259,2022,Xingu
150815,URUARÁ,16393,15571,2023,Xingu
150815,URUARÁ,16387,15072,2024,Xingu
150815,URUARÁ,16923,15187,2025,Xingu
150815,URUARÁ,9843,15788,2012,Xingu
150820,VIGIA,8720,23570,2014,Guamá
150820,VIGIA,6059,24100,2012,Guamá
150820,VIGIA,7921,23144,2013,Guamá
150820,VIGIA,10262,26966,2025,Guamá
150820,VIGIA,10369,26681,2024,Guamá
150820,VIGIA,11036,28166,2023,Guamá
150820,VIGIA,10888,27564,2022,Guamá
150820,VIGIA,9722,23876,2021,Guamá
150820,VIGIA,9387,22736,2020,Guamá
150820,VIGIA,9694,23554,2019,Guamá
150820,VIGIA,9204,23213,2018,Guamá
150820,VIGIA,8832,23497,2017,Guamá
150820,VIGIA,8878,23753,2016,Guamá
150820,VIGIA,8898,23482,2015,Guamá
150830,VISEU,24735,21502,2012,Rio Caeté
150830,VISEU,34100,13735,2013,Rio Caeté
150830,VISEU,35701,13562,2014,Rio Caeté
150830,VISEU,35145,13290,2015,Rio Caeté
150830,VISEU,35175,12005,2016,Rio Caeté
150830,VISEU,34314,11413,2017,Rio Caeté
150830,VISEU,32770,10249,2018,Rio Caeté
150830,VISEU,33032,9982,2019,Rio Caeté
150830,VISEU,33029,9821,2020,Rio Caeté
150830,VISEU,33497,10225,2021,Rio Caeté
150830,VISEU,35237,10765,2022,Rio Caeté
150830,VISEU,34999,10638,2023,Rio Caeté
150830,VISEU,35407,10169,2024,Rio Caeté
150830,VISEU,35050,10295,2025,Rio Caeté
150835,VITÓRIA DO XINGU,2049,5386,2012,Xingu
150835,VITÓRIA DO XINGU,2213,5034,2013,Xingu
150835,VITÓRIA DO XINGU,2857,4946,2014,Xingu
150835,VITÓRIA DO XINGU,2551,4859,2015,Xingu
150835,VITÓRIA DO XINGU,2677,4799,2016,Xingu
150835,VITÓRIA DO XINGU,2839,4884,2017,Xingu
150835,VITÓRIA DO XINGU,2632,4702,2018,Xingu
150835,VITÓRIA DO XINGU,2897,5051,2019,Xingu
150835,VITÓRIA DO XINGU,2706,4860,2020,Xingu
150835,VITÓRIA DO XINGU,3449,5733,2021,Xingu
150835,VITÓRIA DO XINGU,4824,6709,2022,Xingu
150835,VITÓRIA DO XINGU,5276,7182,2023,Xingu
150835,VITÓRIA DO XINGU,5650,7297,2024,Xingu
150835,VITÓRIA DO XINGU,5705,7176,2025,Xingu
150840,XINGUARA,3005,24923,2025,Araguaia
150840,XINGUARA,3044,24841,2024,Araguaia
150840,XINGUARA,3161,24705,2023,Araguaia
150840,XINGUARA,2842,23483,2022,Araguaia
150840,XINGUARA,2425,20370,2021,Araguaia
150840,XINGUARA,2068,18912,2020,Araguaia
150840,XINGUARA,2246,19386,2019,Araguaia
150840,XINGUARA,1986,19173,2018,Araguaia
150840,XINGUARA,2397,19317,2017,Araguaia
150840,XINGUARA,2647,19319,2016,Araguaia
150840,XINGUARA,2687,18324,2015,Araguaia
150840,XINGUARA,2898,20620,2014,Araguaia
150840,XINGUARA,2110,19247,2013,Araguaia
150840,XINGUARA,2135,16706,2012,Araguaia
