Codigo,Municipio,Branca,Preta,Amarela,Parda,Indígena,Total,RI,Ano
000001,Pará,1570281,793621,12432,5673446,69180,8120131,,2022
150010,Abaetetuba (PA),29624,15895,107,112187,83,158188,Tocantins,2022
150013,Abel Figueiredo (PA),1228,640,-,4258,10,6136,Rio Capim,2022
150020,Acará (PA),5684,8503,65,44748,23,59023,Tocantins,2022
150030,Afuá (PA),5470,2567,24,29690,12,37765,Marajó,2022
150034,Água Azul do Norte (PA),4451,1829,13,11609,176,18080,Araguaia,2022
150040,Alenquer (PA),10431,5405,41,53463,36,69377,Baixo Amazonas,2022
150050,Almeirim (PA),5102,2583,12,25498,1085,34280,Baixo Amazonas,2022
150060,Altamira (PA),29118,12939,329,77948,5944,126279,Xingu,2022
150070,Anajás (PA),3900,1610,8,22488,5,28011,Marajó,2022
150080,Ananindeua (PA),112106,53576,949,311624,508,478778,Guajará,2022
150085,Anapu (PA),6182,3497,215,21015,941,31850,Xingu,2022
150090,Augusto Corrêa (PA),5022,1430,8,38105,8,44573,Rio Caeté,2022
150095,Aurora do Pará (PA),3005,2617,18,18085,49,23774,Rio Capim,2022
150100,Aveiro (PA),1720,1004,18,12581,2967,18290,Tapajós,2022
150110,Bagre (PA),3185,2974,6,25726,1,31892,Marajó,2022
150120,Baião (PA),5955,11813,12,33810,51,51641,Tocantins,2022
150125,Bannach (PA),726,414,8,2667,216,4031,Araguaia,2022
150130,Barcarena (PA),22494,10492,234,93144,284,126650,Tocantins,2022
150140,Belém (PA),342476,149395,3298,806103,2069,1303403,Guajará,2022
150145,Belterra (PA),2394,937,52,14012,704,18099,Baixo Amazonas,2022
150150,Benevides (PA),12040,6258,119,45082,68,63567,Guajará,2022
150157,Bom Jesus do Tocantins (PA),3963,1314,18,11633,1077,18005,Carajás,2022
150160,Bonito (PA),2075,680,9,9856,2,12622,Rio Caeté,2022
150170,Bragança (PA),16431,5413,57,101085,94,123082,Rio Caeté,2022
150172,Brasil Novo (PA),5996,2850,21,15457,393,24718,Xingu,2022
150175,Brejo Grande do Araguaia (PA),1140,782,5,4774,82,6783,Carajás,2022
150178,Breu Branco (PA),7787,5254,49,32526,96,45712,Lago Tucuruí,2022
150180,Breves (PA),15892,7566,118,83288,104,106968,Marajó,2022
150190,Bujaru (PA),2546,3060,19,18732,26,24383,Rio Capim,2022
150195,Cachoeira do Piriá (PA),2712,2470,5,14412,31,19630,Rio Caeté,2022
150200,Cachoeira do Arari (PA),2124,3508,14,18319,16,23981,Marajó,2022
150210,Cametá (PA),23161,10565,55,100277,125,134184,Tocantins,2022
150215,Canaã dos Carajás (PA),16694,7515,204,52546,120,77079,Carajás,2022
150220,Capanema (PA),16489,3796,149,49858,102,70394,Rio Caeté,2022
150230,Capitão Poço (PA),8253,3059,43,45081,69,56506,Rio Capim,2022
150240,Castanhal (PA),42881,16429,719,132079,144,192256,Guamá,2022
150250,Chaves (PA),2620,2692,40,15381,24,20757,Marajó,2022
150260,Colares (PA),2165,834,2,9855,12,12868,Guamá,2022
150270,Conceição do Araguaia (PA),9601,5992,142,28776,102,44617,Araguaia,2022
150275,Concórdia do Pará (PA),3659,4594,52,18543,33,26881,Rio Capim,2022
150276,Cumaru do Norte (PA),2273,1502,12,7246,2446,14036,Araguaia,2022
150277,Curionópolis (PA),4019,2192,15,13693,31,19950,Carajás,2022
150280,Curralinho (PA),4925,2117,13,26835,13,33903,Marajó,2022
150285,Curuá (PA),1741,813,1,11552,10,14117,Baixo Amazonas,2022
150290,Curuçá (PA),7190,2159,33,31857,23,41262,Guamá,2022
150293,Dom Eliseu (PA),13176,6145,82,39034,47,58484,Rio Capim,2022
150295,Eldorado do Carajás (PA),5526,3409,22,19198,37,28192,Carajás,2022
150300,Faro (PA),1129,201,1,7314,83,8728,Baixo Amazonas,2022
150304,Floresta do Araguaia (PA),3816,1896,23,12134,29,17898,Araguaia,2022
150307,Garrafão do Norte (PA),3324,1523,29,19819,8,24703,Rio Capim,2022
150309,Goianésia do Pará (PA),5095,2860,15,18279,112,26362,Lago Tucuruí,2022
150310,Gurupá (PA),5092,1992,8,24643,51,31786,Marajó,2022
150320,Igarapé-Açu (PA),6803,2108,105,26754,25,35797,Guamá,2022
150330,Igarapé-Miri (PA),11507,11062,24,42215,23,64831,Tocantins,2022
150340,Inhangapi (PA),1030,1569,10,7709,7,10325,Guamá,2022
150345,Ipixuna do Pará (PA),4748,3052,26,22468,35,30329,Rio Capim,2022
150350,Irituia (PA),4224,3023,34,23661,12,30955,Rio Capim,2022
150360,Itaituba (PA),23860,13079,135,84202,2035,123314,Tapajós,2022
150370,Itupiranga (PA),9112,6270,62,33868,442,49754,Lago Tucuruí,2022
150375,Jacareacanga (PA),1854,1214,17,7141,13816,24042,Tapajós,2022
150380,Jacundá (PA),7819,4488,62,25293,42,37707,Lago Tucuruí,2022
150390,Juruti (PA),6241,2538,69,41921,112,50881,Baixo Amazonas,2022
150400,Limoeiro do Ajuru (PA),5112,1146,2,23296,13,29569,Tocantins,2022
150405,Mãe do Rio (PA),6601,2909,50,24779,13,34353,Rio Capim,2022
150410,Magalhães Barata (PA),1314,379,-,6421,1,8115,Guamá,2022
150420,Marabá (PA),48548,26407,266,190750,552,266533,Carajás,2022
150430,Maracanã (PA),4279,1361,5,20309,16,25971,Guamá,2022
150440,Marapanim (PA),4166,1385,2,21013,7,26573,Guamá,2022
150442,Marituba (PA),22505,11256,117,77809,94,111785,Guajará,2022
150445,Medicilândia (PA),5461,2625,70,18920,18,27094,Xingu,2022
150450,Melgaço (PA),3830,3075,14,20950,11,27881,Marajó,2022
150460,Mocajuba (PA),5067,3168,6,18910,47,27198,Tocantins,2022
150470,Moju (PA),11124,11077,74,61588,230,84094,Tocantins,2022
150475,Mojuí dos Campos (PA),3500,1301,26,18630,44,23501,Baixo Amazonas,2022
150480,Monte Alegre (PA),10163,3569,101,46122,57,60012,Baixo Amazonas,2022
150490,Muaná (PA),6048,2149,4,37166,1,45368,Marajó,2022
150495,Nova Esperança do Piriá (PA),3195,1417,24,15810,32,20478,Rio Capim,2022
150497,Nova Ipixuna (PA),2057,2235,10,9641,8,13955,Lago Tucuruí,2022
150500,Nova Timboteua (PA),2135,850,13,9804,3,12806,Rio Caeté,2022
150503,Novo Progresso (PA),9787,2721,65,20994,71,33638,Tapajós,2022
150506,Novo Repartimento (PA),10802,6568,134,42108,1119,60732,Lago Tucuruí,2022
150510,Óbidos (PA),7840,6399,15,37106,868,52229,Baixo Amazonas,2022
150520,Oeiras do Pará (PA),2839,3985,9,26996,15,33844,Tocantins,2022
150530,Oriximiná (PA),9451,9028,38,45975,3802,68294,Baixo Amazonas,2022
150540,Ourém (PA),2407,2015,16,13378,39,17855,Rio Capim,2022
150543,Ourilândia do Norte (PA),7164,3135,13,20686,1468,32467,Araguaia,2022
150548,Pacajá (PA),6988,4249,16,29811,33,41097,Xingu,2022
150549,Palestina do Pará (PA),1252,875,5,4748,5,6885,Carajás,2022
150550,Paragominas (PA),21410,10702,167,71824,1328,105550,Rio Capim,2022
150553,Parauapebas (PA),56707,26734,351,182069,1965,267836,Carajás,2022
150555,Pau D'Arco (PA),1245,608,6,4612,460,6931,Araguaia,2022
150560,Peixe-Boi (PA),1596,459,10,6217,3,8285,Rio Caeté,2022
150563,Piçarra (PA),2148,1680,25,8964,5,12832,Carajás,2022
150565,Placas (PA),4260,2321,43,12023,21,18668,Xingu,2022
150570,Ponta de Pedras (PA),4073,2179,11,18699,22,24984,Marajó,2022
150580,Portel (PA),8481,4200,14,49781,26,62503,Marajó,2022
150590,Porto de Moz (PA),4650,2239,11,33604,93,40597,Xingu,2022
150600,Prainha (PA),3653,2975,26,28900,23,35577,Baixo Amazonas,2022
150610,Primavera (PA),1631,529,8,8679,3,10851,Rio Caeté,2022
150611,Quatipuru (PA),2228,627,4,8653,12,11524,Rio Caeté,2022
150613,Redenção (PA),21094,10490,104,53606,299,85597,Araguaia,2022
150616,Rio Maria (PA),4363,2080,76,11829,36,18384,Araguaia,2022
150618,Rondon do Pará (PA),11241,4035,12,37745,108,53143,Rio Capim,2022
150619,Rurópolis (PA),7287,3601,40,24772,69,35769,Tapajós,2022
150620,Salinópolis (PA),7388,2191,36,35086,71,44772,Rio Caeté,2022
150630,Salvaterra (PA),2598,5136,10,16364,21,24129,Marajó,2022
150635,Santa Bárbara do Pará (PA),3409,2076,17,15561,24,21087,Guajará,2022
150640,Santa Cruz do Arari (PA),977,1945,10,4509,4,7445,Marajó,2022
150650,Santa Izabel do Pará (PA),11585,7236,279,53832,86,73019,Guamá,2022
150655,Santa Luzia do Pará (PA),3369,1547,24,14694,736,20370,Rio Caeté,2022
150658,Santa Maria das Barreiras (PA),3582,1694,26,11146,100,16548,Araguaia,2022
150660,Santa Maria do Pará (PA),4867,1455,59,17848,395,24624,Guamá,2022
150670,Santana do Araguaia (PA),6971,4312,84,20900,145,32413,Araguaia,2022
150680,Santarém (PA),56124,23988,389,240817,10602,331942,Baixo Amazonas,2022
150690,Santarém Novo (PA),866,383,9,4854,4,6116,Rio Caeté,2022
150700,Santo Antônio do Tauá (PA),5109,1935,50,20328,39,27461,Guamá,2022
150710,São Caetano de Odivelas (PA),2879,950,12,12819,6,16666,Guamá,2022
150715,São Domingos do Araguaia (PA),3910,2204,31,14889,57,21092,Carajás,2022
150720,São Domingos do Capim (PA),3564,3116,15,23897,7,30599,Guamá,2022
150730,São Félix do Xingu (PA),12033,6152,72,44722,2439,65418,Araguaia,2022
150740,São Francisco do Pará (PA),2535,819,21,11495,24,14894,Guamá,2022
150745,São Geraldo do Araguaia (PA),4524,3002,24,16241,463,24255,Carajás,2022
150746,São João da Ponta (PA),429,125,2,3873,1,4430,Guamá,2022
150747,São João de Pirabas (PA),3527,989,9,16160,4,20689,Rio Caeté,2022
150750,São João do Araguaia (PA),2014,1851,13,9761,25,13664,Carajás,2022
150760,São Miguel do Guamá (PA),5750,5638,45,41427,33,52894,Guamá,2022
150770,São Sebastião da Boa Vista (PA),5030,1568,30,18992,23,25643,Marajó,2022
150775,Sapucaia (PA),1099,437,8,4298,5,5847,Araguaia,2022
150780,Senador José Porfírio (PA),3289,2664,39,15763,821,22576,Xingu,2022
150790,Soure (PA),2750,4458,12,16958,26,24204,Marajó,2022
150795,Tailândia (PA),13465,8663,155,50123,85,72493,Tocantins,2022
150796,Terra Alta (PA),1797,665,19,7917,2,10400,Guamá,2022
150797,Terra Santa (PA),2975,637,6,15137,26,18782,Baixo Amazonas,2022
150800,Tomé-Açu (PA),10838,7803,502,47913,529,67585,Rio Capim,2022
150803,Tracuateua (PA),2569,1006,8,24993,19,28595,Rio Caeté,2022
150805,Trairão (PA),3098,1250,7,10543,344,15242,Tapajós,2022
150808,Tucumã (PA),10783,3276,62,25388,39,39550,Araguaia,2022
150810,Tucuruí (PA),20702,10284,88,59425,805,91306,Lago Tucuruí,2022
150812,Ulianópolis (PA),8860,3435,49,25592,35,37972,Rio Capim,2022
150815,Uruará (PA),9503,4409,11,29535,100,43558,Xingu,2022
150820,Vigia (PA),10924,3632,24,36224,25,50832,Guamá,2022
150830,Viseu (PA),6782,3385,24,48435,66,58692,Rio Caeté,2022
150835,Vitória do Xingu (PA),2730,1666,24,10667,517,15607,Xingu,2022
150840,Xinguara (PA),12369,4933,69,35466,56,52893,Araguaia,2022
