Codigo,Municipio_x,0-3_cadunico,4-6_cadunico,7-15_cadunico,16-17_cadunico,18-24_cadunico,25-34_cadunico,35-39_cadunico,40-44_cadunico,45-49_cadunico,50-54_cadunico,55-59_cadunico,60-64_cadunico,64+_cadunico,Total_cadunico,Ano,RI,Municipio_y,0-3_geral,4-6_geral,7-15_geral,16-17_geral,18-24_geral,25-34_geral,35-39_geral,40-44_geral,45-49_geral,50-54_geral,55-59_geral,60-64_geral,64+_geral,Total_geral
15,,,,,,,,,,,,,,,,2010,,Pará,584197.0,459462.0,1477017.0,318551.0,1051358.0,1324739.0,514535.0,434824.0,353997.0,294209.0,233028.0,174438.0,359797.0,7581051.0
15,,,,,,,,,,,,,,,,2022,,Pará,538275.0,421518.0,1298790.0,292959.0,994826.0,1306506.0,650689.0,604614.0,490203.0,419361.0,346819.0,235151.0,641181.0,8120131.0
150010,ABAETETUBA,,,24454.0,6132.0,16457.0,16663.0,6391.0,5538.0,4386.0,3454.0,2695.0,1931.0,2967.0,91068.0,2010,Tocantins,Abaetetuba (PA),10342.0,8118.0,28235.0,6820.0,21305.0,24356.0,9333.0,7487.0,5943.0,4910.0,4155.0,3169.0,6889.0,141100.0
150010,ABAETETUBA,8707.0,7680.0,22673.0,5148.0,19082.0,24229.0,9988.0,8686.0,7260.0,5893.0,4607.0,3265.0,5620.0,132838.0,2022,Tocantins,Abaetetuba (PA),10459.0,8071.0,24556.0,5591.0,20296.0,27807.0,12928.0,11467.0,9435.0,7836.0,6170.0,4075.0,11912.0,158188.0
150013,ABEL FIGUEIREDO,,,1145.0,250.0,627.0,763.0,330.0,263.0,211.0,177.0,133.0,84.0,99.0,4082.0,2010,Rio Capim,Abel Figueiredo (PA),532.0,413.0,1328.0,277.0,885.0,1191.0,431.0,388.0,341.0,249.0,212.0,173.0,359.0,6780.0
150013,ABEL FIGUEIREDO,387.0,394.0,1088.0,233.0,737.0,769.0,380.0,360.0,291.0,243.0,230.0,183.0,357.0,5652.0,2022,Rio Capim,Abel Figueiredo (PA),425.0,373.0,1001.0,202.0,667.0,864.0,473.0,477.0,343.0,356.0,298.0,204.0,568.0,6136.0
150020,ACARÁ,,,10166.0,2162.0,5287.0,5377.0,2195.0,1927.0,1487.0,1186.0,838.0,577.0,766.0,31968.0,2010,Tocantins,Acará (PA),4935.0,3856.0,11952.0,2438.0,7489.0,8101.0,3351.0,2692.0,2102.0,1588.0,1374.0,1145.0,2539.0,53569.0
150020,ACARÁ,3324.0,3244.0,10350.0,2396.0,6218.0,7446.0,3193.0,2827.0,2354.0,2098.0,1652.0,1010.0,1700.0,47812.0,2022,Tocantins,Acará (PA),4278.0,3372.0,10659.0,2510.0,7275.0,9183.0,4384.0,3956.0,3172.0,2863.0,2317.0,1489.0,4523.0,59023.0
150030,AFUÁ,,,8112.0,1681.0,3943.0,3540.0,1430.0,1205.0,931.0,727.0,555.0,321.0,431.0,22876.0,2010,Marajó,Afuá (PA),3657.0,2889.0,8897.0,1740.0,4752.0,4992.0,1837.0,1480.0,1172.0,946.0,815.0,530.0,1329.0,35042.0
150030,AFUÁ,2806.0,2786.0,8131.0,1790.0,5613.0,5749.0,2083.0,1773.0,1429.0,1132.0,845.0,548.0,1093.0,35778.0,2022,Marajó,Afuá (PA),3512.0,2693.0,7775.0,1630.0,5170.0,5879.0,2453.0,2189.0,1797.0,1414.0,1148.0,771.0,2075.0,37765.0
150034,ÁGUA AZUL DO NORTE,,,2727.0,621.0,1661.0,1878.0,764.0,594.0,527.0,421.0,347.0,290.0,511.0,10341.0,2010,Araguaia,Água Azul do Norte (PA),1550.0,1341.0,4524.0,869.0,3803.0,5298.0,2139.0,1757.0,1117.0,905.0,615.0,444.0,694.0,25057.0
150034,ÁGUA AZUL DO NORTE,805.0,768.0,2215.0,504.0,1546.0,1658.0,757.0,662.0,590.0,503.0,462.0,376.0,800.0,11646.0,2022,Araguaia,Água Azul do Norte (PA),1387.0,1091.0,2973.0,599.0,2146.0,3000.0,1559.0,1473.0,1066.0,784.0,651.0,479.0,1165.0,18080.0
150040,ALENQUER,,,12152.0,2478.0,4721.0,5469.0,2360.0,1922.0,1467.0,1187.0,928.0,867.0,1698.0,35249.0,2010,Baixo Amazonas,Alenquer (PA),4791.0,4034.0,12259.0,2547.0,6187.0,7561.0,3069.0,2415.0,2071.0,1845.0,1604.0,1213.0,3023.0,52626.0
150040,ALENQUER,3401.0,3294.0,10550.0,2738.0,7138.0,6134.0,2648.0,2414.0,1982.0,1488.0,1246.0,942.0,2381.0,46356.0,2022,Baixo Amazonas,Alenquer (PA),5641.0,4567.0,13530.0,2933.0,8802.0,10780.0,4844.0,4443.0,3494.0,2829.0,2310.0,1612.0,4816.0,69377.0
150050,ALMEIRIM,,,5894.0,1252.0,3671.0,3423.0,1213.0,961.0,828.0,662.0,524.0,346.0,540.0,19314.0,2010,Baixo Amazonas,Almeirim (PA),3039.0,2343.0,7284.0,1588.0,4395.0,5400.0,2199.0,1783.0,1536.0,1268.0,892.0,627.0,1258.0,33614.0
150050,ALMEIRIM,2241.0,1948.0,5783.0,1254.0,3730.0,4274.0,1716.0,1413.0,1065.0,877.0,725.0,572.0,854.0,26452.0,2022,Baixo Amazonas,Almeirim (PA),2941.0,2172.0,6605.0,1404.0,4260.0,5311.0,2401.0,2252.0,1834.0,1516.0,1234.0,861.0,2150.0,34280.0
150060,ALTAMIRA,,,12832.0,2928.0,7379.0,7265.0,3254.0,2664.0,2162.0,1660.0,1229.0,916.0,1354.0,43643.0,2010,Xingu,Altamira (PA),7468.0,5801.0,19191.0,4211.0,13609.0,17780.0,6923.0,5785.0,4869.0,3963.0,2937.0,2169.0,4359.0,99075.0
150060,ALTAMIRA,4619.0,5192.0,14560.0,2931.0,8658.0,9966.0,4628.0,4339.0,3353.0,2752.0,2418.0,2215.0,5552.0,71183.0,2022,Xingu,Altamira (PA),8764.0,7264.0,20308.0,4270.0,15354.0,21390.0,10443.0,9635.0,7619.0,6354.0,5180.0,3289.0,8347.0,126279.0
150070,ANAJÁS,,,6529.0,1263.0,2991.0,3094.0,1193.0,903.0,658.0,544.0,407.0,318.0,572.0,18472.0,2010,Marajó,Anajás (PA),2910.0,2228.0,6231.0,1181.0,3402.0,3525.0,1289.0,929.0,731.0,597.0,511.0,361.0,861.0,24759.0
150070,ANAJÁS,2738.0,2468.0,6898.0,1468.0,4802.0,4537.0,1754.0,1472.0,1164.0,847.0,614.0,452.0,1129.0,30343.0,2022,Marajó,Anajás (PA),2789.0,2135.0,6126.0,1286.0,4069.0,4326.0,1868.0,1522.0,1223.0,931.0,643.0,467.0,1243.0,28011.0
150080,ANANINDEUA,,,42181.0,9542.0,24009.0,21705.0,11038.0,9417.0,6761.0,4304.0,2909.0,2949.0,7182.0,141997.0,2010,Guajará,Ananindeua (PA),29688.0,23101.0,79361.0,18168.0,64991.0,91431.0,37846.0,32427.0,26238.0,21909.0,16281.0,11378.0,19111.0,471980.0
150080,ANANINDEUA,10717.0,13975.0,40980.0,9502.0,28910.0,33769.0,16752.0,16777.0,14686.0,13156.0,11056.0,9999.0,21666.0,241945.0,2022,Guajará,Ananindeua (PA),24300.0,19926.0,63056.0,14607.0,54617.0,78115.0,41560.0,41257.0,34246.0,30238.0,24230.0,16610.0,41315.0,478778.0
150085,ANAPU,,,4760.0,931.0,2531.0,2776.0,1055.0,755.0,666.0,522.0,440.0,276.0,372.0,15084.0,2010,Xingu,Anapu (PA),1957.0,1465.0,4423.0,965.0,2812.0,3352.0,1224.0,1059.0,862.0,751.0,612.0,399.0,662.0,20543.0
150085,ANAPU,1937.0,1874.0,5661.0,1269.0,3697.0,4078.0,1889.0,1629.0,1221.0,946.0,819.0,636.0,1302.0,26958.0,2022,Xingu,Anapu (PA),2646.0,2045.0,6102.0,1350.0,4019.0,5072.0,2472.0,2129.0,1664.0,1334.0,1154.0,703.0,1744.0,31850.0
150090,AUGUSTO CORRÊA,,,9703.0,1983.0,5324.0,5863.0,2056.0,1661.0,1450.0,1163.0,980.0,747.0,1225.0,32155.0,2010,Rio Caeté,Augusto Corrêa (PA),3913.0,2996.0,9428.0,1952.0,5461.0,5967.0,2176.0,1808.0,1481.0,1290.0,1136.0,909.0,1974.0,40497.0
150090,AUGUSTO CORRÊA,2578.0,2539.0,8387.0,1920.0,5584.0,6442.0,2838.0,2493.0,1955.0,1727.0,1405.0,838.0,1245.0,39951.0,2022,Rio Caeté,Augusto Corrêa (PA),3097.0,2588.0,8748.0,1910.0,5559.0,6835.0,3261.0,2830.0,2296.0,1944.0,1664.0,1165.0,3323.0,44573.0
150095,AURORA DO PARÁ,,,4622.0,1015.0,2611.0,2451.0,1019.0,830.0,700.0,501.0,445.0,321.0,566.0,15081.0,2010,Rio Capim,Aurora do Pará (PA),2115.0,1723.0,5942.0,1152.0,3833.0,4351.0,1608.0,1354.0,1038.0,879.0,731.0,606.0,1213.0,26546.0
150095,AURORA DO PARÁ,1430.0,1220.0,3944.0,923.0,2694.0,2918.0,1242.0,1160.0,995.0,827.0,742.0,469.0,961.0,19525.0,2022,Rio Capim,Aurora do Pará (PA),1752.0,1388.0,4373.0,998.0,2888.0,3635.0,1743.0,1517.0,1386.0,1105.0,958.0,575.0,1798.0,23774.0
150100,AVEIRO,,,3364.0,822.0,2103.0,1677.0,658.0,518.0,503.0,436.0,378.0,257.0,414.0,11130.0,2010,Tapajós,Aveiro (PA),1490.0,1254.0,3980.0,757.0,1827.0,2093.0,820.0,750.0,633.0,571.0,506.0,346.0,821.0,15849.0
150100,AVEIRO,857.0,768.0,2279.0,538.0,1653.0,1735.0,647.0,614.0,485.0,419.0,363.0,308.0,566.0,11232.0,2022,Tapajós,Aveiro (PA),1657.0,1270.0,3472.0,760.0,2155.0,2681.0,1217.0,1077.0,875.0,777.0,766.0,522.0,1455.0,18290.0
150110,BAGRE,,,4448.0,886.0,2412.0,1973.0,720.0,611.0,426.0,306.0,259.0,184.0,295.0,12520.0,2010,Marajó,Bagre (PA),2651.0,2038.0,6203.0,1169.0,3299.0,3606.0,1260.0,899.0,642.0,545.0,430.0,385.0,733.0,23864.0
150110,BAGRE,1739.0,1703.0,4946.0,1117.0,3146.0,2921.0,980.0,833.0,644.0,462.0,333.0,226.0,447.0,19497.0,2022,Marajó,Bagre (PA),3408.0,2784.0,7430.0,1656.0,4668.0,4888.0,1918.0,1459.0,1202.0,860.0,673.0,475.0,1143.0,31892.0
150120,BAIÃO,,,6080.0,1367.0,3622.0,3480.0,1406.0,1085.0,891.0,601.0,499.0,314.0,275.0,19620.0,2010,Tocantins,Baião (PA),2959.0,2608.0,8237.0,1627.0,5337.0,6162.0,2131.0,1820.0,1442.0,1188.0,1011.0,741.0,1617.0,36882.0
150120,BAIÃO,1986.0,1846.0,5398.0,1329.0,4120.0,4473.0,1794.0,1456.0,1299.0,978.0,777.0,417.0,719.0,26592.0,2022,Tocantins,Baião (PA),3010.0,2767.0,7891.0,1863.0,7413.0,8697.0,4293.0,3859.0,2813.0,2775.0,1894.0,1381.0,3538.0,51641.0
150125,BANNACH,,,572.0,142.0,351.0,403.0,183.0,155.0,110.0,90.0,69.0,62.0,113.0,2250.0,2010,Araguaia,Bannach (PA),268.0,207.0,649.0,122.0,386.0,586.0,271.0,206.0,178.0,162.0,137.0,98.0,161.0,3431.0
150125,BANNACH,136.0,151.0,441.0,87.0,341.0,363.0,177.0,175.0,140.0,104.0,104.0,103.0,218.0,2540.0,2022,Araguaia,Bannach (PA),287.0,224.0,650.0,148.0,484.0,602.0,316.0,310.0,257.0,215.0,174.0,141.0,294.0,4031.0
150130,BARCARENA,,,16300.0,3601.0,8752.0,9706.0,3972.0,2994.0,2307.0,1771.0,1305.0,952.0,1361.0,53021.0,2010,Tocantins,Barcarena (PA),8152.0,6084.0,19888.0,4368.0,14553.0,18090.0,6933.0,5657.0,4530.0,3663.0,2590.0,1850.0,3482.0,99859.0
150130,BARCARENA,4822.0,5061.0,15355.0,3501.0,9878.0,11367.0,5243.0,4567.0,3769.0,3176.0,2652.0,2250.0,4631.0,76272.0,2022,Tocantins,Barcarena (PA),8624.0,6768.0,20780.0,4616.0,15789.0,21774.0,10789.0,9636.0,7683.0,6154.0,4981.0,3227.0,7829.0,126650.0
150140,BELÉM,,,105335.0,23587.0,68707.0,65081.0,30666.0,26571.0,19300.0,12748.0,8404.0,6438.0,11484.0,378321.0,2010,Guajará,Belém (PA),79414.0,60633.0,209965.0,50496.0,185714.0,261798.0,110016.0,97223.0,82625.0,70878.0,54708.0,42185.0,87543.0,1393399.0
150140,BELÉM,33985.0,35561.0,114251.0,25795.0,84537.0,97517.0,48200.0,51178.0,46545.0,41846.0,36393.0,32038.0,71455.0,719301.0,2022,Guajará,Belém (PA),59493.0,48816.0,157726.0,36802.0,142995.0,197144.0,103417.0,107814.0,94224.0,87196.0,75408.0,53649.0,151755.0,1303403.0
150145,BELTERRA,,,3833.0,802.0,2019.0,2201.0,943.0,781.0,695.0,570.0,475.0,379.0,614.0,13312.0,2010,Baixo Amazonas,Belterra (PA),1336.0,1172.0,3549.0,679.0,1843.0,2452.0,940.0,823.0,764.0,638.0,617.0,439.0,1065.0,16318.0
150145,BELTERRA,954.0,887.0,2998.0,680.0,1863.0,1899.0,935.0,926.0,769.0,626.0,562.0,523.0,983.0,14605.0,2022,Baixo Amazonas,Belterra (PA),1364.0,988.0,3170.0,710.0,2266.0,2414.0,1248.0,1253.0,1089.0,859.0,767.0,550.0,1744.0,18099.0
150150,BENEVIDES,,,8072.0,1760.0,4457.0,4959.0,2120.0,1598.0,1148.0,864.0,679.0,501.0,782.0,26940.0,2010,Guajará,Benevides (PA),3639.0,2920.0,9833.0,2171.0,7137.0,9607.0,3828.0,3130.0,2412.0,2066.0,1513.0,1092.0,2294.0,51651.0
150150,BENEVIDES,2980.0,3050.0,9229.0,2067.0,6086.0,7075.0,3317.0,3283.0,2639.0,2296.0,1859.0,1657.0,3433.0,48971.0,2022,Guajará,Benevides (PA),3839.0,3208.0,9603.0,2101.0,7485.0,10371.0,5325.0,5156.0,4133.0,3571.0,2819.0,1892.0,4929.0,63567.0
150157,BOM JESUS DO TOCANTINS,,,2222.0,522.0,1222.0,1281.0,527.0,449.0,359.0,268.0,236.0,191.0,342.0,7619.0,2010,Carajás,Bom Jesus do Tocantins (PA),1153.0,907.0,2988.0,632.0,2091.0,2532.0,971.0,859.0,768.0,594.0,559.0,451.0,791.0,15298.0
150157,BOM JESUS DO TOCANTINS,784.0,780.0,2172.0,458.0,1472.0,1460.0,638.0,602.0,552.0,439.0,434.0,368.0,833.0,10992.0,2022,Carajás,Bom Jesus do Tocantins (PA),1157.0,842.0,2567.0,564.0,2015.0,3028.0,1792.0,1449.0,994.0,814.0,879.0,856.0,1312.0,18005.0
150160,BONITO,,,2228.0,484.0,1411.0,1595.0,626.0,481.0,409.0,325.0,280.0,173.0,219.0,8231.0,2010,Rio Caeté,Bonito (PA),1201.0,875.0,2628.0,563.0,1972.0,2500.0,873.0,716.0,541.0,476.0,386.0,278.0,620.0,13630.0
150160,BONITO,696.0,560.0,1899.0,483.0,1542.0,1637.0,809.0,775.0,639.0,543.0,455.0,276.0,360.0,10674.0,2022,Rio Caeté,Bonito (PA),815.0,575.0,1924.0,502.0,1546.0,2037.0,1080.0,966.0,732.0,669.0,556.0,342.0,1071.0,12622.0
150170,BRAGANÇA,,,20764.0,4502.0,11981.0,12503.0,5001.0,4208.0,3145.0,2448.0,1906.0,1383.0,2333.0,70174.0,2010,Rio Caeté,Bragança (PA),9259.0,7181.0,22810.0,5025.0,16440.0,18381.0,7186.0,5843.0,4792.0,4121.0,3374.0,2698.0,6109.0,113227.0
150170,BRAGANÇA,5837.0,5429.0,17704.0,4155.0,11874.0,13814.0,6618.0,6078.0,4958.0,4123.0,3334.0,2281.0,4101.0,90306.0,2022,Rio Caeté,Bragança (PA),8034.0,6147.0,20609.0,4730.0,14971.0,19572.0,9874.0,8900.0,7375.0,6122.0,4998.0,3410.0,10143.0,123082.0
150172,BRASIL NOVO,,,2333.0,536.0,1538.0,1648.0,708.0,591.0,456.0,331.0,221.0,160.0,469.0,8991.0,2010,Xingu,Brasil Novo (PA),1176.0,904.0,3026.0,673.0,2002.0,2546.0,1076.0,958.0,891.0,645.0,513.0,422.0,858.0,15690.0
150172,BRASIL NOVO,1005.0,922.0,2639.0,664.0,2168.0,2398.0,1073.0,1047.0,871.0,710.0,683.0,533.0,1260.0,15973.0,2022,Xingu,Brasil Novo (PA),1561.0,1313.0,3982.0,947.0,2965.0,3866.0,1944.0,1887.0,1505.0,1310.0,1138.0,769.0,1870.0,24718.0
150175,BREJO GRANDE DO ARAGUAIA,,,1452.0,332.0,957.0,968.0,357.0,286.0,255.0,229.0,178.0,155.0,201.0,5370.0,2010,Carajás,Brejo Grande do Araguaia (PA),594.0,487.0,1466.0,353.0,966.0,1168.0,406.0,385.0,345.0,310.0,270.0,178.0,389.0,7317.0
150175,BREJO GRANDE DO ARAGUAIA,365.0,360.0,1192.0,259.0,810.0,827.0,383.0,406.0,322.0,255.0,230.0,197.0,360.0,5966.0,2022,Carajás,Brejo Grande do Araguaia (PA),498.0,364.0,1150.0,264.0,737.0,919.0,512.0,493.0,425.0,347.0,308.0,224.0,663.0,6783.0
150178,BREU BRANCO,,,9240.0,1948.0,4796.0,4256.0,1609.0,1358.0,1137.0,862.0,700.0,597.0,1812.0,28315.0,2010,Lago Tucuruí,Breu Branco (PA),4721.0,3816.0,11657.0,2248.0,7443.0,8665.0,3080.0,2517.0,2097.0,1776.0,1463.0,1048.0,1959.0,52493.0
150178,BREU BRANCO,2472.0,2241.0,6552.0,1568.0,4251.0,4133.0,1903.0,1732.0,1364.0,1291.0,1153.0,1153.0,3078.0,32891.0,2022,Lago Tucuruí,Breu Branco (PA),3406.0,2687.0,8238.0,1814.0,5675.0,6769.0,3424.0,3119.0,2438.0,2272.0,1819.0,1225.0,3583.0,45712.0
150180,BREVES,,,21324.0,4153.0,9124.0,8659.0,3475.0,2796.0,2157.0,1799.0,1446.0,876.0,1481.0,57290.0,2010,Marajó,Breves (PA),9604.0,7409.0,23204.0,4456.0,12369.0,13368.0,5038.0,3855.0,3104.0,2651.0,2271.0,1626.0,3887.0,92860.0
150180,BREVES,7838.0,7128.0,21145.0,4596.0,13196.0,13588.0,4998.0,4440.0,3486.0,2841.0,2191.0,1565.0,3368.0,90380.0,2022,Marajó,Breves (PA),10633.0,7569.0,21935.0,4677.0,15545.0,16362.0,6886.0,6250.0,4585.0,3900.0,2863.0,2164.0,6052.0,106968.0
150190,BUJARU,,,5667.0,1281.0,3703.0,3300.0,1246.0,1072.0,838.0,599.0,518.0,398.0,701.0,19323.0,2010,Rio Capim,Bujaru (PA),2251.0,1944.0,5843.0,1207.0,3351.0,3877.0,1593.0,1346.0,972.0,788.0,682.0,535.0,1302.0,25695.0
150190,BUJARU,1681.0,1584.0,4661.0,1114.0,3301.0,3862.0,1550.0,1418.0,1174.0,1061.0,809.0,478.0,745.0,23438.0,2022,Rio Capim,Bujaru (PA),1775.0,1420.0,4358.0,1018.0,3086.0,3693.0,1731.0,1628.0,1370.0,1191.0,961.0,609.0,1930.0,24383.0
150195,CACHOEIRA DO PIRIÁ,,,4197.0,878.0,2256.0,2463.0,862.0,743.0,680.0,525.0,435.0,315.0,485.0,13839.0,2010,Rio Caeté,Cachoeira do Piriá (PA),2704.0,2253.0,6209.0,1043.0,3672.0,4242.0,1559.0,1390.0,961.0,770.0,576.0,414.0,691.0,26484.0
150195,CACHOEIRA DO PIRIÁ,1258.0,1188.0,3597.0,884.0,2610.0,2779.0,1218.0,1016.0,809.0,685.0,580.0,353.0,505.0,17482.0,2022,Rio Caeté,Cachoeira do Piriá (PA),1565.0,1143.0,3745.0,870.0,2630.0,2971.0,1538.0,1312.0,962.0,891.0,743.0,507.0,1129.0,19630.0
150200,CACHOEIRA DO ARARI,,,3996.0,891.0,2493.0,2545.0,919.0,736.0,630.0,541.0,398.0,257.0,366.0,13772.0,2010,Marajó,Cachoeira do Arari (PA),1717.0,1291.0,4187.0,894.0,2805.0,3304.0,1198.0,1140.0,948.0,712.0,584.0,444.0,1216.0,20443.0
150200,CACHOEIRA DO ARARI,1070.0,1249.0,3927.0,858.0,2516.0,2882.0,1263.0,1122.0,876.0,783.0,608.0,384.0,644.0,18182.0,2022,Marajó,Cachoeira do Arari (PA),1627.0,1412.0,4158.0,861.0,2974.0,4116.0,1813.0,1588.0,1280.0,1114.0,910.0,685.0,1786.0,23981.0
150210,CAMETÁ,,,24694.0,5467.0,14028.0,10995.0,4473.0,3599.0,2655.0,1834.0,1519.0,849.0,737.0,70850.0,2010,Tocantins,Cametá (PA),10821.0,8240.0,26819.0,5636.0,17683.0,18955.0,6796.0,5481.0,4245.0,3778.0,3428.0,2616.0,6378.0,120896.0
150210,CAMETÁ,6793.0,6526.0,21459.0,5069.0,17083.0,18692.0,7586.0,6233.0,5156.0,3994.0,2784.0,1430.0,2308.0,105113.0,2022,Tocantins,Cametá (PA),9738.0,7249.0,23740.0,5452.0,18356.0,22503.0,10184.0,8729.0,7124.0,5792.0,4427.0,3040.0,10159.0,134184.0
150215,CANAÃ DOS CARAJÁS,,,5103.0,961.0,2336.0,2971.0,1233.0,876.0,671.0,463.0,338.0,260.0,596.0,15808.0,2010,Carajás,Canaã dos Carajás (PA),2277.0,1707.0,5128.0,1092.0,3816.0,5277.0,1948.0,1524.0,1218.0,887.0,641.0,438.0,761.0,26716.0
150215,CANAÃ DOS CARAJÁS,2693.0,2615.0,7227.0,1432.0,3805.0,5035.0,2294.0,2022.0,1456.0,1194.0,977.0,834.0,1574.0,33158.0,2022,Carajás,Canaã dos Carajás (PA),6076.0,4717.0,12847.0,2648.0,9728.0,15481.0,7819.0,6115.0,4087.0,2907.0,2128.0,1225.0,2691.0,77079.0
150220,CAPANEMA,,,9458.0,2190.0,5529.0,6411.0,2899.0,2454.0,1926.0,1543.0,1143.0,721.0,1037.0,35311.0,2010,Rio Caeté,Capanema (PA),4270.0,3381.0,11709.0,2689.0,8610.0,10989.0,4493.0,3756.0,3273.0,2644.0,2242.0,1621.0,3951.0,63639.0
150220,CAPANEMA,2113.0,2207.0,7204.0,1722.0,5088.0,5705.0,3053.0,2853.0,2547.0,2171.0,1858.0,1404.0,2666.0,40591.0,2022,Rio Caeté,Capanema (PA),3894.0,3153.0,10104.0,2314.0,8261.0,11433.0,5904.0,5492.0,4646.0,3902.0,3375.0,2182.0,6614.0,70394.0
150230,CAPITÃO POÇO,,,9069.0,2006.0,5720.0,6125.0,2345.0,2027.0,1593.0,1286.0,937.0,675.0,1153.0,32936.0,2010,Rio Capim,Capitão Poço (PA),3888.0,3293.0,11188.0,2504.0,7228.0,8242.0,3283.0,2899.0,2219.0,1802.0,1511.0,1143.0,2689.0,51893.0
150230,CAPITÃO POÇO,2592.0,2220.0,7154.0,1759.0,6171.0,6765.0,2994.0,2721.0,2337.0,1994.0,1738.0,1177.0,1673.0,41295.0,2022,Rio Capim,Capitão Poço (PA),3672.0,2713.0,8916.0,2049.0,7025.0,9593.0,4493.0,4058.0,3369.0,2949.0,2506.0,1536.0,4383.0,56506.0
150240,CASTANHAL,,,24874.0,5254.0,14440.0,16530.0,6944.0,5650.0,4484.0,3174.0,2281.0,1601.0,2612.0,87844.0,2010,Guamá,Castanhal (PA),12231.0,9193.0,31144.0,7219.0,25162.0,32169.0,12622.0,10736.0,8398.0,6871.0,5218.0,3847.0,8326.0,173149.0
150240,CASTANHAL,6244.0,6152.0,19691.0,4621.0,13455.0,15476.0,7853.0,7545.0,6424.0,5558.0,4686.0,3735.0,8414.0,109854.0,2022,Guamá,Castanhal (PA),11347.0,8820.0,27803.0,6302.0,23458.0,32219.0,16434.0,15397.0,12507.0,10855.0,8671.0,5725.0,15291.0,192256.0
150250,CHAVES,,,4331.0,879.0,2419.0,2212.0,872.0,725.0,585.0,432.0,331.0,231.0,402.0,13419.0,2010,Marajó,Chaves (PA),2164.0,1713.0,4955.0,929.0,2865.0,2982.0,1123.0,975.0,778.0,634.0,575.0,409.0,895.0,21005.0
150250,CHAVES,1257.0,1429.0,4295.0,988.0,2610.0,2704.0,1016.0,853.0,662.0,514.0,415.0,229.0,452.0,17424.0,2022,Marajó,Chaves (PA),1960.0,1477.0,4408.0,938.0,2735.0,3124.0,1381.0,1199.0,979.0,778.0,629.0,431.0,1168.0,20757.0
150260,COLARES,,,1929.0,475.0,1206.0,1187.0,462.0,445.0,395.0,291.0,236.0,161.0,215.0,7002.0,2010,Guamá,Colares (PA),957.0,701.0,2291.0,541.0,1498.0,1611.0,661.0,626.0,512.0,413.0,395.0,345.0,827.0,11381.0
150260,COLARES,537.0,608.0,1775.0,458.0,1173.0,1471.0,671.0,598.0,474.0,478.0,436.0,313.0,568.0,9560.0,2022,Guamá,Colares (PA),747.0,737.0,2100.0,475.0,1374.0,1920.0,955.0,889.0,729.0,733.0,616.0,411.0,1356.0,12868.0
150270,CONCEIÇÃO DO ARAGUAIA,,,6519.0,1518.0,3762.0,3929.0,1836.0,1655.0,1352.0,1043.0,816.0,844.0,2428.0,25702.0,2010,Araguaia,Conceição do Araguaia (PA),3192.0,2633.0,8916.0,1942.0,5382.0,7218.0,3100.0,2789.0,2298.0,2001.0,1688.0,1409.0,2978.0,45557.0
150270,CONCEIÇÃO DO ARAGUAIA,1389.0,1451.0,4678.0,1106.0,3273.0,3422.0,1682.0,1791.0,1732.0,1597.0,1448.0,1251.0,3669.0,28489.0,2022,Araguaia,Conceição do Araguaia (PA),2757.0,2141.0,6672.0,1526.0,4962.0,6251.0,3112.0,3203.0,3015.0,2666.0,2387.0,1593.0,4977.0,44617.0
150275,CONCÓRDIA DO PARÁ,,,5297.0,1164.0,3182.0,3100.0,1204.0,1034.0,797.0,584.0,453.0,363.0,602.0,17780.0,2010,Rio Capim,Concórdia do Pará (PA),2557.0,1996.0,5955.0,1338.0,4257.0,4618.0,1731.0,1385.0,935.0,777.0,703.0,610.0,1351.0,28216.0
150275,CONCÓRDIA DO PARÁ,1649.0,1653.0,5031.0,1190.0,3478.0,3790.0,1659.0,1402.0,1178.0,1015.0,775.0,494.0,843.0,24157.0,2022,Rio Capim,Concórdia do Pará (PA),1977.0,1604.0,4829.0,1145.0,3440.0,4290.0,2133.0,1786.0,1459.0,1221.0,967.0,582.0,1939.0,26881.0
150276,CUMARU DO NORTE,,,1623.0,339.0,730.0,881.0,398.0,320.0,321.0,227.0,180.0,155.0,225.0,5399.0,2010,Araguaia,Cumaru do Norte (PA),898.0,659.0,1888.0,358.0,1220.0,2005.0,746.0,743.0,656.0,473.0,338.0,230.0,252.0,10466.0
150276,CUMARU DO NORTE,544.0,491.0,1540.0,300.0,922.0,954.0,414.0,397.0,341.0,271.0,275.0,205.0,409.0,7063.0,2022,Araguaia,Cumaru do Norte (PA),1226.0,890.0,2505.0,454.0,1802.0,2359.0,1088.0,972.0,782.0,684.0,580.0,309.0,640.0,14036.0
150277,CURIONÓPOLIS,,,3848.0,847.0,2342.0,2090.0,811.0,605.0,630.0,590.0,561.0,442.0,955.0,13721.0,2010,Carajás,Curionópolis (PA),1421.0,1118.0,3624.0,843.0,2460.0,2655.0,959.0,919.0,968.0,883.0,716.0,527.0,1194.0,18288.0
150277,CURIONÓPOLIS,1199.0,1028.0,3125.0,636.0,1898.0,1987.0,796.0,705.0,649.0,541.0,611.0,567.0,1407.0,15149.0,2022,Carajás,Curionópolis (PA),1543.0,1082.0,3495.0,726.0,2387.0,3141.0,1478.0,1284.0,1081.0,835.0,845.0,650.0,1769.0,19950.0
150280,CURRALINHO,,,7171.0,1391.0,3825.0,3723.0,1351.0,1084.0,764.0,602.0,475.0,354.0,473.0,21213.0,2010,Marajó,Curralinho (PA),3263.0,2514.0,7153.0,1396.0,3954.0,4078.0,1457.0,1038.0,881.0,689.0,587.0,454.0,1070.0,28549.0
150280,CURRALINHO,2226.0,2166.0,6573.0,1585.0,4959.0,5014.0,1784.0,1547.0,1177.0,916.0,621.0,341.0,501.0,29410.0,2022,Marajó,Curralinho (PA),2986.0,2384.0,7026.0,1553.0,5030.0,5481.0,2299.0,1957.0,1491.0,1180.0,845.0,554.0,1746.0,33903.0
150285,CURUÁ,,,3164.0,619.0,1523.0,1455.0,540.0,395.0,384.0,312.0,249.0,128.0,104.0,8873.0,2010,Baixo Amazonas,Curuá (PA),1157.0,1053.0,2900.0,557.0,1619.0,1797.0,633.0,551.0,491.0,410.0,304.0,229.0,553.0,12254.0
150285,CURUÁ,834.0,777.0,2501.0,644.0,1844.0,1993.0,854.0,798.0,566.0,442.0,468.0,334.0,630.0,12685.0,2022,Baixo Amazonas,Curuá (PA),1130.0,823.0,2657.0,648.0,1787.0,2156.0,1059.0,981.0,684.0,572.0,558.0,338.0,962.0,14117.0
150290,CURUÇÁ,,,6901.0,1425.0,4011.0,3870.0,1537.0,1229.0,1137.0,945.0,747.0,485.0,628.0,22915.0,2010,Guamá,Curuçá (PA),2570.0,2159.0,7047.0,1484.0,4490.0,5114.0,1979.0,1830.0,1555.0,1421.0,1096.0,1025.0,2520.0,34294.0
150290,CURUÇÁ,2094.0,1910.0,5967.0,1486.0,4733.0,5060.0,2204.0,1903.0,1667.0,1458.0,1247.0,875.0,1361.0,31965.0,2022,Guamá,Curuçá (PA),2250.0,1875.0,6410.0,1458.0,4890.0,6194.0,3300.0,3014.0,2594.0,2326.0,1830.0,1346.0,4254.0,41262.0
150293,DOM ELISEU,,,6826.0,1400.0,3295.0,3892.0,1484.0,1250.0,1080.0,881.0,712.0,563.0,1142.0,22525.0,2010,Rio Capim,Dom Eliseu (PA),4155.0,3417.0,10455.0,2057.0,7555.0,9315.0,3478.0,2909.0,2326.0,1783.0,1295.0,963.0,1609.0,51319.0
150293,DOM ELISEU,1629.0,1701.0,5013.0,1183.0,3465.0,3506.0,1736.0,1587.0,1261.0,1120.0,1083.0,929.0,2303.0,26516.0,2022,Rio Capim,Dom Eliseu (PA),3839.0,3334.0,10216.0,2343.0,8073.0,9106.0,5144.0,4819.0,3079.0,2534.0,1986.0,1431.0,3470.0,58484.0
150295,ELDORADO DO CARAJÁS,,,5295.0,1087.0,2454.0,2587.0,1102.0,858.0,756.0,607.0,455.0,343.0,869.0,16413.0,2010,Carajás,Eldorado do Carajás (PA),2794.0,2152.0,6869.0,1378.0,4366.0,4815.0,1815.0,1724.0,1583.0,1247.0,983.0,797.0,1262.0,31786.0
150295,ELDORADO DO CARAJÁS,1298.0,1326.0,4301.0,1006.0,2838.0,2845.0,1331.0,1240.0,1036.0,958.0,1022.0,872.0,2223.0,22296.0,2022,Carajás,Eldorado do Carajás (PA),2158.0,1562.0,5125.0,1166.0,3332.0,4018.0,2146.0,1919.0,1520.0,1444.0,1276.0,846.0,2195.0,28192.0
150300,FARO,,,1739.0,337.0,1058.0,921.0,309.0,252.0,186.0,160.0,133.0,102.0,96.0,5293.0,2010,Baixo Amazonas,Faro (PA),804.0,681.0,1826.0,430.0,1051.0,1133.0,459.0,339.0,339.0,281.0,237.0,170.0,426.0,8177.0
150300,FARO,565.0,549.0,1561.0,396.0,1384.0,1502.0,617.0,494.0,408.0,326.0,265.0,204.0,297.0,8568.0,2022,Baixo Amazonas,Faro (PA),711.0,515.0,1557.0,414.0,1168.0,1329.0,622.0,549.0,463.0,391.0,315.0,217.0,647.0,8728.0
150304,FLORESTA DO ARAGUAIA,,,3004.0,667.0,1840.0,1890.0,859.0,632.0,529.0,405.0,275.0,271.0,565.0,10937.0,2010,Araguaia,Floresta do Araguaia (PA),1403.0,1095.0,3648.0,747.0,2290.0,3024.0,1193.0,1023.0,838.0,730.0,560.0,421.0,794.0,17768.0
150304,FLORESTA DO ARAGUAIA,977.0,927.0,2616.0,553.0,1738.0,2119.0,962.0,848.0,733.0,598.0,604.0,418.0,884.0,13977.0,2022,Araguaia,Floresta do Araguaia (PA),1218.0,961.0,2858.0,662.0,2095.0,2865.0,1350.0,1365.0,1107.0,955.0,831.0,490.0,1405.0,17898.0
150307,GARRAFÃO DO NORTE,,,5949.0,1333.0,3275.0,3137.0,1304.0,1027.0,875.0,603.0,491.0,332.0,927.0,19253.0,2010,Rio Capim,Garrafão do Norte (PA),2067.0,1896.0,5812.0,1236.0,3484.0,3830.0,1437.0,1233.0,937.0,736.0,651.0,543.0,1170.0,25034.0
150307,GARRAFÃO DO NORTE,1267.0,1172.0,4117.0,1031.0,2714.0,3098.0,1346.0,1192.0,1074.0,931.0,735.0,456.0,692.0,19825.0,2022,Rio Capim,Garrafão do Norte (PA),1718.0,1282.0,4221.0,1077.0,3164.0,4008.0,1838.0,1684.0,1430.0,1229.0,992.0,604.0,1837.0,24703.0
150309,GOIANÉSIA DO PARÁ,,,5651.0,1221.0,3367.0,3662.0,1458.0,1113.0,927.0,701.0,614.0,528.0,977.0,20219.0,2010,Lago Tucuruí,Goianésia do Pará (PA),2589.0,1934.0,6138.0,1272.0,4444.0,5664.0,1919.0,1590.0,1337.0,1071.0,884.0,570.0,1022.0,30436.0
150309,GOIANÉSIA DO PARÁ,1255.0,1179.0,3897.0,928.0,2459.0,2707.0,1442.0,1411.0,1128.0,923.0,871.0,709.0,1574.0,20483.0,2022,Lago Tucuruí,Goianésia do Pará (PA),1904.0,1400.0,4532.0,1026.0,3043.0,3813.0,2126.0,2090.0,1662.0,1382.0,1135.0,719.0,1944.0,26362.0
150310,GURUPÁ,,,6481.0,1405.0,3623.0,3335.0,1266.0,1030.0,794.0,638.0,492.0,334.0,456.0,19854.0,2010,Marajó,Gurupá (PA),3065.0,2402.0,7138.0,1371.0,4035.0,4150.0,1590.0,1188.0,990.0,785.0,616.0,543.0,1183.0,29062.0
150310,GURUPÁ,2419.0,2347.0,6783.0,1593.0,5127.0,5144.0,1849.0,1524.0,1215.0,936.0,667.0,446.0,673.0,30723.0,2022,Marajó,Gurupá (PA),2859.0,2184.0,6449.0,1429.0,4708.0,5029.0,2109.0,1786.0,1470.0,1127.0,884.0,626.0,1749.0,31786.0
150320,IGARAPÉ-AÇU,,,6174.0,1450.0,3136.0,3238.0,1311.0,1131.0,933.0,706.0,498.0,379.0,570.0,19526.0,2010,Guamá,Igarapé-Açu (PA),2527.0,1953.0,7137.0,1665.0,5028.0,5804.0,2274.0,2007.0,1638.0,1391.0,1230.0,951.0,2276.0,35887.0
150320,IGARAPÉ-AÇU,1345.0,1516.0,4880.0,1118.0,3782.0,4369.0,1981.0,1844.0,1533.0,1428.0,1179.0,896.0,1414.0,27285.0,2022,Guamá,Igarapé-Açu (PA),2099.0,1668.0,5426.0,1169.0,4182.0,5718.0,2788.0,2611.0,2224.0,2008.0,1666.0,1199.0,3528.0,35797.0
150330,IGARAPÉ-MIRI,,,11456.0,2630.0,7677.0,7642.0,2958.0,2247.0,1883.0,1444.0,1084.0,841.0,1224.0,41086.0,2010,Tocantins,Igarapé-Miri (PA),5181.0,3920.0,11969.0,2824.0,8555.0,9420.0,3353.0,2784.0,2225.0,1964.0,1646.0,1223.0,2997.0,58077.0
150330,IGARAPÉ-MIRI,3092.0,3086.0,10564.0,2433.0,6538.0,8352.0,3677.0,3212.0,2622.0,1966.0,1569.0,981.0,1978.0,50070.0,2022,Tocantins,Igarapé-Miri (PA),4251.0,3515.0,11607.0,2621.0,7978.0,11005.0,5028.0,4584.0,3674.0,2951.0,2349.0,1564.0,4651.0,64831.0
150340,INHANGAPI,,,1715.0,336.0,1086.0,1115.0,448.0,367.0,334.0,257.0,212.0,141.0,264.0,6275.0,2010,Guamá,Inhangapi (PA),767.0,610.0,1992.0,480.0,1467.0,1542.0,609.0,566.0,460.0,379.0,329.0,258.0,577.0,10037.0
150340,INHANGAPI,555.0,480.0,1533.0,298.0,1041.0,1277.0,518.0,492.0,417.0,344.0,318.0,244.0,406.0,7923.0,2022,Guamá,Inhangapi (PA),720.0,544.0,1704.0,347.0,1237.0,1672.0,789.0,680.0,607.0,499.0,441.0,324.0,920.0,10325.0
150345,IPIXUNA DO PARÁ,,,6161.0,1210.0,3294.0,3164.0,1167.0,1034.0,844.0,696.0,551.0,417.0,714.0,19252.0,2010,Rio Capim,Ipixuna do Pará (PA),4107.0,3490.0,11538.0,1933.0,8009.0,9609.0,3339.0,2675.0,1732.0,1404.0,1131.0,925.0,1414.0,51309.0
150345,IPIXUNA DO PARÁ,2068.0,1970.0,5728.0,1293.0,3656.0,3693.0,1612.0,1493.0,1245.0,1083.0,919.0,703.0,1342.0,26805.0,2022,Rio Capim,Ipixuna do Pará (PA),2502.0,1918.0,5807.0,1290.0,3731.0,4596.0,2222.0,1955.0,1611.0,1362.0,1100.0,738.0,2057.0,30329.0
150350,IRITUIA,,,6068.0,1371.0,3645.0,3388.0,1405.0,1222.0,974.0,746.0,615.0,436.0,600.0,20470.0,2010,Rio Capim,Irituia (PA),2622.0,2060.0,6714.0,1410.0,4137.0,4791.0,1904.0,1612.0,1160.0,1043.0,1061.0,890.0,1951.0,31364.0
150350,IRITUIA,1612.0,1473.0,4843.0,1171.0,3709.0,4201.0,1852.0,1681.0,1483.0,1241.0,1028.0,639.0,1099.0,26032.0,2022,Rio Capim,Irituia (PA),2002.0,1479.0,5250.0,1209.0,3524.0,4629.0,2259.0,2182.0,1926.0,1590.0,1410.0,861.0,3090.0,30955.0
150360,ITAITUBA,,,17050.0,4053.0,10237.0,9416.0,3551.0,2896.0,2441.0,2017.0,1671.0,1230.0,3157.0,57719.0,2010,Tapajós,Itaituba (PA),7210.0,5833.0,20100.0,4352.0,13257.0,16848.0,6238.0,5680.0,4917.0,4034.0,2987.0,2135.0,3897.0,97493.0
150360,ITAITUBA,5154.0,5285.0,15103.0,3273.0,10688.0,11314.0,4757.0,3990.0,2983.0,2617.0,2412.0,2418.0,6369.0,76363.0,2022,Tapajós,Itaituba (PA),9321.0,7114.0,19747.0,4303.0,16171.0,21658.0,9865.0,8500.0,6672.0,5811.0,5019.0,3331.0,8005.0,123314.0
150370,ITUPIRANGA,,,9441.0,2100.0,5390.0,5491.0,2125.0,1630.0,1557.0,1277.0,1057.0,798.0,1422.0,32288.0,2010,Lago Tucuruí,Itupiranga (PA),4638.0,3640.0,11221.0,2239.0,6800.0,8061.0,2936.0,2521.0,2143.0,1923.0,1692.0,1231.0,2169.0,51220.0
150370,ITUPIRANGA,2897.0,2357.0,7580.0,1777.0,4814.0,4834.0,2379.0,2079.0,1660.0,1334.0,1256.0,1155.0,2569.0,36691.0,2022,Lago Tucuruí,Itupiranga (PA),3430.0,2709.0,8873.0,2010.0,6246.0,7374.0,4123.0,3660.0,2904.0,2406.0,1883.0,1312.0,3648.0,49754.0
150375,JACAREACANGA,,,3555.0,652.0,1574.0,1403.0,518.0,458.0,383.0,276.0,220.0,155.0,198.0,9392.0,2010,Tapajós,Jacareacanga (PA),1336.0,1031.0,2668.0,465.0,1888.0,2342.0,961.0,1075.0,834.0,600.0,347.0,250.0,306.0,14103.0
150375,JACAREACANGA,1726.0,1691.0,4339.0,886.0,2595.0,2254.0,852.0,682.0,526.0,469.0,383.0,272.0,640.0,17315.0,2022,Tapajós,Jacareacanga (PA),2825.0,2158.0,5300.0,1070.0,3355.0,3433.0,1475.0,1227.0,1022.0,828.0,686.0,378.0,948.0,24042.0
150380,JACUNDÁ,,,7456.0,1501.0,3804.0,4160.0,1702.0,1381.0,1156.0,853.0,644.0,519.0,1085.0,24261.0,2010,Lago Tucuruí,Jacundá (PA),3979.0,3116.0,9992.0,2221.0,7993.0,9221.0,3506.0,3042.0,2145.0,1678.0,1359.0,956.0,2149.0,51360.0
150380,JACUNDÁ,2023.0,1811.0,5523.0,1291.0,3376.0,3583.0,1913.0,1787.0,1514.0,1325.0,1254.0,1021.0,2388.0,28809.0,2022,Lago Tucuruí,Jacundá (PA),2452.0,1983.0,6306.0,1514.0,4144.0,5374.0,3008.0,2989.0,2375.0,1976.0,1664.0,1135.0,3342.0,37707.0
150390,JURUTI,,,9775.0,1989.0,5169.0,4789.0,1858.0,1398.0,1114.0,953.0,836.0,626.0,856.0,29363.0,2010,Baixo Amazonas,Juruti (PA),4922.0,3797.0,11176.0,2103.0,6438.0,7091.0,2475.0,1986.0,1618.0,1417.0,1188.0,820.0,2051.0,47086.0
150390,JURUTI,2427.0,2600.0,8148.0,1823.0,4587.0,4672.0,2086.0,1797.0,1380.0,1032.0,849.0,641.0,1363.0,33405.0,2022,Baixo Amazonas,Juruti (PA),4457.0,3352.0,10308.0,2267.0,6629.0,7724.0,3811.0,3224.0,2497.0,1914.0,1556.0,1043.0,3104.0,50881.0
150400,LIMOEIRO DO AJURU,,,5535.0,1151.0,3641.0,3521.0,1330.0,1087.0,826.0,617.0,528.0,311.0,488.0,19035.0,2010,Tocantins,Limoeiro do Ajuru (PA),2334.0,1879.0,5909.0,1192.0,3740.0,3800.0,1424.0,1136.0,850.0,718.0,576.0,434.0,1022.0,25021.0
150400,LIMOEIRO DO AJURU,1866.0,1539.0,4606.0,1174.0,4236.0,4809.0,1726.0,1418.0,1186.0,987.0,704.0,435.0,515.0,25201.0,2022,Tocantins,Limoeiro do Ajuru (PA),2457.0,1738.0,5235.0,1245.0,4431.0,5129.0,2092.0,1952.0,1437.0,1246.0,931.0,564.0,1635.0,29569.0
150405,MÃE DO RIO,,,6235.0,1407.0,3635.0,3647.0,1500.0,1262.0,925.0,733.0,660.0,577.0,1412.0,21993.0,2010,Rio Capim,Mãe do Rio (PA),2199.0,1763.0,5622.0,1214.0,3930.0,4620.0,1859.0,1576.0,1073.0,989.0,848.0,642.0,1569.0,27904.0
150405,MÃE DO RIO,1730.0,1570.0,4910.0,1267.0,3516.0,3581.0,1646.0,1466.0,1361.0,1127.0,877.0,626.0,1518.0,25195.0,2022,Rio Capim,Mãe do Rio (PA),2106.0,1793.0,5506.0,1342.0,4412.0,5684.0,2636.0,2504.0,2105.0,1722.0,1321.0,844.0,2774.0,34353.0
150410,MAGALHÃES BARATA,,,1568.0,354.0,980.0,970.0,395.0,324.0,255.0,265.0,215.0,156.0,237.0,5719.0,2010,Guamá,Magalhães Barata (PA),639.0,512.0,1747.0,391.0,1011.0,1179.0,399.0,410.0,352.0,313.0,278.0,274.0,610.0,8115.0
150410,MAGALHÃES BARATA,358.0,303.0,1222.0,260.0,753.0,903.0,480.0,484.0,372.0,328.0,282.0,268.0,429.0,6442.0,2022,Guamá,Magalhães Barata (PA),487.0,348.0,1379.0,293.0,831.0,1129.0,600.0,588.0,509.0,434.0,388.0,304.0,945.0,8115.0
150420,MARABÁ,,,31698.0,6677.0,17162.0,16852.0,7061.0,5566.0,4488.0,3401.0,2415.0,1925.0,4692.0,101937.0,2010,Carajás,Marabá (PA),19679.0,14774.0,44035.0,9564.0,34568.0,43974.0,15622.0,13111.0,10705.0,8433.0,6319.0,4315.0,8552.0,233669.0
150420,MARABÁ,9160.0,9157.0,28328.0,6532.0,16904.0,17588.0,9300.0,8292.0,6680.0,5733.0,5297.0,4927.0,12026.0,139924.0,2022,Carajás,Marabá (PA),18242.0,14279.0,43571.0,9831.0,33779.0,45106.0,23265.0,20124.0,15586.0,12613.0,10511.0,7043.0,16667.0,266533.0
150430,MARACANÃ,,,5877.0,1384.0,3761.0,3610.0,1448.0,1210.0,1017.0,821.0,727.0,483.0,613.0,20951.0,2010,Guamá,Maracanã (PA),2157.0,1826.0,6326.0,1362.0,3481.0,4025.0,1589.0,1424.0,1233.0,1080.0,979.0,824.0,2058.0,28376.0
150430,MARACANÃ,1495.0,1393.0,4718.0,1166.0,3755.0,4104.0,1760.0,1572.0,1452.0,1205.0,1057.0,767.0,1185.0,25629.0,2022,Guamá,Maracanã (PA),1548.0,1147.0,4178.0,1014.0,2949.0,3820.0,1905.0,1814.0,1582.0,1355.0,1261.0,832.0,2921.0,25971.0
150440,MARAPANIM,,,4666.0,1022.0,2732.0,2836.0,1151.0,953.0,735.0,613.0,548.0,357.0,336.0,15949.0,2010,Guamá,Marapanim (PA),1861.0,1528.0,5608.0,1258.0,3200.0,3911.0,1618.0,1398.0,1177.0,1133.0,999.0,808.0,2101.0,26605.0
150440,MARAPANIM,1138.0,1111.0,3600.0,847.0,2755.0,3055.0,1358.0,1316.0,1146.0,985.0,831.0,586.0,946.0,19674.0,2022,Guamá,Marapanim (PA),1455.0,1261.0,3933.0,857.0,2731.0,3981.0,1974.0,2047.0,1764.0,1537.0,1267.0,983.0,3100.0,26573.0
150442,MARITUBA,,,15150.0,3325.0,8702.0,9358.0,4386.0,3652.0,2525.0,1734.0,1314.0,1093.0,2560.0,53799.0,2010,Guajará,Marituba (PA),7711.0,5982.0,19534.0,4050.0,15237.0,22281.0,8794.0,6960.0,5053.0,4017.0,2857.0,2040.0,3715.0,108246.0
150442,MARITUBA,4596.0,4598.0,14337.0,3187.0,9135.0,10815.0,5526.0,5472.0,4663.0,4051.0,3249.0,2685.0,5506.0,77820.0,2022,Guajará,Marituba (PA),6640.0,5263.0,16612.0,3762.0,13673.0,19191.0,9709.0,9181.0,7537.0,6450.0,4857.0,3008.0,7413.0,111785.0
150445,MEDICILÂNDIA,,,4434.0,892.0,2581.0,2898.0,1193.0,940.0,823.0,633.0,449.0,312.0,553.0,15708.0,2010,Xingu,Medicilândia (PA),2105.0,1705.0,5479.0,1223.0,3837.0,4696.0,1771.0,1621.0,1339.0,1078.0,838.0,578.0,1058.0,27328.0
150445,MEDICILÂNDIA,1665.0,1395.0,4209.0,1006.0,3236.0,3616.0,1657.0,1655.0,1246.0,1001.0,835.0,577.0,1190.0,23288.0,2022,Xingu,Medicilândia (PA),2072.0,1491.0,4599.0,1019.0,3186.0,4152.0,2074.0,2048.0,1629.0,1370.0,1225.0,753.0,1976.0,27094.0
150450,MELGAÇO,,,6113.0,1113.0,2905.0,2488.0,877.0,698.0,513.0,443.0,317.0,251.0,398.0,16116.0,2010,Marajó,Melgaço (PA),2963.0,2271.0,6402.0,1243.0,3506.0,3659.0,1259.0,920.0,664.0,502.0,478.0,293.0,645.0,24808.0
150450,MELGAÇO,1958.0,2012.0,6035.0,1329.0,3931.0,3537.0,1188.0,1030.0,778.0,584.0,448.0,311.0,572.0,23713.0,2022,Marajó,Melgaço (PA),3064.0,2279.0,6747.0,1439.0,4209.0,3987.0,1636.0,1325.0,1032.0,786.0,552.0,391.0,1061.0,27881.0
150460,MOCAJUBA,,,6527.0,1417.0,3758.0,3659.0,1256.0,1011.0,833.0,585.0,540.0,349.0,1081.0,21016.0,2010,Tocantins,Mocajuba (PA),2283.0,2042.0,6149.0,1254.0,3753.0,3886.0,1487.0,1298.0,960.0,832.0,704.0,598.0,1475.0,26731.0
150460,MOCAJUBA,2131.0,1870.0,5731.0,1529.0,4769.0,5167.0,1957.0,1606.0,1309.0,1034.0,746.0,492.0,928.0,29269.0,2022,Tocantins,Mocajuba (PA),1885.0,1438.0,4677.0,1175.0,3868.0,4483.0,1958.0,1771.0,1433.0,1255.0,964.0,610.0,2137.0,27198.0
150470,MOJU,,,14104.0,3113.0,7948.0,7182.0,2773.0,2265.0,1805.0,1366.0,1133.0,810.0,1234.0,43733.0,2010,Tocantins,Moju (PA),6560.0,5177.0,15898.0,3340.0,9978.0,11138.0,4109.0,3281.0,2638.0,2107.0,1794.0,1269.0,2725.0,70018.0
150470,MOJU,3723.0,4051.0,12604.0,3018.0,9513.0,10115.0,3868.0,3241.0,2673.0,2287.0,1794.0,1247.0,2681.0,60815.0,2022,Tocantins,Moju (PA),6349.0,5013.0,15117.0,3368.0,11032.0,14291.0,6427.0,5690.0,4673.0,3823.0,2952.0,1836.0,4935.0,84094.0
150475,MOJUÍ DOS CAMPOS,,,173.0,45.0,97.0,125.0,57.0,48.0,47.0,33.0,28.0,24.0,22.0,699.0,2010,Baixo Amazonas,,,,,,,,,,,,,,,
150475,MOJUÍ DOS CAMPOS,1226.0,1117.0,3367.0,844.0,2369.0,2672.0,1232.0,1213.0,1042.0,889.0,866.0,624.0,1125.0,18586.0,2022,Baixo Amazonas,Mojuí dos Campos (PA),1696.0,1225.0,3805.0,884.0,2724.0,3479.0,1740.0,1642.0,1429.0,1253.0,1174.0,772.0,2071.0,23501.0
150480,MONTE ALEGRE,,,12189.0,2852.0,7272.0,6643.0,2953.0,2518.0,2118.0,1591.0,1241.0,978.0,1232.0,41587.0,2010,Baixo Amazonas,Monte Alegre (PA),4108.0,3476.0,12411.0,2707.0,6630.0,8384.0,3515.0,2913.0,2444.0,2118.0,1857.0,1440.0,3454.0,55462.0
150480,MONTE ALEGRE,3213.0,2951.0,9129.0,2187.0,6078.0,7371.0,3302.0,3109.0,2736.0,2178.0,1740.0,1123.0,2043.0,47160.0,2022,Baixo Amazonas,Monte Alegre (PA),4184.0,3231.0,9937.0,2382.0,7166.0,8962.0,4320.0,4245.0,3680.0,3044.0,2567.0,1786.0,5493.0,60012.0
150490,MUANÁ,,,6546.0,1350.0,3435.0,3849.0,1569.0,1272.0,879.0,700.0,524.0,324.0,320.0,20768.0,2010,Marajó,Muaná (PA),3073.0,2484.0,7644.0,1541.0,4835.0,5560.0,2082.0,1628.0,1308.0,1079.0,878.0,660.0,1427.0,34204.0
150490,MUANÁ,2236.0,1991.0,6149.0,1510.0,4655.0,5214.0,2146.0,1931.0,1517.0,1284.0,820.0,593.0,1073.0,31119.0,2022,Marajó,Muaná (PA),3405.0,2722.0,8124.0,1870.0,6259.0,7449.0,3489.0,3162.0,2310.0,1942.0,1430.0,1070.0,2867.0,45368.0
150495,NOVA ESPERANÇA DO PIRIÁ,,,4301.0,904.0,2645.0,2659.0,967.0,775.0,617.0,456.0,359.0,238.0,296.0,14217.0,2010,Rio Capim,Nova Esperança do Piriá (PA),2003.0,1502.0,4722.0,958.0,2844.0,3327.0,1203.0,934.0,704.0,549.0,453.0,400.0,558.0,20158.0
150495,NOVA ESPERANÇA DO PIRIÁ,1296.0,1251.0,3758.0,878.0,2741.0,3147.0,1389.0,1191.0,968.0,836.0,572.0,360.0,434.0,18821.0,2022,Rio Capim,Nova Esperança do Piriá (PA),1679.0,1257.0,3954.0,883.0,2561.0,3334.0,1544.0,1429.0,1101.0,956.0,652.0,414.0,1136.0,20478.0
150497,NOVA IPIXUNA,,,2634.0,580.0,1607.0,1806.0,726.0,549.0,507.0,401.0,336.0,305.0,601.0,10052.0,2010,Lago Tucuruí,Nova Ipixuna (PA),1205.0,972.0,3063.0,627.0,1920.0,2360.0,880.0,755.0,651.0,585.0,504.0,396.0,726.0,14645.0
150497,NOVA IPIXUNA,544.0,569.0,1790.0,466.0,1144.0,1194.0,651.0,613.0,498.0,438.0,413.0,338.0,809.0,9467.0,2022,Lago Tucuruí,Nova Ipixuna (PA),972.0,771.0,2226.0,527.0,1541.0,1934.0,1093.0,1027.0,895.0,751.0,670.0,482.0,1289.0,13955.0
150500,NOVA TIMBOTEUA,,,1854.0,415.0,1103.0,1427.0,613.0,535.0,494.0,362.0,344.0,233.0,236.0,7616.0,2010,Rio Caeté,Nova Timboteua (PA),877.0,755.0,2473.0,530.0,1763.0,2293.0,925.0,825.0,655.0,608.0,506.0,433.0,1024.0,13670.0
150500,NOVA TIMBOTEUA,462.0,476.0,1453.0,352.0,1129.0,1314.0,649.0,677.0,578.0,541.0,490.0,362.0,550.0,9033.0,2022,Rio Caeté,Nova Timboteua (PA),628.0,549.0,1716.0,434.0,1300.0,1847.0,1030.0,988.0,910.0,784.0,694.0,479.0,1602.0,12806.0
150503,NOVO PROGRESSO,,,3057.0,654.0,1747.0,1507.0,706.0,650.0,604.0,445.0,308.0,272.0,618.0,10568.0,2010,Tapajós,Novo Progresso (PA),1916.0,1551.0,4784.0,979.0,3204.0,4423.0,1923.0,1809.0,1546.0,1126.0,781.0,511.0,570.0,25124.0
150503,NOVO PROGRESSO,1183.0,1194.0,3363.0,707.0,2055.0,2134.0,932.0,877.0,604.0,589.0,564.0,705.0,1736.0,16643.0,2022,Tapajós,Novo Progresso (PA),2623.0,1988.0,5376.0,1177.0,4083.0,5832.0,2846.0,2453.0,1966.0,1719.0,1465.0,933.0,1765.0,33638.0
150506,NOVO REPARTIMENTO,,,11945.0,2457.0,6389.0,6329.0,2661.0,2098.0,1742.0,1331.0,1018.0,770.0,1219.0,37959.0,2010,Lago Tucuruí,Novo Repartimento (PA),5604.0,4352.0,13732.0,2727.0,8252.0,10204.0,3724.0,3164.0,2665.0,2175.0,1835.0,1354.0,2260.0,62050.0
150506,NOVO REPARTIMENTO,2994.0,2789.0,8697.0,1929.0,5293.0,5893.0,2755.0,2478.0,1892.0,1429.0,1290.0,1072.0,2288.0,40799.0,2022,Lago Tucuruí,Novo Repartimento (PA),4688.0,3516.0,11136.0,2451.0,7580.0,9496.0,4622.0,4244.0,3304.0,2718.0,2437.0,1599.0,4097.0,60732.0
150510,ÓBIDOS,,,9479.0,1901.0,5282.0,5574.0,2321.0,1933.0,1640.0,1234.0,975.0,778.0,1619.0,32736.0,2010,Baixo Amazonas,Óbidos (PA),4476.0,3564.0,10545.0,2159.0,5950.0,7530.0,2938.0,2493.0,2066.0,1775.0,1616.0,1248.0,2966.0,49333.0
150510,ÓBIDOS,2919.0,2513.0,8241.0,1940.0,5337.0,5639.0,2658.0,2610.0,2166.0,1811.0,1529.0,1162.0,2520.0,41045.0,2022,Baixo Amazonas,Óbidos (PA),4124.0,2959.0,9575.0,2153.0,6299.0,7397.0,3645.0,3657.0,3022.0,2458.0,2066.0,1408.0,4402.0,52229.0
150520,OEIRAS DO PARÁ,,,7006.0,1429.0,3707.0,3441.0,1311.0,1012.0,748.0,562.0,415.0,291.0,331.0,20253.0,2010,Tocantins,Oeiras do Pará (PA),3187.0,2478.0,7072.0,1317.0,3791.0,4124.0,1547.0,1190.0,890.0,693.0,671.0,519.0,1111.0,28595.0
150520,OEIRAS DO PARÁ,2549.0,2208.0,7040.0,1643.0,5212.0,5141.0,1803.0,1532.0,1260.0,941.0,646.0,315.0,521.0,30811.0,2022,Tocantins,Oeiras do Pará (PA),2962.0,2163.0,7012.0,1497.0,4776.0,5315.0,2279.0,2056.0,1637.0,1299.0,995.0,633.0,1897.0,33844.0
150530,ORIXIMINÁ,,,11807.0,2463.0,5677.0,5437.0,2259.0,1923.0,1513.0,1109.0,917.0,654.0,1211.0,34970.0,2010,Baixo Amazonas,Oriximiná (PA),5729.0,4700.0,14233.0,2884.0,7828.0,9881.0,3723.0,3029.0,2563.0,2193.0,1736.0,1334.0,2958.0,62794.0
150530,ORIXIMINÁ,3548.0,3382.0,10569.0,2470.0,6225.0,6088.0,2820.0,2487.0,1962.0,1572.0,1348.0,1021.0,2323.0,45815.0,2022,Baixo Amazonas,Oriximiná (PA),5922.0,4177.0,12812.0,2994.0,8715.0,9737.0,4975.0,4664.0,3721.0,2959.0,2466.0,1631.0,4866.0,68294.0
150540,OURÉM,,,3209.0,797.0,2070.0,2295.0,851.0,741.0,626.0,496.0,385.0,263.0,564.0,12297.0,2010,Rio Capim,Ourém (PA),1238.0,1046.0,3435.0,777.0,2127.0,2587.0,965.0,875.0,733.0,563.0,538.0,413.0,1013.0,16311.0
150540,OURÉM,887.0,824.0,2639.0,593.0,1851.0,2301.0,1063.0,1019.0,867.0,740.0,622.0,463.0,874.0,14743.0,2022,Rio Capim,Ourém (PA),1075.0,857.0,2918.0,653.0,2093.0,2768.0,1409.0,1300.0,1095.0,978.0,775.0,531.0,1643.0,17855.0
150543,OURILÂNDIA DO NORTE,,,4090.0,795.0,2029.0,2280.0,939.0,691.0,587.0,407.0,324.0,252.0,557.0,12951.0,2010,Araguaia,Ourilândia do Norte (PA),2240.0,1685.0,5356.0,1213.0,4114.0,5216.0,1984.0,1667.0,1213.0,850.0,627.0,412.0,782.0,27359.0
150543,OURILÂNDIA DO NORTE,1513.0,1630.0,4739.0,1009.0,2966.0,3237.0,1480.0,1244.0,1045.0,845.0,819.0,670.0,1584.0,22781.0,2022,Araguaia,Ourilândia do Norte (PA),2506.0,1940.0,5751.0,1202.0,3680.0,5357.0,2770.0,2322.0,1856.0,1609.0,1263.0,806.0,1951.0,32467.0
150548,PACAJÁ,,,7270.0,1570.0,2876.0,3647.0,1489.0,1185.0,1067.0,825.0,688.0,524.0,901.0,22042.0,2010,Xingu,Pacajá (PA),3550.0,2692.0,8646.0,1836.0,5457.0,6375.0,2385.0,2071.0,1730.0,1454.0,1239.0,908.0,1631.0,39979.0
150548,PACAJÁ,2443.0,2337.0,6989.0,1574.0,4755.0,5276.0,2376.0,2152.0,1709.0,1413.0,1232.0,911.0,1588.0,34755.0,2022,Xingu,Pacajá (PA),3297.0,2486.0,7435.0,1605.0,4987.0,6474.0,3267.0,2914.0,2235.0,1930.0,1556.0,1037.0,2666.0,41097.0
150549,PALESTINA DO PARÁ,,,1602.0,348.0,1113.0,1121.0,371.0,288.0,251.0,226.0,190.0,188.0,287.0,5985.0,2010,Carajás,Palestina do Pará (PA),597.0,506.0,1461.0,340.0,1005.0,1187.0,429.0,358.0,348.0,293.0,271.0,238.0,439.0,7475.0
150549,PALESTINA DO PARÁ,420.0,353.0,1165.0,282.0,778.0,869.0,384.0,368.0,308.0,263.0,230.0,209.0,391.0,6020.0,2022,Carajás,Palestina do Pará (PA),479.0,359.0,1152.0,291.0,758.0,987.0,495.0,470.0,427.0,369.0,308.0,213.0,690.0,6885.0
150550,PARAGOMINAS,,,17449.0,3686.0,9082.0,10559.0,4171.0,3342.0,2603.0,1869.0,1408.0,1043.0,1641.0,56853.0,2010,Rio Capim,Paragominas (PA),8473.0,6518.0,19616.0,4061.0,14457.0,18641.0,6750.0,5485.0,4018.0,3257.0,2371.0,1545.0,2624.0,97819.0
150550,PARAGOMINAS,4100.0,4163.0,13445.0,3175.0,9247.0,9209.0,4562.0,4245.0,3223.0,2702.0,2332.0,1965.0,4747.0,67115.0,2022,Rio Capim,Paragominas (PA),7415.0,5601.0,17459.0,4094.0,13649.0,18071.0,9182.0,8130.0,6128.0,5033.0,3894.0,2487.0,6083.0,105550.0
150553,PARAUAPEBAS,,,20822.0,4780.0,12241.0,12881.0,5475.0,4268.0,3337.0,2265.0,1589.0,1177.0,1798.0,70633.0,2010,Carajás,Parauapebas (PA),13361.0,9595.0,27804.0,5976.0,24693.0,33327.0,10915.0,8528.0,6529.0,4853.0,3152.0,1959.0,3212.0,153908.0
150553,PARAUAPEBAS,8792.0,8241.0,25285.0,5361.0,13045.0,17716.0,9503.0,7956.0,5617.0,4431.0,3790.0,3280.0,6987.0,120004.0,2022,Carajás,Parauapebas (PA),20343.0,15065.0,44698.0,9571.0,33518.0,50813.0,27330.0,22357.0,14737.0,11032.0,8239.0,4739.0,10108.0,267836.0
150555,PAU DARCO,,,1086.0,279.0,832.0,748.0,329.0,310.0,274.0,186.0,164.0,135.0,326.0,4669.0,2010,Araguaia,Pau D'Arco (PA),446.0,340.0,1215.0,302.0,791.0,922.0,408.0,375.0,268.0,224.0,222.0,167.0,352.0,6033.0
150555,PAU DARCO,410.0,333.0,1052.0,206.0,659.0,813.0,384.0,309.0,370.0,318.0,286.0,245.0,576.0,5961.0,2022,Araguaia,Pau D'Arco (PA),503.0,342.0,1185.0,225.0,701.0,964.0,539.0,480.0,433.0,401.0,350.0,248.0,682.0,6931.0
150560,PEIXE-BOI,,,1433.0,283.0,916.0,1146.0,439.0,368.0,328.0,252.0,207.0,139.0,191.0,5702.0,2010,Rio Caeté,Peixe-Boi (PA),513.0,430.0,1517.0,332.0,1002.0,1253.0,473.0,449.0,408.0,354.0,310.0,230.0,576.0,7854.0
150560,PEIXE-BOI,281.0,290.0,944.0,240.0,796.0,809.0,483.0,499.0,402.0,327.0,324.0,241.0,378.0,6014.0,2022,Rio Caeté,Peixe-Boi (PA),404.0,346.0,1195.0,286.0,862.0,1107.0,685.0,698.0,549.0,436.0,474.0,347.0,979.0,8285.0
150563,PIÇARRA,,,2312.0,530.0,1321.0,1411.0,636.0,549.0,459.0,318.0,228.0,213.0,280.0,8257.0,2010,Carajás,Piçarra (PA),1022.0,818.0,2674.0,517.0,1591.0,2093.0,915.0,720.0,597.0,492.0,410.0,328.0,520.0,12697.0
150563,PIÇARRA,682.0,581.0,1749.0,375.0,1091.0,1102.0,611.0,493.0,504.0,390.0,340.0,250.0,528.0,8696.0,2022,Carajás,Piçarra (PA),1003.0,690.0,2170.0,474.0,1475.0,1903.0,977.0,945.0,831.0,744.0,521.0,355.0,975.0,12832.0
150565,PLACAS,,,2860.0,613.0,1777.0,1840.0,692.0,591.0,559.0,469.0,315.0,235.0,322.0,10273.0,2010,Xingu,Placas (PA),2152.0,1760.0,4940.0,986.0,3221.0,4416.0,1483.0,1184.0,1062.0,826.0,646.0,511.0,747.0,23934.0
150565,PLACAS,1059.0,933.0,2850.0,730.0,2191.0,2484.0,1121.0,979.0,771.0,647.0,634.0,477.0,809.0,15685.0,2022,Xingu,Placas (PA),1434.0,1026.0,3161.0,743.0,2216.0,2901.0,1492.0,1314.0,1030.0,929.0,896.0,583.0,1275.0,18668.0
150570,PONTA DE PEDRAS,,,4794.0,972.0,3158.0,3456.0,1276.0,1010.0,828.0,631.0,487.0,301.0,325.0,17238.0,2010,Marajó,Ponta de Pedras (PA),2219.0,1814.0,5392.0,1187.0,3726.0,4113.0,1578.0,1354.0,1123.0,957.0,734.0,524.0,1271.0,25999.0
150570,PONTA DE PEDRAS,1455.0,1289.0,4194.0,1066.0,3596.0,4020.0,1704.0,1505.0,1157.0,989.0,765.0,556.0,845.0,23141.0,2022,Marajó,Ponta de Pedras (PA),1705.0,1311.0,4291.0,1040.0,3174.0,3988.0,1969.0,1737.0,1407.0,1248.0,981.0,653.0,1861.0,24984.0
150580,PORTEL,,,12395.0,2404.0,5063.0,4669.0,1861.0,1396.0,1034.0,877.0,679.0,543.0,784.0,31705.0,2010,Marajó,Portel (PA),6340.0,4840.0,13444.0,2367.0,6858.0,7294.0,2675.0,1857.0,1530.0,1290.0,1114.0,830.0,1726.0,52172.0
150580,PORTEL,3821.0,3781.0,11898.0,2608.0,7573.0,6340.0,2458.0,2154.0,1715.0,1221.0,942.0,850.0,2128.0,47489.0,2022,Marajó,Portel (PA),6148.0,4475.0,13449.0,2951.0,9548.0,9543.0,4037.0,3446.0,2810.0,1953.0,1484.0,1063.0,3012.0,62503.0
150590,PORTO DE MOZ,,,6537.0,1338.0,3333.0,2713.0,1054.0,854.0,659.0,473.0,327.0,201.0,305.0,17794.0,2010,Xingu,Porto de Moz (PA),4048.0,2914.0,8468.0,1594.0,4946.0,4899.0,1859.0,1358.0,1018.0,753.0,600.0,429.0,1068.0,33956.0
150590,PORTO DE MOZ,2225.0,2232.0,6612.0,1529.0,4730.0,4962.0,1720.0,1461.0,1163.0,898.0,714.0,522.0,1298.0,30066.0,2022,Xingu,Porto de Moz (PA),3445.0,2773.0,7976.0,1839.0,5993.0,6747.0,3015.0,2628.0,1926.0,1524.0,1054.0,652.0,1747.0,40597.0
150600,PRAINHA,,,7877.0,1755.0,4460.0,4382.0,1708.0,1342.0,1073.0,899.0,683.0,510.0,601.0,25290.0,2010,Baixo Amazonas,Prainha (PA),2720.0,2269.0,7384.0,1415.0,3752.0,4299.0,1626.0,1380.0,1164.0,946.0,778.0,485.0,1129.0,29349.0
150600,PRAINHA,2380.0,2423.0,7113.0,1624.0,5381.0,5780.0,2286.0,1991.0,1513.0,1221.0,979.0,622.0,855.0,34168.0,2022,Baixo Amazonas,Prainha (PA),2985.0,2274.0,6808.0,1488.0,4839.0,5716.0,2511.0,2225.0,1886.0,1404.0,1262.0,816.0,2070.0,35577.0
150610,PRIMAVERA,,,1945.0,456.0,1194.0,1358.0,550.0,482.0,419.0,361.0,262.0,206.0,357.0,7590.0,2010,Rio Caeté,Primavera (PA),682.0,622.0,2112.0,496.0,1323.0,1565.0,604.0,565.0,457.0,378.0,346.0,318.0,796.0,10268.0
150610,PRIMAVERA,571.0,563.0,1553.0,368.0,1162.0,1360.0,658.0,636.0,507.0,483.0,438.0,329.0,503.0,9131.0,2022,Rio Caeté,Primavera (PA),691.0,522.0,1666.0,376.0,1165.0,1597.0,845.0,837.0,684.0,573.0,519.0,347.0,1203.0,10851.0
150611,QUATIPURU,,,2331.0,501.0,1322.0,1534.0,579.0,514.0,440.0,390.0,273.0,202.0,281.0,8367.0,2010,Rio Caeté,Quatipuru (PA),872.0,763.0,2745.0,576.0,1573.0,1945.0,738.0,618.0,608.0,478.0,397.0,316.0,780.0,12411.0
150611,QUATIPURU,572.0,565.0,1666.0,384.0,1261.0,1360.0,702.0,672.0,546.0,506.0,471.0,367.0,604.0,9676.0,2022,Rio Caeté,Quatipuru (PA),704.0,572.0,1767.0,413.0,1304.0,1520.0,885.0,864.0,755.0,668.0,585.0,435.0,1194.0,11524.0
150613,REDENÇÃO,,,8814.0,2121.0,5090.0,4899.0,2267.0,1815.0,1519.0,1116.0,839.0,724.0,1875.0,31079.0,2010,Araguaia,Redenção (PA),5400.0,4284.0,14562.0,3092.0,10265.0,13547.0,5574.0,4826.0,3897.0,3024.0,2197.0,1615.0,3267.0,75556.0
150613,REDENÇÃO,3151.0,2956.0,8266.0,1740.0,5241.0,6034.0,2762.0,2683.0,2295.0,1966.0,1924.0,1799.0,4809.0,45626.0,2022,Araguaia,Redenção (PA),5939.0,4609.0,13052.0,2812.0,10373.0,14420.0,7101.0,6523.0,5329.0,4519.0,3812.0,2324.0,6126.0,85597.0
150616,RIO MARIA,,,2143.0,473.0,1071.0,1252.0,565.0,478.0,360.0,252.0,199.0,208.0,629.0,7630.0,2010,Araguaia,Rio Maria (PA),1175.0,976.0,3146.0,666.0,2357.0,3109.0,1281.0,1137.0,954.0,777.0,654.0,508.0,957.0,17697.0
150616,RIO MARIA,701.0,642.0,1937.0,481.0,1384.0,1601.0,774.0,745.0,703.0,631.0,582.0,491.0,1249.0,11921.0,2022,Araguaia,Rio Maria (PA),1129.0,890.0,2688.0,630.0,2112.0,2821.0,1378.0,1393.0,1232.0,1106.0,940.0,580.0,1744.0,18384.0
150618,RONDON DO PARÁ,,,6133.0,1404.0,3702.0,4130.0,1770.0,1444.0,1230.0,932.0,729.0,559.0,959.0,22992.0,2010,Rio Capim,Rondon do Pará (PA),3284.0,2754.0,8883.0,1992.0,6499.0,8476.0,3181.0,2902.0,2449.0,1853.0,1497.0,1082.0,2109.0,46964.0
150618,RONDON DO PARÁ,1313.0,1264.0,4214.0,997.0,2605.0,2863.0,1494.0,1476.0,1235.0,1136.0,997.0,893.0,2211.0,22698.0,2022,Rio Capim,Rondon do Pará (PA),2629.0,2063.0,7007.0,1901.0,6726.0,8983.0,5209.0,4445.0,2852.0,2760.0,3021.0,2431.0,3719.0,53143.0
150619,RURÓPOLIS,,,4406.0,966.0,2676.0,2640.0,1027.0,857.0,764.0,643.0,531.0,414.0,682.0,15606.0,2010,Tapajós,Rurópolis (PA),3258.0,2733.0,8606.0,1751.0,5490.0,6837.0,2481.0,2163.0,1631.0,1502.0,1195.0,932.0,1503.0,40087.0
150619,RURÓPOLIS,1480.0,1357.0,3901.0,960.0,3006.0,3015.0,1361.0,1261.0,931.0,804.0,673.0,657.0,1343.0,20749.0,2022,Tapajós,Rurópolis (PA),2420.0,2368.0,6615.0,1316.0,4545.0,5466.0,2540.0,2490.0,1762.0,1696.0,1271.0,1028.0,2786.0,35769.0
150620,SALINÓPOLIS,,,5404.0,1370.0,3889.0,3313.0,1328.0,1119.0,914.0,611.0,472.0,406.0,886.0,19712.0,2010,Rio Caeté,Salinópolis (PA),2679.0,2200.0,7570.0,1650.0,5372.0,6362.0,2449.0,2095.0,1645.0,1376.0,1201.0,885.0,1924.0,37421.0
150620,SALINÓPOLIS,1305.0,1389.0,5062.0,1262.0,3853.0,4201.0,1930.0,1624.0,1367.0,1161.0,929.0,732.0,1882.0,26697.0,2022,Rio Caeté,Salinópolis (PA),2806.0,2110.0,6731.0,1555.0,5506.0,7324.0,3740.0,3488.0,2824.0,2435.0,1896.0,1287.0,3728.0,44772.0
150630,SALVATERRA,,,3941.0,885.0,2517.0,2607.0,1056.0,859.0,659.0,518.0,385.0,297.0,525.0,14249.0,2010,Marajó,Salvaterra (PA),1540.0,1200.0,4093.0,915.0,2797.0,3085.0,1347.0,1080.0,940.0,798.0,629.0,551.0,1205.0,20183.0
150630,SALVATERRA,1173.0,1181.0,3597.0,826.0,2472.0,3092.0,1322.0,1142.0,1041.0,922.0,677.0,499.0,767.0,18711.0,2022,Marajó,Salvaterra (PA),1607.0,1276.0,3845.0,864.0,2823.0,4052.0,1824.0,1631.0,1512.0,1316.0,1009.0,712.0,2022.0,24129.0
150635,SANTA BÁRBARA DO PARÁ,,,3341.0,811.0,2117.0,2334.0,1030.0,880.0,714.0,565.0,405.0,352.0,611.0,13160.0,2010,Guajará,Santa Bárbara do Pará (PA),1295.0,967.0,3429.0,713.0,2363.0,2916.0,1187.0,1014.0,771.0,614.0,570.0,438.0,861.0,17141.0
150635,SANTA BÁRBARA DO PARÁ,922.0,981.0,3093.0,659.0,1812.0,2133.0,1118.0,1064.0,917.0,848.0,753.0,622.0,1222.0,16144.0,2022,Guajará,Santa Bárbara do Pará (PA),1283.0,1042.0,3371.0,751.0,2329.0,3172.0,1649.0,1612.0,1415.0,1275.0,1005.0,627.0,1833.0,21087.0
150640,SANTA CRUZ DO ARARI,,,1243.0,270.0,660.0,676.0,311.0,246.0,195.0,141.0,95.0,49.0,50.0,3936.0,2010,Marajó,Santa Cruz do Arari (PA),549.0,477.0,1604.0,360.0,1235.0,1445.0,535.0,432.0,403.0,290.0,229.0,183.0,411.0,8155.0
150640,SANTA CRUZ DO ARARI,467.0,415.0,1424.0,322.0,992.0,1112.0,454.0,426.0,329.0,280.0,226.0,123.0,257.0,6827.0,2022,Marajó,Santa Cruz do Arari (PA),452.0,372.0,1183.0,370.0,1190.0,1175.0,533.0,490.0,423.0,351.0,313.0,179.0,531.0,7445.0
150650,SANTA IZABEL DO PARÁ,,,8889.0,2000.0,5389.0,6075.0,2560.0,2076.0,1613.0,1273.0,928.0,714.0,1116.0,32633.0,2010,Guamá,Santa Izabel do Pará (PA),3922.0,3168.0,10626.0,2500.0,8888.0,11581.0,4426.0,3656.0,2698.0,2139.0,1678.0,1353.0,2824.0,59466.0
150650,SANTA IZABEL DO PARÁ,2193.0,2356.0,7211.0,1636.0,4338.0,5165.0,2581.0,2357.0,2006.0,1748.0,1381.0,1067.0,2187.0,36226.0,2022,Guamá,Santa Izabel do Pará (PA),4299.0,3407.0,9581.0,2154.0,9352.0,14428.0,6548.0,5788.0,4447.0,3766.0,2940.0,1949.0,5288.0,73019.0
150655,SANTA LUZIA DO PARÁ,,,4149.0,921.0,2695.0,2916.0,1008.0,870.0,717.0,587.0,494.0,355.0,797.0,15509.0,2010,Rio Caeté,Santa Luzia do Pará (PA),1500.0,1281.0,4221.0,954.0,2755.0,3000.0,1190.0,927.0,806.0,693.0,556.0,429.0,1112.0,19424.0
150655,SANTA LUZIA DO PARÁ,1095.0,1032.0,3244.0,824.0,2360.0,2645.0,1213.0,1093.0,953.0,751.0,664.0,457.0,805.0,17136.0,2022,Rio Caeté,Santa Luzia do Pará (PA),1312.0,1033.0,3318.0,884.0,2505.0,3110.0,1552.0,1421.0,1223.0,1024.0,868.0,593.0,1807.0,20370.0
150658,SANTA MARIA DAS BARREIRAS,,,3289.0,717.0,1564.0,1879.0,847.0,759.0,724.0,559.0,484.0,341.0,419.0,11582.0,2010,Araguaia,Santa Maria das Barreiras (PA),1285.0,1049.0,3354.0,654.0,1853.0,2735.0,1126.0,1163.0,973.0,859.0,798.0,521.0,836.0,17206.0
150658,SANTA MARIA DAS BARREIRAS,851.0,826.0,2584.0,618.0,1782.0,1758.0,951.0,910.0,844.0,809.0,790.0,605.0,1242.0,14570.0,2022,Araguaia,Santa Maria das Barreiras (PA),1187.0,885.0,2700.0,608.0,1753.0,2350.0,1241.0,1202.0,1065.0,964.0,927.0,544.0,1376.0,16548.0
150660,SANTA MARIA DO PARÁ,,,3882.0,915.0,2678.0,2834.0,1286.0,1082.0,863.0,658.0,456.0,411.0,814.0,15879.0,2010,Guamá,Santa Maria do Pará (PA),1481.0,1277.0,4243.0,1006.0,3078.0,3961.0,1668.0,1436.0,1142.0,935.0,788.0,562.0,1447.0,23026.0
150660,SANTA MARIA DO PARÁ,1089.0,941.0,2924.0,705.0,2299.0,2656.0,1290.0,1158.0,1117.0,998.0,840.0,562.0,1086.0,17665.0,2022,Guamá,Santa Maria do Pará (PA),1507.0,1139.0,3393.0,808.0,2842.0,3957.0,1938.0,1808.0,1689.0,1498.0,1282.0,814.0,2263.0,24624.0
150670,SANTANA DO ARAGUAIA,,,4572.0,999.0,2431.0,2384.0,1042.0,891.0,721.0,617.0,495.0,471.0,1055.0,15678.0,2010,Araguaia,Santana do Araguaia (PA),4009.0,3763.0,11359.0,2077.0,7962.0,10838.0,4280.0,3315.0,2505.0,2017.0,1354.0,1054.0,1617.0,56153.0
150670,SANTANA DO ARAGUAIA,1856.0,1682.0,4620.0,1070.0,3470.0,3240.0,1336.0,1220.0,1100.0,897.0,901.0,855.0,2063.0,24310.0,2022,Araguaia,Santana do Araguaia (PA),2554.0,1889.0,5461.0,1145.0,3798.0,4971.0,2486.0,2370.0,1973.0,1613.0,1466.0,945.0,2368.0,32413.0
150680,SANTARÉM,,,49903.0,10954.0,30160.0,28211.0,11605.0,9884.0,8662.0,6782.0,5313.0,3888.0,6110.0,171472.0,2010,Baixo Amazonas,Santarém (PA),23081.0,18166.0,58608.0,13115.0,41345.0,48294.0,18863.0,15807.0,13894.0,11358.0,9306.0,6877.0,15840.0,294580.0
150680,SANTARÉM,15707.0,15611.0,46931.0,10415.0,32532.0,36400.0,16120.0,14490.0,11634.0,9509.0,8302.0,7379.0,16663.0,241693.0,2022,Baixo Amazonas,Santarém (PA),22640.0,17676.0,54678.0,12405.0,42271.0,53787.0,25806.0,23571.0,19264.0,16134.0,13497.0,9297.0,26107.0,331942.0
150690,SANTARÉM NOVO,,,1353.0,324.0,954.0,959.0,353.0,311.0,239.0,217.0,180.0,129.0,190.0,5209.0,2010,Rio Caeté,Santarém Novo (PA),479.0,407.0,1360.0,274.0,784.0,991.0,370.0,288.0,259.0,186.0,201.0,166.0,375.0,6141.0
150690,SANTARÉM NOVO,450.0,749.0,1093.0,288.0,853.0,1098.0,457.0,426.0,342.0,319.0,280.0,216.0,479.0,7050.0,2022,Rio Caeté,Santarém Novo (PA),398.0,272.0,954.0,258.0,659.0,943.0,445.0,463.0,389.0,330.0,287.0,194.0,632.0,6116.0
150700,SANTO ANTÔNIO DO TAUÁ,,,4651.0,1074.0,2471.0,2759.0,1159.0,885.0,684.0,478.0,460.0,299.0,376.0,15296.0,2010,Guamá,Santo Antônio do Tauá (PA),2034.0,1561.0,5287.0,1223.0,3680.0,4456.0,1719.0,1382.0,1160.0,1055.0,870.0,697.0,1546.0,26674.0
150700,SANTO ANTÔNIO DO TAUÁ,1247.0,1370.0,4205.0,986.0,2954.0,3163.0,1451.0,1362.0,1128.0,938.0,777.0,604.0,1089.0,21274.0,2022,Guamá,Santo Antônio do Tauá (PA),1714.0,1417.0,4347.0,982.0,2955.0,4253.0,2106.0,2087.0,1785.0,1495.0,1204.0,871.0,2613.0,27461.0
150710,SÃO CAETANO DE ODIVELAS,,,3143.0,748.0,2005.0,1928.0,780.0,663.0,531.0,411.0,345.0,274.0,468.0,11296.0,2010,Guamá,São Caetano de Odivelas (PA),1231.0,1023.0,3377.0,797.0,2260.0,2655.0,1059.0,885.0,736.0,661.0,618.0,456.0,1128.0,16891.0
150710,SÃO CAETANO DE ODIVELAS,755.0,712.0,2394.0,564.0,1722.0,2133.0,1005.0,923.0,769.0,674.0,564.0,424.0,775.0,13414.0,2022,Guamá,São Caetano de Odivelas (PA),974.0,801.0,2502.0,597.0,1757.0,2538.0,1308.0,1262.0,1026.0,984.0,760.0,548.0,1825.0,16666.0
150715,SÃO DOMINGOS DO ARAGUAIA,,,3984.0,875.0,2479.0,2373.0,966.0,765.0,652.0,501.0,382.0,319.0,596.0,13892.0,2010,Carajás,São Domingos do Araguaia (PA),1894.0,1475.0,4930.0,1036.0,2999.0,3689.0,1379.0,1167.0,991.0,790.0,770.0,630.0,1378.0,23130.0
150715,SÃO DOMINGOS DO ARAGUAIA,1090.0,1002.0,3181.0,773.0,2155.0,2111.0,1043.0,979.0,808.0,650.0,625.0,471.0,1276.0,16164.0,2022,Carajás,São Domingos do Araguaia (PA),1464.0,1081.0,3576.0,832.0,2571.0,3019.0,1631.0,1510.0,1247.0,1015.0,935.0,580.0,1961.0,21092.0
150720,SÃO DOMINGOS DO CAPIM,,,6756.0,1444.0,3742.0,3885.0,1502.0,1223.0,1018.0,716.0,630.0,529.0,802.0,22247.0,2010,Guamá,São Domingos do Capim (PA),3060.0,2378.0,7082.0,1390.0,3873.0,4361.0,1650.0,1343.0,995.0,825.0,798.0,657.0,1430.0,29846.0
150720,SÃO DOMINGOS DO CAPIM,1771.0,1520.0,5488.0,1340.0,3917.0,4100.0,1722.0,1505.0,1363.0,1119.0,925.0,534.0,782.0,26086.0,2022,Guamá,São Domingos do Capim (PA),2098.0,1721.0,6060.0,1420.0,3923.0,4419.0,2117.0,1955.0,1742.0,1367.0,1147.0,686.0,2416.0,30599.0
150730,SÃO FÉLIX DO XINGU,,,8890.0,1700.0,4097.0,4344.0,1807.0,1442.0,1088.0,681.0,513.0,377.0,946.0,25885.0,2010,Araguaia,São Félix do Xingu (PA),6023.0,5369.0,17549.0,3293.0,13569.0,18768.0,7285.0,6054.0,4146.0,3305.0,2192.0,1634.0,2149.0,91340.0
150730,SÃO FÉLIX DO XINGU,3059.0,3223.0,9307.0,2031.0,5597.0,6373.0,3086.0,2703.0,2068.0,1668.0,1413.0,1095.0,2264.0,43887.0,2022,Araguaia,São Félix do Xingu (PA),4665.0,3686.0,10681.0,2292.0,8043.0,10476.0,5861.0,4919.0,3966.0,3459.0,2958.0,1699.0,3731.0,65418.0
150740,SÃO FRANCISCO DO PARÁ,,,2560.0,606.0,1738.0,1875.0,791.0,639.0,607.0,484.0,398.0,253.0,422.0,10373.0,2010,Guamá,São Francisco do Pará (PA),988.0,835.0,2874.0,629.0,2022.0,2559.0,914.0,822.0,757.0,619.0,592.0,408.0,1038.0,15060.0
150740,SÃO FRANCISCO DO PARÁ,700.0,655.0,2102.0,496.0,1604.0,1768.0,881.0,841.0,715.0,642.0,590.0,421.0,747.0,12162.0,2022,Guamá,São Francisco do Pará (PA),883.0,656.0,2201.0,536.0,1638.0,2170.0,1156.0,1148.0,910.0,840.0,787.0,528.0,1622.0,14894.0
150745,SÃO GERALDO DO ARAGUAIA,,,4414.0,1019.0,2688.0,2863.0,1141.0,882.0,741.0,596.0,464.0,393.0,855.0,16056.0,2010,Carajás,São Geraldo do Araguaia (PA),1966.0,1544.0,5225.0,1126.0,3325.0,4280.0,1674.0,1461.0,1136.0,985.0,841.0,638.0,1383.0,25587.0
150745,SÃO GERALDO DO ARAGUAIA,1322.0,1176.0,3384.0,686.0,2171.0,2234.0,1087.0,995.0,848.0,689.0,647.0,554.0,1197.0,16990.0,2022,Carajás,São Geraldo do Araguaia (PA),1870.0,1344.0,4097.0,862.0,2839.0,3652.0,1856.0,1729.0,1476.0,1207.0,1060.0,676.0,2040.0,24255.0
150746,SÃO JOÃO DA PONTA,,,1033.0,227.0,670.0,724.0,283.0,238.0,224.0,159.0,166.0,104.0,119.0,3947.0,2010,Guamá,São João da Ponta (PA),426.0,371.0,1041.0,237.0,686.0,756.0,301.0,270.0,244.0,208.0,199.0,132.0,393.0,5265.0
150746,SÃO JOÃO DA PONTA,322.0,313.0,976.0,219.0,708.0,844.0,436.0,355.0,311.0,279.0,250.0,175.0,284.0,5472.0,2022,Guamá,São João da Ponta (PA),288.0,218.0,712.0,154.0,464.0,607.0,297.0,296.0,269.0,261.0,205.0,197.0,520.0,4430.0
150747,SÃO JOÃO DE PIRABAS,,,3982.0,936.0,2500.0,2503.0,954.0,798.0,606.0,586.0,461.0,291.0,488.0,14105.0,2010,Rio Caeté,São João de Pirabas (PA),1572.0,1370.0,4244.0,914.0,2851.0,3169.0,1220.0,960.0,879.0,738.0,719.0,563.0,1435.0,20647.0
150747,SÃO JOÃO DE PIRABAS,1007.0,927.0,3113.0,766.0,2193.0,2507.0,1200.0,1083.0,908.0,814.0,651.0,515.0,951.0,16635.0,2022,Rio Caeté,São João de Pirabas (PA),1302.0,1016.0,3324.0,769.0,2242.0,3085.0,1580.0,1513.0,1287.0,1100.0,891.0,700.0,2166.0,20689.0
150750,SÃO JOÃO DO ARAGUAIA,,,2417.0,580.0,1494.0,1265.0,483.0,370.0,358.0,287.0,279.0,177.0,329.0,8039.0,2010,Carajás,São João do Araguaia (PA),1124.0,942.0,2796.0,611.0,1689.0,1952.0,696.0,707.0,658.0,515.0,454.0,351.0,659.0,13155.0
150750,SÃO JOÃO DO ARAGUAIA,778.0,824.0,2455.0,600.0,1627.0,1781.0,768.0,705.0,565.0,522.0,516.0,455.0,891.0,12487.0,2022,Carajás,São João do Araguaia (PA),1003.0,774.0,2443.0,521.0,1384.0,1882.0,967.0,935.0,807.0,724.0,685.0,468.0,1296.0,13664.0
150760,SÃO MIGUEL DO GUAMÁ,,,9997.0,2136.0,5271.0,5269.0,2156.0,1784.0,1425.0,1002.0,723.0,532.0,1071.0,31366.0,2010,Guamá,São Miguel do Guamá (PA),4197.0,3435.0,10681.0,2299.0,7189.0,8486.0,3254.0,2710.0,2167.0,1743.0,1457.0,1220.0,2722.0,51567.0
150760,SÃO MIGUEL DO GUAMÁ,2440.0,2441.0,7780.0,1864.0,5377.0,5291.0,2490.0,2277.0,1863.0,1548.0,1319.0,930.0,1729.0,37349.0,2022,Guamá,São Miguel do Guamá (PA),3688.0,2858.0,8857.0,2125.0,6619.0,8300.0,4113.0,3743.0,3186.0,2556.0,2111.0,1355.0,4218.0,52894.0
150770,SÃO SEBASTIÃO DA BOA VISTA,,,5122.0,1071.0,3105.0,3438.0,1232.0,991.0,740.0,568.0,426.0,247.0,326.0,17266.0,2010,Marajó,São Sebastião da Boa Vista (PA),2209.0,1711.0,5116.0,1112.0,3377.0,3517.0,1302.0,991.0,857.0,677.0,545.0,401.0,1084.0,22904.0
150770,SÃO SEBASTIÃO DA BOA VISTA,2060.0,1753.0,5279.0,1182.0,3915.0,4732.0,1833.0,1410.0,1119.0,884.0,578.0,370.0,678.0,25793.0,2022,Marajó,São Sebastião da Boa Vista (PA),2071.0,1553.0,4797.0,1032.0,3495.0,4378.0,2000.0,1568.0,1284.0,1048.0,796.0,532.0,1568.0,25643.0
150775,SAPUCAIA,,,921.0,186.0,460.0,510.0,209.0,211.0,164.0,138.0,100.0,94.0,147.0,3140.0,2010,Araguaia,Sapucaia (PA),372.0,273.0,993.0,196.0,695.0,868.0,342.0,357.0,283.0,213.0,161.0,112.0,182.0,5047.0
150775,SAPUCAIA,275.0,276.0,745.0,152.0,431.0,440.0,183.0,172.0,138.0,130.0,132.0,107.0,278.0,3459.0,2022,Araguaia,Sapucaia (PA),385.0,360.0,1044.0,179.0,753.0,962.0,415.0,439.0,314.0,305.0,234.0,152.0,375.0,5847.0
150780,SENADOR JOSÉ PORFÍRIO,,,2962.0,667.0,1196.0,1408.0,606.0,431.0,360.0,306.0,220.0,152.0,188.0,8496.0,2010,Xingu,Senador José Porfírio (PA),1286.0,978.0,2956.0,513.0,1607.0,2099.0,788.0,675.0,620.0,481.0,364.0,268.0,410.0,13045.0
150780,SENADOR JOSÉ PORFÍRIO,1157.0,1193.0,3545.0,802.0,2308.0,2320.0,981.0,914.0,766.0,601.0,486.0,374.0,616.0,16063.0,2022,Xingu,Senador José Porfírio (PA),1836.0,1457.0,4381.0,888.0,2711.0,3392.0,1724.0,1603.0,1409.0,1017.0,911.0,537.0,1131.0,22576.0
150790,SOURE,,,3962.0,899.0,2664.0,2246.0,894.0,697.0,594.0,446.0,359.0,272.0,593.0,13626.0,2010,Marajó,Soure (PA),1739.0,1345.0,4541.0,1055.0,3041.0,3702.0,1464.0,1332.0,1041.0,956.0,753.0,598.0,1433.0,23001.0
150790,SOURE,1309.0,1310.0,3797.0,822.0,2739.0,2860.0,1096.0,958.0,736.0,589.0,492.0,353.0,935.0,17996.0,2022,Marajó,Soure (PA),1495.0,1175.0,3904.0,849.0,2818.0,3825.0,1889.0,1706.0,1431.0,1320.0,1117.0,765.0,2222.0,24204.0
150795,TAILÂNDIA,,,13115.0,2661.0,6309.0,6359.0,2479.0,1818.0,1377.0,1056.0,816.0,666.0,1415.0,38071.0,2010,Tocantins,Tailândia (PA),6676.0,5632.0,17188.0,3089.0,12448.0,16165.0,5136.0,3874.0,2742.0,1894.0,1476.0,1093.0,1880.0,79297.0
150795,TAILÂNDIA,4094.0,3672.0,11682.0,2713.0,7164.0,7025.0,3316.0,2981.0,2365.0,1940.0,1584.0,1249.0,2822.0,52607.0,2022,Tocantins,Tailândia (PA),5562.0,4219.0,13672.0,2989.0,9866.0,12699.0,5993.0,5057.0,3844.0,2882.0,2263.0,1331.0,3401.0,72493.0
150796,TERRA ALTA,,,2208.0,559.0,1431.0,1145.0,493.0,442.0,322.0,245.0,172.0,138.0,194.0,7349.0,2010,Guamá,Terra Alta (PA),770.0,624.0,2174.0,473.0,1317.0,1572.0,631.0,586.0,452.0,355.0,339.0,282.0,685.0,10262.0
150796,TERRA ALTA,677.0,589.0,1856.0,393.0,1384.0,1635.0,677.0,656.0,580.0,516.0,438.0,326.0,733.0,10460.0,2022,Guamá,Terra Alta (PA),680.0,516.0,1669.0,364.0,1110.0,1517.0,797.0,758.0,675.0,576.0,497.0,346.0,1051.0,10400.0
150797,TERRA SANTA,,,3268.0,821.0,2027.0,1782.0,674.0,550.0,411.0,337.0,286.0,219.0,395.0,10770.0,2010,Baixo Amazonas,Terra Santa (PA),1303.0,1123.0,3774.0,789.0,2233.0,2780.0,1017.0,784.0,653.0,624.0,521.0,408.0,940.0,16949.0
150797,TERRA SANTA,1062.0,976.0,2762.0,594.0,1810.0,2273.0,1018.0,906.0,709.0,536.0,449.0,427.0,817.0,14339.0,2022,Baixo Amazonas,Terra Santa (PA),1437.0,1087.0,3279.0,674.0,2218.0,3149.0,1494.0,1340.0,1026.0,849.0,666.0,464.0,1405.0,18782.0
150800,TOMÉ-AÇU,,,11987.0,2589.0,6956.0,6563.0,2451.0,1997.0,1603.0,1228.0,947.0,804.0,1948.0,39073.0,2010,Rio Capim,Tomé-Açu (PA),5251.0,3885.0,11952.0,2529.0,7999.0,9327.0,3522.0,2917.0,2177.0,1778.0,1511.0,1133.0,2529.0,56518.0
150800,TOMÉ-AÇU,3742.0,3756.0,11404.0,2333.0,6163.0,6909.0,3071.0,2702.0,2158.0,1790.0,1425.0,921.0,2219.0,48593.0,2022,Rio Capim,Tomé-Açu (PA),5459.0,4135.0,12452.0,2533.0,8564.0,11310.0,5098.0,4775.0,3653.0,2995.0,2207.0,1392.0,4294.0,67585.0
150803,TRACUATEUA,,,6004.0,1250.0,3391.0,3834.0,1505.0,1188.0,1008.0,780.0,677.0,493.0,777.0,20907.0,2010,Rio Caeté,Tracuateua (PA),2326.0,1857.0,5945.0,1292.0,3763.0,4232.0,1577.0,1320.0,1104.0,993.0,874.0,635.0,1536.0,27455.0
150803,TRACUATEUA,1540.0,1514.0,4827.0,1224.0,3362.0,3968.0,1919.0,1694.0,1439.0,1152.0,969.0,600.0,823.0,25031.0,2022,Rio Caeté,Tracuateua (PA),1759.0,1465.0,4993.0,1130.0,3227.0,4234.0,2206.0,2060.0,1749.0,1398.0,1267.0,915.0,2583.0,28595.0
150805,TRAIRÃO,,,2555.0,540.0,1337.0,1406.0,544.0,417.0,338.0,287.0,264.0,186.0,264.0,8138.0,2010,Tapajós,Trairão (PA),1466.0,1107.0,3313.0,648.0,2443.0,3200.0,1087.0,851.0,749.0,650.0,496.0,348.0,516.0,16875.0
150805,TRAIRÃO,828.0,860.0,2237.0,514.0,1743.0,1823.0,821.0,762.0,517.0,437.0,381.0,355.0,791.0,12069.0,2022,Tapajós,Trairão (PA),1233.0,942.0,2546.0,579.0,1886.0,2433.0,1209.0,1128.0,842.0,719.0,582.0,390.0,1039.0,15242.0
150808,TUCUMÃ,,,4606.0,1024.0,2849.0,3184.0,1288.0,1040.0,864.0,633.0,435.0,358.0,1010.0,17291.0,2010,Araguaia,Tucumã (PA),2670.0,1907.0,6231.0,1441.0,4837.0,6199.0,2335.0,2073.0,1704.0,1325.0,1006.0,700.0,1262.0,33690.0
150808,TUCUMÃ,1525.0,1413.0,4080.0,761.0,2467.0,3100.0,1503.0,1387.0,1039.0,861.0,858.0,826.0,1954.0,21774.0,2022,Araguaia,Tucumã (PA),2937.0,2203.0,6238.0,1298.0,4896.0,6682.0,3323.0,3031.0,2361.0,1878.0,1542.0,1081.0,2699.0,39550.0
150810,TUCURUÍ,,,16555.0,3323.0,8161.0,8185.0,3244.0,2650.0,2072.0,1564.0,1274.0,1476.0,3516.0,52020.0,2010,Lago Tucuruí,Tucuruí (PA),7929.0,6230.0,19185.0,4227.0,14456.0,17619.0,6405.0,5284.0,4365.0,3647.0,2700.0,1751.0,3325.0,97128.0
150810,TUCURUÍ,3631.0,3914.0,12118.0,2892.0,8165.0,7990.0,3601.0,3360.0,2611.0,2112.0,1880.0,2056.0,5825.0,60155.0,2022,Lago Tucuruí,Tucuruí (PA),5867.0,4834.0,14884.0,3458.0,11681.0,14382.0,7173.0,6713.0,5539.0,4476.0,3913.0,2696.0,6976.0,91306.0
150812,ULIANÓPOLIS,,,4532.0,925.0,2036.0,2347.0,994.0,771.0,648.0,497.0,382.0,260.0,489.0,13881.0,2010,Rio Capim,Ulianópolis (PA),3718.0,2880.0,9098.0,1533.0,6746.0,8383.0,3300.0,2221.0,1497.0,1532.0,838.0,671.0,923.0,43341.0
150812,ULIANÓPOLIS,1285.0,1221.0,3478.0,960.0,2482.0,2419.0,1251.0,1173.0,1013.0,890.0,790.0,622.0,1067.0,18651.0,2022,Rio Capim,Ulianópolis (PA),2176.0,2255.0,5388.0,1280.0,5057.0,7031.0,3774.0,3287.0,1961.0,1774.0,1303.0,1291.0,1740.0,37972.0
150815,URUARÁ,,,7105.0,1577.0,4101.0,3837.0,1648.0,1275.0,1003.0,770.0,565.0,527.0,1127.0,23535.0,2010,Xingu,Uruará (PA),3853.0,2899.0,8995.0,1884.0,6200.0,8331.0,2855.0,2409.0,1916.0,1601.0,1218.0,969.0,1653.0,44789.0
150815,URUARÁ,2333.0,2190.0,6584.0,1378.0,3666.0,4455.0,2155.0,1949.0,1431.0,1176.0,971.0,769.0,1974.0,31031.0,2022,Xingu,Uruará (PA),3343.0,2474.0,7447.0,1591.0,5224.0,7030.0,3474.0,3136.0,2491.0,2093.0,1855.0,1164.0,3009.0,43558.0
150820,VIGIA,,,8092.0,1714.0,4750.0,4461.0,1817.0,1423.0,1057.0,847.0,643.0,508.0,956.0,26268.0,2010,Guamá,Vigia (PA),3409.0,2791.0,9043.0,2125.0,6763.0,8273.0,3123.0,2623.0,2116.0,1863.0,1640.0,1261.0,2849.0,47889.0
150820,VIGIA,2140.0,2162.0,6543.0,1623.0,5161.0,6231.0,2799.0,2635.0,2161.0,1832.0,1552.0,1182.0,2432.0,38453.0,2022,Guamá,Vigia (PA),2944.0,2382.0,7517.0,1793.0,5651.0,8222.0,4232.0,3963.0,3179.0,2796.0,2258.0,1591.0,4899.0,50832.0
150830,VISEU,,,13222.0,2544.0,6012.0,6899.0,2495.0,2101.0,1670.0,1443.0,1126.0,725.0,655.0,38892.0,2010,Rio Caeté,Viseu (PA),5682.0,4473.0,13338.0,2627.0,7546.0,8238.0,2975.0,2453.0,2099.0,1815.0,1585.0,1172.0,2711.0,56716.0
150830,VISEU,2998.0,3337.0,11014.0,2553.0,6342.0,6999.0,3294.0,2687.0,2007.0,1582.0,1231.0,786.0,1173.0,46003.0,2022,Rio Caeté,Viseu (PA),4342.0,3492.0,11827.0,2701.0,7406.0,8578.0,4239.0,3693.0,2899.0,2386.0,2140.0,1579.0,4345.0,58692.0
150835,VITÓRIA DO XINGU,,,1843.0,410.0,1101.0,1158.0,506.0,409.0,328.0,211.0,147.0,106.0,189.0,6408.0,2010,Xingu,Vitória do Xingu (PA),942.0,809.0,2676.0,546.0,2080.0,2472.0,855.0,757.0,552.0,470.0,390.0,306.0,574.0,13431.0
150835,VITÓRIA DO XINGU,945.0,793.0,2511.0,524.0,1400.0,1657.0,723.0,675.0,552.0,453.0,392.0,280.0,629.0,11534.0,2022,Xingu,Vitória do Xingu (PA),1087.0,962.0,2856.0,608.0,1783.0,2510.0,1155.0,1130.0,871.0,755.0,638.0,388.0,1102.0,15607.0
150840,XINGUARA,,,5257.0,1104.0,2901.0,2972.0,1309.0,1073.0,875.0,629.0,490.0,401.0,1461.0,18472.0,2010,Araguaia,Xinguara (PA),2984.0,2350.0,7665.0,1601.0,5555.0,7415.0,2913.0,2509.0,2097.0,1596.0,1283.0,903.0,1699.0,40573.0
150840,XINGUARA,1754.0,1755.0,5141.0,1175.0,3109.0,3477.0,1715.0,1524.0,1286.0,1093.0,1034.0,901.0,2367.0,26331.0,2022,Araguaia,Xinguara (PA),3713.0,2832.0,8213.0,1816.0,6658.0,9024.0,4397.0,3954.0,3217.0,2646.0,2176.0,1370.0,3722.0,52893.0
