Codigo,Municipio,homens_cadunico,homens_geral,mulheres_cadunico,mulheres_geral,Ano,homens_cadunico_%,mulheres_cadunico_%
150010,ABAETETUBA,62504,79297.0,70334,78891.0,2022,78.82,89.15
150010,ABAETETUBA,47547,71630.0,57830,69470.0,2013,66.38,83.24
150013,ABEL FIGUEIREDO,2592,3113.0,3060,3023.0,2022,83.26,101.22
150013,ABEL FIGUEIREDO,2222,3533.0,2609,3247.0,2013,62.89,80.35
150020,ACARÁ,22480,30551.0,25332,28472.0,2022,73.58,88.97
150020,ACARÁ,17644,28115.0,20039,25454.0,2013,62.76,78.73
150030,AFUÁ,13335,18453.0,14132,16589.0,2013,72.26,85.19
150030,AFUÁ,17807,19708.0,17971,18057.0,2022,90.35,99.52
150034,ÁGUA AZUL DO NORTE,5091,9696.0,6555,8384.0,2022,52.51,78.18
150034,ÁGUA AZUL DO NORTE,5390,13618.0,6510,11439.0,2013,39.58,56.91
150040,ALENQUER,19478,27030.0,22925,25596.0,2013,72.06,89.56
150040,ALENQUER,20617,35689.0,25739,33688.0,2022,57.77,76.4
150050,ALMEIRIM,10849,17468.0,12148,16146.0,2013,62.11,75.24
150050,ALMEIRIM,12725,17647.0,13727,16633.0,2022,72.11,82.53
150060,ALTAMIRA,31019,62942.0,40164,63337.0,2022,49.28,63.41
150060,ALTAMIRA,21479,49819.0,27981,49256.0,2013,43.11,56.81
150070,ANAJÁS,15319,14508.0,15024,13503.0,2022,105.59,111.26
150070,ANAJÁS,11122,12957.0,11512,11802.0,2013,85.84,97.54
150080,ANANINDEUA,95547,227304.0,146398,251474.0,2022,42.03,58.22
150080,ANANINDEUA,62660,226635.0,100944,245345.0,2013,27.65,41.14
150085,ANAPU,8663,10992.0,9287,9551.0,2013,78.81,97.24
150085,ANAPU,12765,16605.0,14193,15245.0,2022,76.87,93.1
150090,AUGUSTO CORRÊA,18721,20989.0,19557,19508.0,2013,89.19,100.25
150090,AUGUSTO CORRÊA,19452,22797.0,20499,21776.0,2022,85.33,94.14
150095,AURORA DO PARÁ,9208,12079.0,10317,11695.0,2022,76.23,88.22
150095,AURORA DO PARÁ,8409,13620.0,9292,12926.0,2013,61.74,71.89
150100,AVEIRO,6439,8367.0,6492,7482.0,2013,76.96,86.77
150100,AVEIRO,5642,9586.0,5590,8704.0,2022,58.86,64.22
150110,BAGRE,9454,16253.0,10043,15639.0,2022,58.17,64.22
150110,BAGRE,7541,12135.0,7520,11729.0,2013,62.14,64.11
150120,BAIÃO,11443,19446.0,11786,17436.0,2013,58.85,67.6
150120,BAIÃO,12695,25917.0,13897,25724.0,2022,48.98,54.02
150125,BANNACH,1211,2164.0,1329,1867.0,2022,55.96,71.18
150125,BANNACH,1218,1847.0,1261,1584.0,2013,65.94,79.61
150130,BARCARENA,32864,63394.0,43408,63256.0,2022,51.84,68.62
150130,BARCARENA,27524,50346.0,35659,49513.0,2013,54.67,72.02
150140,BELÉM,292803,610777.0,426498,692626.0,2022,47.94,61.58
150140,BELÉM,171898,659008.0,254710,734391.0,2013,26.08,34.68
150145,BELTERRA,6987,9164.0,7618,8935.0,2022,76.24,85.26
150145,BELTERRA,7585,8481.0,7813,7837.0,2013,89.44,99.69
150150,BENEVIDES,13284,25815.0,17479,25836.0,2013,51.46,67.65
150150,BENEVIDES,20354,31251.0,28617,32316.0,2022,65.13,88.55
150157,BOM JESUS DO TOCANTINS,4141,8051.0,4887,7247.0,2013,51.43,67.43
150157,BOM JESUS DO TOCANTINS,4962,9969.0,6030,8036.0,2022,49.77,75.04
150160,BONITO,4610,7114.0,4870,6516.0,2013,64.8,74.74
150160,BONITO,4920,6477.0,5754,6145.0,2022,75.96,93.64
150170,BRAGANÇA,41510,61581.0,48796,61501.0,2022,67.41,79.34
150170,BRAGANÇA,38144,57291.0,42993,55936.0,2013,66.58,76.86
150172,BRASIL NOVO,5060,8314.0,5283,7376.0,2013,60.86,71.62
150172,BRASIL NOVO,7871,12635.0,8102,12083.0,2022,62.3,67.05
150175,BREJO GRANDE DO ARAGUAIA,2805,3439.0,3161,3344.0,2022,81.56,94.53
150175,BREJO GRANDE DO ARAGUAIA,2859,3832.0,3470,3485.0,2013,74.61,99.57
150178,BREU BRANCO,14811,27085.0,18909,25408.0,2013,54.68,74.42
150178,BREU BRANCO,14225,23100.0,18666,22612.0,2022,61.58,82.55
150180,BREVES,43354,55278.0,47026,51690.0,2022,78.43,90.98
150180,BREVES,32899,47788.0,38213,45072.0,2013,68.84,84.78
150190,BUJARU,11282,12353.0,12156,12030.0,2022,91.33,101.05
150190,BUJARU,10876,13335.0,12049,12360.0,2013,81.56,97.48
150195,CACHOEIRA DO PIRIÁ,8188,13720.0,7974,12764.0,2013,59.68,62.47
150195,CACHOEIRA DO PIRIÁ,8587,10351.0,8895,9279.0,2022,82.96,95.86
150200,CACHOEIRA DO ARARI,7586,10545.0,8703,9898.0,2013,71.94,87.93
150200,CACHOEIRA DO ARARI,8467,12126.0,9715,11855.0,2022,69.83,81.95
150210,CAMETÁ,50926,68840.0,54187,65344.0,2022,73.98,82.93
150210,CAMETÁ,38169,62016.0,46817,58880.0,2013,61.55,79.51
150215,CANAÃ DOS CARAJÁS,14082,39387.0,19076,37692.0,2022,35.75,50.61
150215,CANAÃ DOS CARAJÁS,8264,13585.0,10508,13131.0,2013,60.83,80.02
150220,CAPANEMA,18059,34350.0,22532,36044.0,2022,52.57,62.51
150220,CAPANEMA,18607,31494.0,21655,32145.0,2013,59.08,67.37
150230,CAPITÃO POÇO,19483,28671.0,21812,27835.0,2022,67.95,78.36
150230,CAPITÃO POÇO,18457,26621.0,19801,25272.0,2013,69.33,78.35
150240,CASTANHAL,43427,84476.0,59063,88673.0,2013,51.41,66.61
150240,CASTANHAL,46371,92506.0,63483,99750.0,2022,50.13,63.64
150250,CHAVES,7974,11180.0,7849,9825.0,2013,71.32,79.89
150250,CHAVES,8619,11118.0,8805,9639.0,2022,77.52,91.35
150260,COLARES,3875,5879.0,3960,5502.0,2013,65.91,71.97
150260,COLARES,4490,6446.0,5070,6422.0,2022,69.66,78.95
150270,CONCEIÇÃO DO ARAGUAIA,13503,22490.0,14986,22127.0,2022,60.04,67.73
150270,CONCEIÇÃO DO ARAGUAIA,13882,23309.0,15279,22248.0,2013,59.56,68.68
150275,CONCÓRDIA DO PARÁ,10295,14590.0,10738,13626.0,2013,70.56,78.81
150275,CONCÓRDIA DO PARÁ,11461,13550.0,12696,13331.0,2022,84.58,95.24
150276,CUMARU DO NORTE,3301,7706.0,3762,6330.0,2022,42.84,59.43
150276,CUMARU DO NORTE,3045,6081.0,3285,4385.0,2013,50.07,74.91
150277,CURIONÓPOLIS,6590,10196.0,8559,9754.0,2022,64.63,87.75
150277,CURIONÓPOLIS,7376,9666.0,8606,8622.0,2013,76.31,99.81
150280,CURRALINHO,12725,15059.0,12576,13490.0,2013,84.5,93.22
150280,CURRALINHO,14977,17863.0,14433,16040.0,2022,83.84,89.98
150285,CURUÁ,5096,6456.0,5539,5798.0,2013,78.93,95.53
150285,CURUÁ,6393,7338.0,6292,6779.0,2022,87.12,92.82
150290,CURUÇÁ,12114,17568.0,14867,16726.0,2013,68.95,88.89
150290,CURUÇÁ,14684,20745.0,17281,20517.0,2022,70.78,84.23
150293,DOM ELISEU,11291,28907.0,15225,29577.0,2022,39.06,51.48
150293,DOM ELISEU,11669,26624.0,14501,24695.0,2013,43.83,58.72
150295,ELDORADO DO CARAJÁS,10562,14443.0,11734,13749.0,2022,73.13,85.34
150295,ELDORADO DO CARAJÁS,9134,16814.0,10292,14972.0,2013,54.32,68.74
150300,FARO,2899,4240.0,3443,3937.0,2013,68.37,87.45
150300,FARO,4253,4483.0,4315,4245.0,2022,94.87,101.65
150304,FLORESTA DO ARAGUAIA,6232,9551.0,6584,8217.0,2013,65.25,80.13
150304,FLORESTA DO ARAGUAIA,6667,9498.0,7310,8400.0,2022,70.19,87.02
150307,GARRAFÃO DO NORTE,9337,12694.0,10488,12009.0,2022,73.55,87.33
150307,GARRAFÃO DO NORTE,10830,13107.0,11731,11927.0,2013,82.63,98.36
150309,GOIANÉSIA DO PARÁ,9672,13525.0,10811,12837.0,2022,71.51,84.22
150309,GOIANÉSIA DO PARÁ,11153,15750.0,12010,14686.0,2013,70.81,81.78
150310,GURUPÁ,11787,15400.0,11294,13662.0,2013,76.54,82.67
150310,GURUPÁ,15888,16707.0,14835,15079.0,2022,95.1,98.38
150320,IGARAPÉ-AÇU,9361,18117.0,13753,17770.0,2013,51.67,77.39
150320,IGARAPÉ-AÇU,12377,17767.0,14908,18030.0,2022,69.66,82.68
150330,IGARAPÉ-MIRI,22448,29674.0,25395,28403.0,2013,75.65,89.41
150330,IGARAPÉ-MIRI,23236,33274.0,26834,31557.0,2022,69.83,85.03
150340,INHANGAPI,3471,5170.0,3861,4867.0,2013,67.14,79.33
150340,INHANGAPI,3664,5229.0,4259,5096.0,2022,70.07,83.58
150345,IPIXUNA DO PARÁ,10787,26904.0,11942,24405.0,2013,40.09,48.93
150345,IPIXUNA DO PARÁ,12316,15637.0,14489,14692.0,2022,78.76,98.62
150350,IRITUIA,12518,15911.0,13514,15044.0,2022,78.68,89.83
150350,IRITUIA,11240,16261.0,13099,15103.0,2013,69.12,86.73
150360,ITAITUBA,28968,49681.0,37080,47812.0,2013,58.31,77.55
150360,ITAITUBA,33466,62288.0,42897,61026.0,2022,53.73,70.29
150370,ITUPIRANGA,18339,27026.0,19193,24194.0,2013,67.86,79.33
150370,ITUPIRANGA,17048,26048.0,19643,23706.0,2022,65.45,82.86
150375,JACAREACANGA,5667,8037.0,5906,6066.0,2013,70.51,97.36
150375,JACAREACANGA,8444,12560.0,8871,11482.0,2022,67.23,77.26
150380,JACUNDÁ,12300,18504.0,16509,19203.0,2022,66.47,85.97
150380,JACUNDÁ,12697,25769.0,16453,25591.0,2013,49.27,64.29
150390,JURUTI,16496,26154.0,16909,24727.0,2022,63.07,68.38
150390,JURUTI,17310,24578.0,17448,22508.0,2013,70.43,77.52
150400,LIMOEIRO DO AJURU,11364,13115.0,10877,11906.0,2013,86.65,91.36
150400,LIMOEIRO DO AJURU,12744,15291.0,12457,14278.0,2022,83.34,87.25
150405,MÃE DO RIO,10793,16887.0,14402,17466.0,2022,63.91,82.46
150405,MÃE DO RIO,11204,13740.0,14379,14164.0,2013,81.54,101.52
150410,MAGALHÃES BARATA,3273,4258.0,3259,3857.0,2013,76.87,84.5
150410,MAGALHÃES BARATA,3154,4151.0,3288,3964.0,2022,75.98,82.95
150420,MARABÁ,60993,132772.0,78931,133761.0,2022,45.94,59.01
150420,MARABÁ,53314,118196.0,65121,115473.0,2013,45.11,56.4
150430,MARACANÃ,12218,13292.0,13411,12679.0,2022,91.92,105.77
150430,MARACANÃ,12007,14699.0,12194,13677.0,2013,81.69,89.16
150440,MARAPANIM,8926,13884.0,9695,12721.0,2013,64.29,76.21
150440,MARAPANIM,9368,13647.0,10306,12926.0,2022,68.65,79.73
150442,MARITUBA,31595,54692.0,46225,57093.0,2022,57.77,80.96
150442,MARITUBA,25696,53884.0,36372,54362.0,2013,47.69,66.91
150445,MEDICILÂNDIA,9015,14888.0,9081,12440.0,2013,60.55,73.0
150445,MEDICILÂNDIA,11705,14325.0,11583,12769.0,2022,81.71,90.71
150450,MELGAÇO,12166,14568.0,11547,13313.0,2022,83.51,86.73
150450,MELGAÇO,9991,13227.0,10086,11581.0,2013,75.53,87.09
150460,MOCAJUBA,14045,13800.0,15224,13398.0,2022,101.78,113.63
150460,MOCAJUBA,11994,13747.0,12930,12984.0,2013,87.25,99.58
150470,MOJU,23152,36666.0,29292,33352.0,2013,63.14,87.83
150470,MOJU,27913,43881.0,32902,40213.0,2022,63.61,81.82
150475,MOJUÍ DOS CAMPOS,404,,425,,2013,,
150475,MOJUÍ DOS CAMPOS,8926,12231.0,9660,11270.0,2022,72.98,85.71
150480,MONTE ALEGRE,22282,30351.0,24878,29661.0,2022,73.41,83.87
150480,MONTE ALEGRE,22347,28508.0,25614,26954.0,2013,78.39,95.03
150490,MUANÁ,15409,22997.0,15710,22371.0,2022,67.0,70.22
150490,MUANÁ,12201,17906.0,12644,16298.0,2013,68.14,77.58
150495,NOVA ESPERANÇA DO PIRIÁ,8334,10643.0,8634,9515.0,2013,78.3,90.74
150495,NOVA ESPERANÇA DO PIRIÁ,9401,10516.0,9420,9962.0,2022,89.4,94.56
150497,NOVA IPIXUNA,5657,7731.0,5798,6914.0,2013,73.17,83.86
150497,NOVA IPIXUNA,4522,7294.0,4945,6661.0,2022,62.0,74.24
150500,NOVA TIMBOTEUA,4179,6503.0,4854,6303.0,2022,64.26,77.01
150500,NOVA TIMBOTEUA,4093,7082.0,4478,6588.0,2013,57.79,67.97
150503,NOVO PROGRESSO,7586,17487.0,9057,16151.0,2022,43.38,56.08
150503,NOVO PROGRESSO,5453,13435.0,6494,11689.0,2013,40.59,55.56
150506,NOVO REPARTIMENTO,18892,31309.0,21907,29423.0,2022,60.34,74.46
150506,NOVO REPARTIMENTO,21036,32748.0,22906,29302.0,2013,64.24,78.17
150510,ÓBIDOS,19924,26744.0,21121,25485.0,2022,74.5,82.88
150510,ÓBIDOS,18751,25563.0,19209,23770.0,2013,73.35,80.81
150520,OEIRAS DO PARÁ,15560,17643.0,15251,16201.0,2022,88.19,94.14
150520,OEIRAS DO PARÁ,12441,15017.0,12574,13578.0,2013,82.85,92.61
150530,ORIXIMINÁ,18672,31756.0,22424,31038.0,2013,58.8,72.25
150530,ORIXIMINÁ,20694,34456.0,25121,33838.0,2022,60.06,74.24
150540,OURÉM,6831,9047.0,7912,8808.0,2022,75.51,89.83
150540,OURÉM,6839,8443.0,7494,7868.0,2013,81.0,95.25
150543,OURILÂNDIA DO NORTE,6810,14270.0,8721,13089.0,2013,47.72,66.63
150543,OURILÂNDIA DO NORTE,10286,16542.0,12495,15925.0,2022,62.18,78.46
150548,PACAJÁ,12271,21599.0,14177,18380.0,2013,56.81,77.13
150548,PACAJÁ,16963,21632.0,17792,19465.0,2022,78.42,91.41
150549,PALESTINA DO PARÁ,2816,3538.0,3204,3347.0,2022,79.59,95.73
150549,PALESTINA DO PARÁ,3351,3879.0,3635,3596.0,2013,86.39,101.08
150550,PARAGOMINAS,29760,49267.0,37301,48552.0,2013,60.41,76.83
150550,PARAGOMINAS,29390,52461.0,37725,53089.0,2022,56.02,71.06
150553,PARAUAPEBAS,51664,133922.0,68340,133914.0,2022,38.58,51.03
150553,PARAUAPEBAS,36414,77893.0,43019,76015.0,2013,46.75,56.59
150555,PAU DARCO,2587,3178.0,2696,2855.0,2013,81.4,94.43
150555,PAU DARCO,2810,3555.0,3151,3376.0,2022,79.04,93.34
150560,PEIXE-BOI,3142,4039.0,3343,3815.0,2013,77.79,87.63
150560,PEIXE-BOI,2958,4202.0,3056,4083.0,2022,70.4,74.85
150563,PIÇARRA,4469,6776.0,5030,5921.0,2013,65.95,84.95
150563,PIÇARRA,4071,6734.0,4625,6098.0,2022,60.45,75.84
150565,PLACAS,6036,12568.0,6092,11366.0,2013,48.03,53.6
150565,PLACAS,7843,9855.0,7842,8813.0,2022,79.58,88.98
150570,PONTA DE PEDRAS,9844,13379.0,10147,12620.0,2013,73.58,80.4
150570,PONTA DE PEDRAS,11311,12842.0,11830,12142.0,2022,88.08,97.43
150580,PORTEL,18069,26818.0,20263,25354.0,2013,67.38,79.92
150580,PORTEL,22800,32627.0,24689,29876.0,2022,69.88,82.64
150590,PORTO DE MOZ,10330,17612.0,11367,16344.0,2013,58.65,69.55
150590,PORTO DE MOZ,15129,21118.0,14937,19479.0,2022,71.64,76.68
150600,PRAINHA,17284,18467.0,16884,17110.0,2022,93.59,98.68
150600,PRAINHA,14652,15516.0,14832,13833.0,2013,94.43,107.22
150610,PRIMAVERA,4284,5482.0,4847,5369.0,2022,78.15,90.28
150610,PRIMAVERA,4175,5300.0,4305,4968.0,2013,78.77,86.65
150611,QUATIPURU,4587,5848.0,5089,5676.0,2022,78.44,89.66
150611,QUATIPURU,4819,6461.0,4845,5950.0,2013,74.59,81.43
150613,REDENÇÃO,15139,38016.0,20115,37540.0,2013,39.82,53.58
150613,REDENÇÃO,20079,42226.0,25547,43371.0,2022,47.55,58.9
150616,RIO MARIA,3896,9161.0,4931,8536.0,2013,42.53,57.77
150616,RIO MARIA,5606,9321.0,6315,9063.0,2022,60.14,69.68
150618,RONDON DO PARÁ,10235,27356.0,12463,25787.0,2022,37.41,48.33
150618,RONDON DO PARÁ,11946,24274.0,14257,22690.0,2013,49.21,62.83
150619,RURÓPOLIS,8781,20875.0,9282,19212.0,2013,42.06,48.31
150619,RURÓPOLIS,9815,18371.0,10934,17398.0,2022,53.43,62.85
150620,SALINÓPOLIS,11934,22583.0,14763,22189.0,2022,52.85,66.53
150620,SALINÓPOLIS,10237,19096.0,11808,18325.0,2013,53.61,64.44
150630,SALVATERRA,7521,10292.0,9161,9891.0,2013,73.08,92.62
150630,SALVATERRA,8448,12051.0,10263,12078.0,2022,70.1,84.97
150635,SANTA BÁRBARA DO PARÁ,7075,10485.0,9069,10602.0,2022,67.48,85.54
150635,SANTA BÁRBARA DO PARÁ,6862,8755.0,7860,8386.0,2013,78.38,93.73
150640,SANTA CRUZ DO ARARI,3208,3888.0,3619,3557.0,2022,82.51,101.74
150640,SANTA CRUZ DO ARARI,2060,4142.0,2518,4013.0,2013,49.73,62.75
150650,SANTA IZABEL DO PARÁ,16197,31156.0,21111,28310.0,2013,51.99,74.57
150650,SANTA IZABEL DO PARÁ,14751,39642.0,21475,33377.0,2022,37.21,64.34
150655,SANTA LUZIA DO PARÁ,8552,9884.0,9239,9540.0,2013,86.52,96.84
150655,SANTA LUZIA DO PARÁ,7789,10240.0,9347,10130.0,2022,76.06,92.27
150658,SANTA MARIA DAS BARREIRAS,6616,9497.0,6832,7709.0,2013,69.66,88.62
150658,SANTA MARIA DAS BARREIRAS,7266,8770.0,7304,7778.0,2022,82.85,93.91
150660,SANTA MARIA DO PARÁ,8307,11492.0,9576,11534.0,2013,72.29,83.02
150660,SANTA MARIA DO PARÁ,8010,12147.0,9655,12477.0,2022,65.94,77.38
150670,SANTANA DO ARAGUAIA,10604,16673.0,13706,15740.0,2022,63.6,87.08
150670,SANTANA DO ARAGUAIA,8108,29788.0,9904,26365.0,2013,27.22,37.56
150680,SANTARÉM,109617,163080.0,132076,168862.0,2022,67.22,78.22
150680,SANTARÉM,93058,145533.0,105858,149047.0,2013,63.94,71.02
150690,SANTARÉM NOVO,3028,3211.0,2929,2930.0,2013,94.3,99.97
150690,SANTARÉM NOVO,3534,3205.0,3516,2911.0,2022,110.27,120.78
150700,SANTO ANTÔNIO DO TAUÁ,8051,13433.0,10194,13241.0,2013,59.93,76.99
150700,SANTO ANTÔNIO DO TAUÁ,9340,13760.0,11934,13701.0,2022,67.88,87.1
150710,SÃO CAETANO DE ODIVELAS,6571,8473.0,6843,8193.0,2022,77.55,83.52
150710,SÃO CAETANO DE ODIVELAS,6106,8806.0,7025,8085.0,2013,69.34,86.89
150715,SÃO DOMINGOS DO ARAGUAIA,7498,11901.0,8779,11229.0,2013,63.0,78.18
150715,SÃO DOMINGOS DO ARAGUAIA,7252,10716.0,8912,10376.0,2022,67.67,85.89
150720,SÃO DOMINGOS DO CAPIM,13138,16015.0,12948,14584.0,2022,82.04,88.78
150720,SÃO DOMINGOS DO CAPIM,13362,15741.0,13087,14105.0,2013,84.89,92.78
150730,SÃO FÉLIX DO XINGU,14465,48691.0,16816,42649.0,2013,29.71,39.43
150730,SÃO FÉLIX DO XINGU,20537,34830.0,23350,30588.0,2022,58.96,76.34
150740,SÃO FRANCISCO DO PARÁ,5587,7546.0,6575,7348.0,2022,74.04,89.48
150740,SÃO FRANCISCO DO PARÁ,5668,7775.0,6126,7285.0,2013,72.9,84.09
150745,SÃO GERALDO DO ARAGUAIA,8499,13093.0,10251,12494.0,2013,64.91,82.05
150745,SÃO GERALDO DO ARAGUAIA,7397,12242.0,9593,12013.0,2022,60.42,79.86
150746,SÃO JOÃO DA PONTA,2294,2738.0,2331,2527.0,2013,83.78,92.24
150746,SÃO JOÃO DA PONTA,2763,2287.0,2709,2143.0,2022,120.81,126.41
150747,SÃO JOÃO DE PIRABAS,7804,10658.0,8831,10031.0,2022,73.22,88.04
150747,SÃO JOÃO DE PIRABAS,7775,10760.0,8628,9887.0,2013,72.26,87.27
150750,SÃO JOÃO DO ARAGUAIA,4378,7149.0,4836,6006.0,2013,61.24,80.52
150750,SÃO JOÃO DO ARAGUAIA,6013,7290.0,6474,6374.0,2022,82.48,101.57
150760,SÃO MIGUEL DO GUAMÁ,15893,26028.0,21020,25539.0,2013,61.06,82.31
150760,SÃO MIGUEL DO GUAMÁ,15915,26181.0,21434,26713.0,2022,60.79,80.24
150770,SÃO SEBASTIÃO DA BOA VISTA,10578,11833.0,10559,11071.0,2013,89.39,95.38
150770,SÃO SEBASTIÃO DA BOA VISTA,12949,13329.0,12844,12314.0,2022,97.15,104.3
150775,SAPUCAIA,1718,2710.0,1885,2337.0,2013,63.39,80.66
150775,SAPUCAIA,1472,2968.0,1987,2879.0,2022,49.6,69.02
150780,SENADOR JOSÉ PORFÍRIO,7656,12195.0,8407,10381.0,2022,62.78,80.98
150780,SENADOR JOSÉ PORFÍRIO,4614,6995.0,5598,6050.0,2013,65.96,92.53
150790,SOURE,6700,11472.0,9202,11529.0,2013,58.4,79.82
150790,SOURE,7500,11940.0,10496,12264.0,2022,62.81,85.58
150795,TAILÂNDIA,19884,40991.0,26605,38306.0,2013,48.51,69.45
150795,TAILÂNDIA,22629,36570.0,29978,35923.0,2022,61.88,83.45
150796,TERRA ALTA,4863,5297.0,5597,5103.0,2022,91.81,109.68
150796,TERRA ALTA,3819,5272.0,4820,4990.0,2013,72.44,96.59
150797,TERRA SANTA,6715,9519.0,7624,9263.0,2022,70.54,82.31
150797,TERRA SANTA,5608,8776.0,7005,8173.0,2013,63.9,85.71
150800,TOMÉ-AÇU,21058,29323.0,26068,27195.0,2013,71.81,95.86
150800,TOMÉ-AÇU,21344,34412.0,27249,33173.0,2022,62.02,82.14
150803,TRACUATEUA,12091,14704.0,12940,13891.0,2022,82.23,93.15
150803,TRACUATEUA,12068,14328.0,12505,13127.0,2013,84.23,95.26
150805,TRAIRÃO,4550,9146.0,4944,7729.0,2013,49.75,63.97
150805,TRAIRÃO,5809,8020.0,6260,7222.0,2022,72.43,86.68
150808,TUCUMÃ,9456,17489.0,10778,16201.0,2013,54.07,66.53
150808,TUCUMÃ,10178,19757.0,11596,19793.0,2022,51.52,58.59
150810,TUCURUÍ,25557,45171.0,34598,46135.0,2022,56.58,74.99
150810,TUCURUÍ,26552,48402.0,34759,48726.0,2013,54.86,71.34
150812,ULIANÓPOLIS,8241,19000.0,10410,18972.0,2022,43.37,54.87
150812,ULIANÓPOLIS,7133,22209.0,9275,21132.0,2013,32.12,43.89
150815,URUARÁ,12788,23633.0,15048,21156.0,2013,54.11,71.13
150815,URUARÁ,14671,22812.0,16360,20746.0,2022,64.31,78.86
150820,VIGIA,13152,24548.0,17913,23341.0,2013,53.58,76.74
150820,VIGIA,17571,25695.0,20882,25137.0,2022,68.38,83.07
150830,VISEU,23501,29817.0,24334,26899.0,2013,78.82,90.46
150830,VISEU,22674,30472.0,23329,28220.0,2022,74.41,82.67
150835,VITÓRIA DO XINGU,3547,7281.0,3700,6150.0,2013,48.72,60.16
150835,VITÓRIA DO XINGU,5339,8031.0,6195,7576.0,2022,66.48,81.77
150840,XINGUARA,11446,26590.0,14885,26303.0,2022,43.05,56.59
150840,XINGUARA,9464,20572.0,11893,20001.0,2013,46.0,59.46
