Codigo,Municipio,RI,Ano_merge,Ano,Rural_Cadunico,Urbano_Cadunico,Rural_IBGE,Urbano_IBGE
0,,,2022,,,,25572339.0,177508417.0
1,,,2022,,,,2024601.0,6095530.0
150010,ABAETETUBA,Tocantins,2010,2013.0,48621.0,56753.0,58102.0,82998.0
150010,ABAETETUBA,Tocantins,2022,2022.0,62679.0,70153.0,59798.0,98390.0
150013,ABEL FIGUEIREDO,Rio Capim,2010,2013.0,624.0,4207.0,746.0,6034.0
150013,ABEL FIGUEIREDO,Rio Capim,2022,2022.0,1091.0,4561.0,770.0,5366.0
150020,ACARÁ,Tocantins,2010,2013.0,26580.0,11103.0,40948.0,12621.0
150020,ACARÁ,Tocantins,2022,2022.0,38528.0,9284.0,45944.0,13079.0
150030,AFUÁ,Marajó,2010,2013.0,14856.0,12611.0,25564.0,9478.0
150030,AFUÁ,Marajó,2022,2022.0,26526.0,9252.0,25890.0,11875.0
150034,ÁGUA AZUL DO NORTE,Araguaia,2010,2013.0,3444.0,8456.0,20181.0,4876.0
150034,ÁGUA AZUL DO NORTE,Araguaia,2022,2022.0,4281.0,7365.0,8778.0,9302.0
150040,ALENQUER,Baixo Amazonas,2010,2013.0,20893.0,21510.0,24904.0,27722.0
150040,ALENQUER,Baixo Amazonas,2022,2022.0,23278.0,23078.0,34224.0,35153.0
150050,ALMEIRIM,Baixo Amazonas,2010,2013.0,8461.0,14536.0,13649.0,19965.0
150050,ALMEIRIM,Baixo Amazonas,2022,2022.0,10543.0,15909.0,11780.0,22500.0
150060,ALTAMIRA,Xingu,2010,2013.0,7034.0,42426.0,14983.0,84092.0
150060,ALTAMIRA,Xingu,2022,2022.0,15383.0,55772.0,22077.0,104202.0
150070,ANAJÁS,Marajó,2010,2013.0,10696.0,11938.0,15265.0,9494.0
150070,ANAJÁS,Marajó,2022,2022.0,19500.0,10843.0,15705.0,12306.0
150080,ANANINDEUA,Guajará,2010,2013.0,1385.0,162217.0,1161.0,470819.0
150080,ANANINDEUA,Guajará,2022,2022.0,796.0,241088.0,1480.0,477298.0
150085,ANAPU,Xingu,2010,2013.0,8082.0,9868.0,10710.0,9833.0
150085,ANAPU,Xingu,2022,2022.0,13317.0,13637.0,16010.0,15840.0
150090,AUGUSTO CORRÊA,Rio Caeté,2010,2013.0,25274.0,13004.0,22257.0,18240.0
150090,AUGUSTO CORRÊA,Rio Caeté,2022,2022.0,27397.0,12554.0,21629.0,22944.0
150095,AURORA DO PARÁ,Rio Capim,2010,2013.0,11337.0,6364.0,18378.0,8168.0
150095,AURORA DO PARÁ,Rio Capim,2022,2022.0,12690.0,6835.0,13638.0,10136.0
150100,AVEIRO,Tapajós,2010,2013.0,7626.0,5303.0,12670.0,3179.0
150100,AVEIRO,Tapajós,2022,2022.0,9011.0,2220.0,13873.0,4417.0
150110,BAGRE,Marajó,2010,2013.0,6874.0,8187.0,13203.0,10661.0
150110,BAGRE,Marajó,2022,2022.0,11064.0,8433.0,18889.0,13003.0
150120,BAIÃO,Tocantins,2010,2013.0,10003.0,13226.0,18327.0,18555.0
150120,BAIÃO,Tocantins,2022,2022.0,15163.0,11429.0,24330.0,27311.0
150125,BANNACH,Araguaia,2010,2013.0,1088.0,1391.0,2149.0,1282.0
150125,BANNACH,Araguaia,2022,2022.0,1358.0,1182.0,2420.0,1611.0
150130,BARCARENA,Tocantins,2010,2013.0,18988.0,44193.0,63562.0,36297.0
150130,BARCARENA,Tocantins,2022,2022.0,22337.0,53925.0,22163.0,104487.0
150140,BELÉM,Guajará,2010,2013.0,4186.0,422389.0,11924.0,1381475.0
150140,BELÉM,Guajará,2022,2022.0,5462.0,713344.0,6770.0,1296633.0
150145,BELTERRA,Baixo Amazonas,2010,2013.0,8124.0,7274.0,9466.0,6852.0
150145,BELTERRA,Baixo Amazonas,2022,2022.0,7955.0,6650.0,9321.0,8778.0
150150,BENEVIDES,Guajará,2010,2013.0,1752.0,29011.0,22739.0,28912.0
150150,BENEVIDES,Guajará,2022,2022.0,1602.0,47349.0,3269.0,60298.0
150157,BOM JESUS DO TOCANTINS,Carajás,2010,2013.0,2875.0,6153.0,7140.0,8158.0
150157,BOM JESUS DO TOCANTINS,Carajás,2022,2022.0,4450.0,6542.0,7672.0,10333.0
150160,BONITO,Rio Caeté,2010,2013.0,6183.0,3297.0,9803.0,3827.0
150160,BONITO,Rio Caeté,2022,2022.0,6431.0,4239.0,5697.0,6925.0
150170,BRAGANÇA,Rio Caeté,2010,2013.0,38490.0,42647.0,40606.0,72621.0
150170,BRAGANÇA,Rio Caeté,2022,2022.0,43011.0,47243.0,35474.0,87608.0
150172,BRASIL NOVO,Xingu,2010,2013.0,4435.0,5908.0,8791.0,6899.0
150172,BRASIL NOVO,Xingu,2022,2022.0,6444.0,9528.0,11314.0,13404.0
150175,BREJO GRANDE DO ARAGUAIA,Carajás,2010,2013.0,2488.0,3841.0,3009.0,4308.0
150175,BREJO GRANDE DO ARAGUAIA,Carajás,2022,2022.0,3301.0,2665.0,2991.0,3792.0
150178,BREU BRANCO,Lago Tucuruí,2010,2013.0,10564.0,23156.0,23185.0,29308.0
150178,BREU BRANCO,Lago Tucuruí,2022,2022.0,13539.0,19351.0,17212.0,28500.0
150180,BREVES,Marajó,2010,2013.0,35580.0,35532.0,46300.0,46560.0
150180,BREVES,Marajó,2022,2022.0,53634.0,36745.0,51459.0,55509.0
150190,BUJARU,Rio Capim,2010,2013.0,13024.0,9901.0,17596.0,8099.0
150190,BUJARU,Rio Capim,2022,2022.0,15317.0,8121.0,15723.0,8660.0
150195,CACHOEIRA DO PIRIÁ,Rio Caeté,2010,2013.0,10841.0,5321.0,20952.0,5532.0
150195,CACHOEIRA DO PIRIÁ,Rio Caeté,2022,2022.0,12300.0,5181.0,12478.0,7152.0
150200,CACHOEIRA DO ARARI,Marajó,2010,2013.0,9004.0,7285.0,13087.0,7356.0
150200,CACHOEIRA DO ARARI,Marajó,2022,2022.0,10589.0,7592.0,12618.0,11363.0
150210,CAMETÁ,Tocantins,2010,2013.0,36698.0,48288.0,68058.0,52838.0
150210,CAMETÁ,Tocantins,2022,2022.0,67540.0,37572.0,65971.0,68213.0
150215,CANAÃ DOS CARAJÁS,Carajás,2010,2013.0,3855.0,14917.0,5989.0,20727.0
150215,CANAÃ DOS CARAJÁS,Carajás,2022,2022.0,7754.0,25377.0,7747.0,69332.0
150220,CAPANEMA,Rio Caeté,2010,2013.0,10495.0,29767.0,12907.0,50732.0
150220,CAPANEMA,Rio Caeté,2022,2022.0,10402.0,30159.0,10690.0,59704.0
150230,CAPITÃO POÇO,Rio Capim,2010,2013.0,21644.0,16611.0,30452.0,21441.0
150230,CAPITÃO POÇO,Rio Capim,2022,2022.0,20901.0,20394.0,25301.0,31205.0
150240,CASTANHAL,Guamá,2010,2013.0,13085.0,89401.0,19771.0,153378.0
150240,CASTANHAL,Guamá,2022,2022.0,13950.0,95681.0,14389.0,177867.0
150250,CHAVES,Marajó,2010,2013.0,11711.0,4112.0,18495.0,2510.0
150250,CHAVES,Marajó,2022,2022.0,14222.0,3202.0,16071.0,4686.0
150260,COLARES,Guamá,2010,2013.0,891.0,6944.0,7720.0,3661.0
150260,COLARES,Guamá,2022,2022.0,4018.0,5542.0,7775.0,5093.0
150270,CONCEIÇÃO DO ARAGUAIA,Araguaia,2010,2013.0,9379.0,19782.0,13093.0,32464.0
150270,CONCEIÇÃO DO ARAGUAIA,Araguaia,2022,2022.0,9685.0,18800.0,11460.0,33157.0
150275,CONCÓRDIA DO PARÁ,Rio Capim,2010,2013.0,10462.0,10571.0,13128.0,15088.0
150275,CONCÓRDIA DO PARÁ,Rio Capim,2022,2022.0,11712.0,12445.0,10389.0,16492.0
150276,CUMARU DO NORTE,Araguaia,2010,2013.0,3450.0,2880.0,7755.0,2711.0
150276,CUMARU DO NORTE,Araguaia,2022,2022.0,3426.0,3637.0,9035.0,5001.0
150277,CURIONÓPOLIS,Carajás,2010,2013.0,2909.0,13073.0,5758.0,12530.0
150277,CURIONÓPOLIS,Carajás,2022,2022.0,4087.0,11062.0,2045.0,17905.0
150280,CURRALINHO,Marajó,2010,2013.0,16361.0,8940.0,17619.0,10930.0
150280,CURRALINHO,Marajó,2022,2022.0,19668.0,9742.0,20388.0,13515.0
150285,CURUÁ,Baixo Amazonas,2010,2013.0,5483.0,5152.0,6473.0,5781.0
150285,CURUÁ,Baixo Amazonas,2022,2022.0,6088.0,6597.0,6759.0,7358.0
150290,CURUÇÁ,Guamá,2010,2013.0,17806.0,9175.0,22120.0,12174.0
150290,CURUÇÁ,Guamá,2022,2022.0,21317.0,10643.0,16546.0,24716.0
150293,DOM ELISEU,Rio Capim,2010,2013.0,4036.0,22130.0,18803.0,32516.0
150293,DOM ELISEU,Rio Capim,2022,2022.0,6213.0,20296.0,9163.0,49321.0
150295,ELDORADO DO CARAJÁS,Carajás,2010,2013.0,8279.0,11147.0,15208.0,16578.0
150295,ELDORADO DO CARAJÁS,Carajás,2022,2022.0,10923.0,11373.0,10939.0,17253.0
150300,FARO,Baixo Amazonas,2010,2013.0,1489.0,4853.0,2049.0,6128.0
150300,FARO,Baixo Amazonas,2022,2022.0,2910.0,5656.0,1530.0,7198.0
150304,FLORESTA DO ARAGUAIA,Araguaia,2010,2013.0,5010.0,7805.0,9054.0,8714.0
150304,FLORESTA DO ARAGUAIA,Araguaia,2022,2022.0,6039.0,7938.0,7449.0,10449.0
150307,GARRAFÃO DO NORTE,Rio Capim,2010,2013.0,14088.0,8473.0,16427.0,8607.0
150307,GARRAFÃO DO NORTE,Rio Capim,2022,2022.0,12305.0,7520.0,10515.0,14188.0
150309,GOIANÉSIA DO PARÁ,Lago Tucuruí,2010,2013.0,7694.0,15468.0,9354.0,21082.0
150309,GOIANÉSIA DO PARÁ,Lago Tucuruí,2022,2022.0,8699.0,11784.0,9572.0,16790.0
150310,GURUPÁ,Marajó,2010,2013.0,14835.0,8246.0,19482.0,9580.0
150310,GURUPÁ,Marajó,2022,2022.0,20538.0,10185.0,18558.0,13228.0
150320,IGARAPÉ-AÇU,Guamá,2010,2013.0,9657.0,13457.0,14680.0,21207.0
150320,IGARAPÉ-AÇU,Guamá,2022,2022.0,11955.0,15329.0,10935.0,24862.0
150330,IGARAPÉ-MIRI,Tocantins,2010,2013.0,28335.0,19508.0,31872.0,26205.0
150330,IGARAPÉ-MIRI,Tocantins,2022,2022.0,31615.0,18455.0,35920.0,28911.0
150340,INHANGAPI,Guamá,2010,2013.0,4658.0,2674.0,7266.0,2771.0
150340,INHANGAPI,Guamá,2022,2022.0,5322.0,2601.0,6666.0,3659.0
150345,IPIXUNA DO PARÁ,Rio Capim,2010,2013.0,11793.0,10936.0,39082.0,12227.0
150345,IPIXUNA DO PARÁ,Rio Capim,2022,2022.0,15845.0,10956.0,14797.0,15532.0
150350,IRITUIA,Rio Capim,2010,2013.0,17470.0,6869.0,24840.0,6524.0
150350,IRITUIA,Rio Capim,2022,2022.0,19781.0,6249.0,21997.0,8958.0
150360,ITAITUBA,Tapajós,2010,2013.0,12734.0,53314.0,26811.0,70682.0
150360,ITAITUBA,Tapajós,2022,2022.0,18750.0,57598.0,16030.0,107284.0
150370,ITUPIRANGA,Lago Tucuruí,2010,2013.0,17159.0,20373.0,30730.0,20490.0
150370,ITUPIRANGA,Lago Tucuruí,2022,2022.0,19322.0,17369.0,21196.0,28558.0
150375,JACAREACANGA,Tapajós,2010,2013.0,7516.0,4057.0,9173.0,4930.0
150375,JACAREACANGA,Tapajós,2022,2022.0,10831.0,6479.0,13892.0,10150.0
150380,JACUNDÁ,Lago Tucuruí,2010,2013.0,5466.0,23683.0,5677.0,45683.0
150380,JACUNDÁ,Lago Tucuruí,2022,2022.0,5254.0,23553.0,4006.0,33701.0
150390,JURUTI,Baixo Amazonas,2010,2013.0,18226.0,16532.0,31234.0,15852.0
150390,JURUTI,Baixo Amazonas,2022,2022.0,19650.0,13755.0,21090.0,29791.0
150400,LIMOEIRO DO AJURU,Tocantins,2010,2013.0,16518.0,5723.0,18824.0,6197.0
150400,LIMOEIRO DO AJURU,Tocantins,2022,2022.0,19109.0,6092.0,20834.0,8735.0
150405,MÃE DO RIO,Rio Capim,2010,2013.0,7268.0,18315.0,4852.0,23052.0
150405,MÃE DO RIO,Rio Capim,2022,2022.0,6773.0,18420.0,6519.0,27834.0
150410,MAGALHÃES BARATA,Guamá,2010,2013.0,3247.0,3285.0,4320.0,3795.0
150410,MAGALHÃES BARATA,Guamá,2022,2022.0,2965.0,3477.0,4258.0,3857.0
150420,MARABÁ,Carajás,2010,2013.0,21973.0,96462.0,47399.0,186270.0
150420,MARABÁ,Carajás,2022,2022.0,28830.0,111088.0,26814.0,239719.0
150430,MARACANÃ,Guamá,2010,2013.0,15714.0,8487.0,16720.0,11656.0
150430,MARACANÃ,Guamá,2022,2022.0,16353.0,9276.0,15158.0,10813.0
150440,MARAPANIM,Guamá,2010,2013.0,12096.0,6525.0,14901.0,11704.0
150440,MARAPANIM,Guamá,2022,2022.0,11389.0,8285.0,11324.0,15249.0
150442,MARITUBA,Guajará,2010,2013.0,411.0,61656.0,1123.0,107123.0
150442,MARITUBA,Guajará,2022,2022.0,107.0,77675.0,306.0,111479.0
150445,MEDICILÂNDIA,Xingu,2010,2013.0,9900.0,8196.0,17769.0,9559.0
150445,MEDICILÂNDIA,Xingu,2022,2022.0,15170.0,8114.0,16349.0,10745.0
150450,MELGAÇO,Marajó,2010,2013.0,9292.0,10785.0,19305.0,5503.0
150450,MELGAÇO,Marajó,2022,2022.0,16186.0,7527.0,18224.0,9657.0
150460,MOCAJUBA,Tocantins,2010,2013.0,8470.0,16454.0,8452.0,18279.0
150460,MOCAJUBA,Tocantins,2022,2022.0,12832.0,16437.0,7774.0,19424.0
150470,MOJU,Tocantins,2010,2013.0,31642.0,20799.0,44856.0,25162.0
150470,MOJU,Tocantins,2022,2022.0,39346.0,21469.0,50886.0,33208.0
150475,MOJUÍ DOS CAMPOS,Baixo Amazonas,2010,2013.0,486.0,343.0,,
150475,MOJUÍ DOS CAMPOS,Baixo Amazonas,2022,2022.0,12260.0,6325.0,15038.0,8463.0
150480,MONTE ALEGRE,Baixo Amazonas,2010,2013.0,27310.0,20651.0,30897.0,24565.0
150480,MONTE ALEGRE,Baixo Amazonas,2022,2022.0,28113.0,19047.0,27358.0,32654.0
150490,MUANÁ,Marajó,2010,2013.0,14325.0,10520.0,19683.0,14521.0
150490,MUANÁ,Marajó,2022,2022.0,17685.0,13434.0,25807.0,19561.0
150495,NOVA ESPERANÇA DO PIRIÁ,Rio Capim,2010,2013.0,5562.0,11406.0,12194.0,7964.0
150495,NOVA ESPERANÇA DO PIRIÁ,Rio Capim,2022,2022.0,9220.0,9600.0,7748.0,12730.0
150497,NOVA IPIXUNA,Lago Tucuruí,2010,2013.0,4308.0,7147.0,6919.0,7726.0
150497,NOVA IPIXUNA,Lago Tucuruí,2022,2022.0,4044.0,5423.0,6905.0,7050.0
150500,NOVA TIMBOTEUA,Rio Caeté,2010,2013.0,4962.0,3609.0,8150.0,5520.0
150500,NOVA TIMBOTEUA,Rio Caeté,2022,2022.0,3638.0,5395.0,3701.0,9105.0
150503,NOVO PROGRESSO,Tapajós,2010,2013.0,1957.0,9990.0,7407.0,17717.0
150503,NOVO PROGRESSO,Tapajós,2022,2022.0,3145.0,13487.0,6707.0,26931.0
150506,NOVO REPARTIMENTO,Lago Tucuruí,2010,2013.0,19787.0,24155.0,34100.0,27950.0
150506,NOVO REPARTIMENTO,Lago Tucuruí,2022,2022.0,21857.0,18942.0,28043.0,32689.0
150510,ÓBIDOS,Baixo Amazonas,2010,2013.0,18917.0,19041.0,23867.0,25466.0
150510,ÓBIDOS,Baixo Amazonas,2022,2022.0,22581.0,18458.0,20530.0,31699.0
150520,OEIRAS DO PARÁ,Tocantins,2010,2013.0,13409.0,11606.0,17163.0,11432.0
150520,OEIRAS DO PARÁ,Tocantins,2022,2022.0,17658.0,13153.0,18175.0,15669.0
150530,ORIXIMINÁ,Baixo Amazonas,2010,2013.0,15343.0,25753.0,22647.0,40147.0
150530,ORIXIMINÁ,Baixo Amazonas,2022,2022.0,19370.0,26445.0,20936.0,47358.0
150540,OURÉM,Rio Capim,2010,2013.0,7383.0,6950.0,8873.0,7438.0
150540,OURÉM,Rio Capim,2022,2022.0,7364.0,7379.0,6971.0,10884.0
150543,OURILÂNDIA DO NORTE,Araguaia,2010,2013.0,3378.0,12153.0,7446.0,19913.0
150543,OURILÂNDIA DO NORTE,Araguaia,2022,2022.0,6318.0,16463.0,4972.0,27495.0
150548,PACAJÁ,Xingu,2010,2013.0,12400.0,14048.0,26232.0,13747.0
150548,PACAJÁ,Xingu,2022,2022.0,20048.0,14707.0,22133.0,18964.0
150549,PALESTINA DO PARÁ,Carajás,2010,2013.0,965.0,6021.0,2929.0,4546.0
150549,PALESTINA DO PARÁ,Carajás,2022,2022.0,1025.0,4995.0,2161.0,4724.0
150550,PARAGOMINAS,Rio Capim,2010,2013.0,9023.0,58038.0,21308.0,76511.0
150550,PARAGOMINAS,Rio Capim,2022,2022.0,9829.0,57282.0,9400.0,96150.0
150553,PARAUAPEBAS,Carajás,2010,2013.0,6263.0,73144.0,15218.0,138690.0
150553,PARAUAPEBAS,Carajás,2022,2022.0,11952.0,107852.0,9611.0,258225.0
150555,PAU DARCO,Araguaia,2010,2013.0,1334.0,3949.0,2392.0,3641.0
150555,PAU DARCO,Araguaia,2022,2022.0,2323.0,3638.0,2692.0,4239.0
150560,PEIXE-BOI,Rio Caeté,2010,2013.0,4057.0,2428.0,3685.0,4169.0
150560,PEIXE-BOI,Rio Caeté,2022,2022.0,3905.0,2108.0,3299.0,4986.0
150563,PIÇARRA,Carajás,2010,2013.0,5022.0,4477.0,9116.0,3581.0
150563,PIÇARRA,Carajás,2022,2022.0,5454.0,3242.0,7514.0,5318.0
150565,PLACAS,Xingu,2010,2013.0,7212.0,4916.0,19080.0,4854.0
150565,PLACAS,Xingu,2022,2022.0,9235.0,6450.0,10608.0,8060.0
150570,PONTA DE PEDRAS,Marajó,2010,2013.0,8938.0,11053.0,13575.0,12424.0
150570,PONTA DE PEDRAS,Marajó,2022,2022.0,10924.0,12217.0,11982.0,13002.0
150580,PORTEL,Marajó,2010,2013.0,15356.0,22976.0,27320.0,24852.0
150580,PORTEL,Marajó,2022,2022.0,26104.0,21385.0,32280.0,30223.0
150590,PORTO DE MOZ,Xingu,2010,2013.0,8521.0,13176.0,19373.0,14583.0
150590,PORTO DE MOZ,Xingu,2022,2022.0,14543.0,15523.0,20734.0,19863.0
150600,PRAINHA,Baixo Amazonas,2010,2013.0,15430.0,14054.0,20390.0,8959.0
150600,PRAINHA,Baixo Amazonas,2022,2022.0,24463.0,9705.0,17057.0,18520.0
150610,PRIMAVERA,Rio Caeté,2010,2013.0,3017.0,5463.0,3877.0,6391.0
150610,PRIMAVERA,Rio Caeté,2022,2022.0,3584.0,5547.0,3649.0,7202.0
150611,QUATIPURU,Rio Caeté,2010,2013.0,2038.0,7626.0,7098.0,5313.0
150611,QUATIPURU,Rio Caeté,2022,2022.0,3704.0,5970.0,1873.0,9651.0
150613,REDENÇÃO,Araguaia,2010,2013.0,1704.0,33550.0,5491.0,70065.0
150613,REDENÇÃO,Araguaia,2022,2022.0,3320.0,42297.0,3967.0,81630.0
150616,RIO MARIA,Araguaia,2010,2013.0,1351.0,7476.0,4185.0,13512.0
150616,RIO MARIA,Araguaia,2022,2022.0,2815.0,9103.0,4414.0,13970.0
150618,RONDON DO PARÁ,Rio Capim,2010,2013.0,4334.0,21869.0,12268.0,34696.0
150618,RONDON DO PARÁ,Rio Capim,2022,2022.0,5614.0,17083.0,19272.0,33871.0
150619,RURÓPOLIS,Tapajós,2010,2013.0,8234.0,9829.0,24814.0,15273.0
150619,RURÓPOLIS,Tapajós,2022,2022.0,10299.0,10449.0,14132.0,21637.0
150620,SALINÓPOLIS,Rio Caeté,2010,2013.0,2455.0,19590.0,4030.0,33391.0
150620,SALINÓPOLIS,Rio Caeté,2022,2022.0,3909.0,22788.0,3633.0,41139.0
150630,SALVATERRA,Marajó,2010,2013.0,10237.0,6445.0,7511.0,12672.0
150630,SALVATERRA,Marajó,2022,2022.0,11639.0,7072.0,6315.0,17814.0
150635,SANTA BÁRBARA DO PARÁ,Guajará,2010,2013.0,5922.0,8800.0,11683.0,5458.0
150635,SANTA BÁRBARA DO PARÁ,Guajará,2022,2022.0,6491.0,9652.0,7323.0,13764.0
150640,SANTA CRUZ DO ARARI,Marajó,2010,2013.0,1505.0,3073.0,4161.0,3994.0
150640,SANTA CRUZ DO ARARI,Marajó,2022,2022.0,4071.0,2756.0,1175.0,6270.0
150650,SANTA IZABEL DO PARÁ,Guamá,2010,2013.0,9686.0,27622.0,16466.0,43000.0
150650,SANTA IZABEL DO PARÁ,Guamá,2022,2022.0,12866.0,23307.0,14349.0,58670.0
150655,SANTA LUZIA DO PARÁ,Rio Caeté,2010,2013.0,8487.0,9304.0,10731.0,8693.0
150655,SANTA LUZIA DO PARÁ,Rio Caeté,2022,2022.0,8218.0,8917.0,9418.0,10952.0
150658,SANTA MARIA DAS BARREIRAS,Araguaia,2010,2013.0,8251.0,5197.0,10849.0,6357.0
150658,SANTA MARIA DAS BARREIRAS,Araguaia,2022,2022.0,9189.0,5381.0,8368.0,8180.0
150660,SANTA MARIA DO PARÁ,Guamá,2010,2013.0,8120.0,9763.0,9698.0,13328.0
150660,SANTA MARIA DO PARÁ,Guamá,2022,2022.0,7400.0,10263.0,7544.0,17080.0
150670,SANTANA DO ARAGUAIA,Araguaia,2010,2013.0,5045.0,12967.0,26490.0,29663.0
150670,SANTANA DO ARAGUAIA,Araguaia,2022,2022.0,5408.0,18902.0,6594.0,25819.0
150680,SANTARÉM,Baixo Amazonas,2010,2013.0,76273.0,122639.0,78790.0,215790.0
150680,SANTARÉM,Baixo Amazonas,2022,2022.0,73828.0,167743.0,67435.0,264507.0
150690,SANTARÉM NOVO,Rio Caeté,2010,2013.0,4423.0,1534.0,4332.0,1809.0
150690,SANTARÉM NOVO,Rio Caeté,2022,2022.0,4856.0,2194.0,4206.0,1910.0
150700,SANTO ANTÔNIO DO TAUÁ,Guamá,2010,2013.0,9877.0,8368.0,11803.0,14871.0
150700,SANTO ANTÔNIO DO TAUÁ,Guamá,2022,2022.0,11655.0,9617.0,9144.0,18317.0
150710,SÃO CAETANO DE ODIVELAS,Guamá,2010,2013.0,6371.0,6760.0,9933.0,6958.0
150710,SÃO CAETANO DE ODIVELAS,Guamá,2022,2022.0,6644.0,6770.0,7436.0,9230.0
150715,SÃO DOMINGOS DO ARAGUAIA,Carajás,2010,2013.0,4040.0,12237.0,7876.0,15254.0
150715,SÃO DOMINGOS DO ARAGUAIA,Carajás,2022,2022.0,4105.0,12059.0,6202.0,14890.0
150720,SÃO DOMINGOS DO CAPIM,Guamá,2010,2013.0,16203.0,10246.0,23257.0,6589.0
150720,SÃO DOMINGOS DO CAPIM,Guamá,2022,2022.0,17248.0,8837.0,21289.0,9310.0
150730,SÃO FÉLIX DO XINGU,Araguaia,2010,2013.0,11530.0,19751.0,46227.0,45113.0
150730,SÃO FÉLIX DO XINGU,Araguaia,2022,2022.0,15011.0,28875.0,26304.0,39114.0
150740,SÃO FRANCISCO DO PARÁ,Guamá,2010,2013.0,6789.0,5005.0,9947.0,5113.0
150740,SÃO FRANCISCO DO PARÁ,Guamá,2022,2022.0,6901.0,5261.0,7452.0,7442.0
150745,SÃO GERALDO DO ARAGUAIA,Carajás,2010,2013.0,7031.0,11719.0,11997.0,13590.0
150745,SÃO GERALDO DO ARAGUAIA,Carajás,2022,2022.0,5738.0,11249.0,7312.0,16943.0
150746,SÃO JOÃO DA PONTA,Guamá,2010,2013.0,3422.0,1203.0,4234.0,1031.0
150746,SÃO JOÃO DA PONTA,Guamá,2022,2022.0,4208.0,1264.0,3554.0,876.0
150747,SÃO JOÃO DE PIRABAS,Rio Caeté,2010,2013.0,4510.0,11893.0,10160.0,10487.0
150747,SÃO JOÃO DE PIRABAS,Rio Caeté,2022,2022.0,6935.0,9700.0,7559.0,13130.0
150750,SÃO JOÃO DO ARAGUAIA,Carajás,2010,2013.0,4135.0,5079.0,10569.0,2586.0
150750,SÃO JOÃO DO ARAGUAIA,Carajás,2022,2022.0,8719.0,3768.0,8242.0,5422.0
150760,SÃO MIGUEL DO GUAMÁ,Guamá,2010,2013.0,12065.0,24848.0,19683.0,31884.0
150760,SÃO MIGUEL DO GUAMÁ,Guamá,2022,2022.0,13030.0,24313.0,15048.0,37846.0
150770,SÃO SEBASTIÃO DA BOA VISTA,Marajó,2010,2013.0,13054.0,8083.0,13002.0,9902.0
150770,SÃO SEBASTIÃO DA BOA VISTA,Marajó,2022,2022.0,15834.0,9959.0,14383.0,11260.0
150775,SAPUCAIA,Araguaia,2010,2013.0,754.0,2849.0,1722.0,3325.0
150775,SAPUCAIA,Araguaia,2022,2022.0,548.0,2909.0,1083.0,4764.0
150780,SENADOR JOSÉ PORFÍRIO,Xingu,2010,2013.0,3661.0,6551.0,6575.0,6470.0
150780,SENADOR JOSÉ PORFÍRIO,Xingu,2022,2022.0,8622.0,7441.0,13613.0,8963.0
150790,SOURE,Marajó,2010,2013.0,1232.0,14670.0,1986.0,21015.0
150790,SOURE,Marajó,2022,2022.0,1045.0,16951.0,1661.0,22543.0
150795,TAILÂNDIA,Tocantins,2010,2013.0,12744.0,33745.0,20584.0,58713.0
150795,TAILÂNDIA,Tocantins,2022,2022.0,20196.0,32404.0,9622.0,62871.0
150796,TERRA ALTA,Guamá,2010,2013.0,4702.0,3937.0,5928.0,4334.0
150796,TERRA ALTA,Guamá,2022,2022.0,6074.0,4386.0,4492.0,5908.0
150797,TERRA SANTA,Baixo Amazonas,2010,2013.0,1276.0,11337.0,6614.0,10335.0
150797,TERRA SANTA,Baixo Amazonas,2022,2022.0,2344.0,11995.0,2523.0,16259.0
150800,TOMÉ-AÇU,Rio Capim,2010,2013.0,18865.0,28261.0,24955.0,31563.0
150800,TOMÉ-AÇU,Rio Capim,2022,2022.0,23699.0,24891.0,24778.0,42807.0
150803,TRACUATEUA,Rio Caeté,2010,2013.0,18837.0,5736.0,20199.0,7256.0
150803,TRACUATEUA,Rio Caeté,2022,2022.0,18633.0,6398.0,18422.0,10173.0
150805,TRAIRÃO,Tapajós,2010,2013.0,3968.0,5526.0,11196.0,5679.0
150805,TRAIRÃO,Tapajós,2022,2022.0,6271.0,5795.0,5843.0,9399.0
150808,TUCUMÃ,Araguaia,2010,2013.0,3276.0,16958.0,6783.0,26907.0
150808,TUCUMÃ,Araguaia,2022,2022.0,3823.0,17949.0,5433.0,34117.0
150810,TUCURUÍ,Lago Tucuruí,2010,2013.0,5402.0,55909.0,4686.0,92442.0
150810,TUCURUÍ,Lago Tucuruí,2022,2022.0,7219.0,52930.0,5746.0,85560.0
150812,ULIANÓPOLIS,Rio Capim,2010,2013.0,4254.0,12154.0,14816.0,28525.0
150812,ULIANÓPOLIS,Rio Capim,2022,2022.0,4828.0,13822.0,11486.0,26486.0
150815,URUARÁ,Xingu,2010,2013.0,11585.0,16251.0,20359.0,24430.0
150815,URUARÁ,Xingu,2022,2022.0,15772.0,15259.0,17880.0,25678.0
150820,VIGIA,Guamá,2010,2013.0,7921.0,23144.0,15536.0,32353.0
150820,VIGIA,Guamá,2022,2022.0,10888.0,27564.0,11236.0,39596.0
150830,VISEU,Rio Caeté,2010,2013.0,34100.0,13735.0,38319.0,18397.0
150830,VISEU,Rio Caeté,2022,2022.0,35237.0,10765.0,28756.0,29936.0
150835,VITÓRIA DO XINGU,Xingu,2010,2013.0,2213.0,5034.0,8069.0,5362.0
150835,VITÓRIA DO XINGU,Xingu,2022,2022.0,4824.0,6709.0,6907.0,8700.0
150840,XINGUARA,Araguaia,2010,2013.0,2110.0,19247.0,9081.0,31492.0
150840,XINGUARA,Araguaia,2022,2022.0,2842.0,23483.0,6503.0,46390.0
