Codigo,Municipio,0-3,4-6,7-15,16-17,18-24,25-34,35-39,40-44,45-49,50-54,55-59,60-64,64+,Total,Ano,RI
150010,ABAETETUBA,8707.0,7680.0,22673,5148,19082,24229,9988,8686,7260,5893,4607,3265,5620,132838,2022,Tocantins
150010,ABAETETUBA,,,24454,6132,16457,16663,6391,5538,4386,3454,2695,1931,2967,91068,2013,Tocantins
150013,ABEL FIGUEIREDO,387.0,394.0,1088,233,737,769,380,360,291,243,230,183,357,5652,2022,Rio Capim
150013,ABEL FIGUEIREDO,,,1145,250,627,763,330,263,211,177,133,84,99,4082,2013,Rio Capim
150020,ACARÁ,3324.0,3244.0,10350,2396,6218,7446,3193,2827,2354,2098,1652,1010,1700,47812,2022,Tocantins
150020,ACARÁ,,,10166,2162,5287,5377,2195,1927,1487,1186,838,577,766,31968,2013,Tocantins
150030,AFUÁ,,,8112,1681,3943,3540,1430,1205,931,727,555,321,431,22876,2013,Marajó
150030,AFUÁ,2806.0,2786.0,8131,1790,5613,5749,2083,1773,1429,1132,845,548,1093,35778,2022,Marajó
150034,ÁGUA AZUL DO NORTE,805.0,768.0,2215,504,1546,1658,757,662,590,503,462,376,800,11646,2022,Araguaia
150034,ÁGUA AZUL DO NORTE,,,2727,621,1661,1878,764,594,527,421,347,290,511,10341,2013,Araguaia
150040,ALENQUER,,,12152,2478,4721,5469,2360,1922,1467,1187,928,867,1698,35249,2013,Baixo Amazonas
150040,ALENQUER,3401.0,3294.0,10550,2738,7138,6134,2648,2414,1982,1488,1246,942,2381,46356,2022,Baixo Amazonas
150050,ALMEIRIM,,,5894,1252,3671,3423,1213,961,828,662,524,346,540,19314,2013,Baixo Amazonas
150050,ALMEIRIM,2241.0,1948.0,5783,1254,3730,4274,1716,1413,1065,877,725,572,854,26452,2022,Baixo Amazonas
150060,ALTAMIRA,4619.0,5192.0,14560,2931,8658,9966,4628,4339,3353,2752,2418,2215,5552,71183,2022,Xingu
150060,ALTAMIRA,,,12832,2928,7379,7265,3254,2664,2162,1660,1229,916,1354,43643,2013,Xingu
150070,ANAJÁS,2738.0,2468.0,6898,1468,4802,4537,1754,1472,1164,847,614,452,1129,30343,2022,Marajó
150070,ANAJÁS,,,6529,1263,2991,3094,1193,903,658,544,407,318,572,18472,2013,Marajó
150080,ANANINDEUA,10717.0,13975.0,40980,9502,28910,33769,16752,16777,14686,13156,11056,9999,21666,241945,2022,Guajará
150080,ANANINDEUA,,,42181,9542,24009,21705,11038,9417,6761,4304,2909,2949,7182,141997,2013,Guajará
150085,ANAPU,,,4760,931,2531,2776,1055,755,666,522,440,276,372,15084,2013,Xingu
150085,ANAPU,1937.0,1874.0,5661,1269,3697,4078,1889,1629,1221,946,819,636,1302,26958,2022,Xingu
150090,AUGUSTO CORRÊA,,,9703,1983,5324,5863,2056,1661,1450,1163,980,747,1225,32155,2013,Rio Caeté
150090,AUGUSTO CORRÊA,2578.0,2539.0,8387,1920,5584,6442,2838,2493,1955,1727,1405,838,1245,39951,2022,Rio Caeté
150095,AURORA DO PARÁ,1430.0,1220.0,3944,923,2694,2918,1242,1160,995,827,742,469,961,19525,2022,Rio Capim
150095,AURORA DO PARÁ,,,4622,1015,2611,2451,1019,830,700,501,445,321,566,15081,2013,Rio Capim
150100,AVEIRO,,,3364,822,2103,1677,658,518,503,436,378,257,414,11130,2013,Tapajós
150100,AVEIRO,857.0,768.0,2279,538,1653,1735,647,614,485,419,363,308,566,11232,2022,Tapajós
150110,BAGRE,1739.0,1703.0,4946,1117,3146,2921,980,833,644,462,333,226,447,19497,2022,Marajó
150110,BAGRE,,,4448,886,2412,1973,720,611,426,306,259,184,295,12520,2013,Marajó
150120,BAIÃO,,,6080,1367,3622,3480,1406,1085,891,601,499,314,275,19620,2013,Tocantins
150120,BAIÃO,1986.0,1846.0,5398,1329,4120,4473,1794,1456,1299,978,777,417,719,26592,2022,Tocantins
150125,BANNACH,136.0,151.0,441,87,341,363,177,175,140,104,104,103,218,2540,2022,Araguaia
150125,BANNACH,,,572,142,351,403,183,155,110,90,69,62,113,2250,2013,Araguaia
150130,BARCARENA,4822.0,5061.0,15355,3501,9878,11367,5243,4567,3769,3176,2652,2250,4631,76272,2022,Tocantins
150130,BARCARENA,,,16300,3601,8752,9706,3972,2994,2307,1771,1305,952,1361,53021,2013,Tocantins
150140,BELÉM,33985.0,35561.0,114251,25795,84537,97517,48200,51178,46545,41846,36393,32038,71455,719301,2022,Guajará
150140,BELÉM,,,105335,23587,68707,65081,30666,26571,19300,12748,8404,6438,11484,378321,2013,Guajará
150145,BELTERRA,954.0,887.0,2998,680,1863,1899,935,926,769,626,562,523,983,14605,2022,Baixo Amazonas
150145,BELTERRA,,,3833,802,2019,2201,943,781,695,570,475,379,614,13312,2013,Baixo Amazonas
150150,BENEVIDES,,,8072,1760,4457,4959,2120,1598,1148,864,679,501,782,26940,2013,Guajará
150150,BENEVIDES,2980.0,3050.0,9229,2067,6086,7075,3317,3283,2639,2296,1859,1657,3433,48971,2022,Guajará
150157,BOM JESUS DO TOCANTINS,,,2222,522,1222,1281,527,449,359,268,236,191,342,7619,2013,Carajás
150157,BOM JESUS DO TOCANTINS,784.0,780.0,2172,458,1472,1460,638,602,552,439,434,368,833,10992,2022,Carajás
150160,BONITO,,,2228,484,1411,1595,626,481,409,325,280,173,219,8231,2013,Rio Caeté
150160,BONITO,696.0,560.0,1899,483,1542,1637,809,775,639,543,455,276,360,10674,2022,Rio Caeté
150170,BRAGANÇA,5837.0,5429.0,17704,4155,11874,13814,6618,6078,4958,4123,3334,2281,4101,90306,2022,Rio Caeté
150170,BRAGANÇA,,,20764,4502,11981,12503,5001,4208,3145,2448,1906,1383,2333,70174,2013,Rio Caeté
150172,BRASIL NOVO,,,2333,536,1538,1648,708,591,456,331,221,160,469,8991,2013,Xingu
150172,BRASIL NOVO,1005.0,922.0,2639,664,2168,2398,1073,1047,871,710,683,533,1260,15973,2022,Xingu
150175,BREJO GRANDE DO ARAGUAIA,365.0,360.0,1192,259,810,827,383,406,322,255,230,197,360,5966,2022,Carajás
150175,BREJO GRANDE DO ARAGUAIA,,,1452,332,957,968,357,286,255,229,178,155,201,5370,2013,Carajás
150178,BREU BRANCO,,,9240,1948,4796,4256,1609,1358,1137,862,700,597,1812,28315,2013,Lago Tucuruí
150178,BREU BRANCO,2472.0,2241.0,6552,1568,4251,4133,1903,1732,1364,1291,1153,1153,3078,32891,2022,Lago Tucuruí
150180,BREVES,7838.0,7128.0,21145,4596,13196,13588,4998,4440,3486,2841,2191,1565,3368,90380,2022,Marajó
150180,BREVES,,,21324,4153,9124,8659,3475,2796,2157,1799,1446,876,1481,57290,2013,Marajó
150190,BUJARU,1681.0,1584.0,4661,1114,3301,3862,1550,1418,1174,1061,809,478,745,23438,2022,Rio Capim
150190,BUJARU,,,5667,1281,3703,3300,1246,1072,838,599,518,398,701,19323,2013,Rio Capim
150195,CACHOEIRA DO PIRIÁ,,,4197,878,2256,2463,862,743,680,525,435,315,485,13839,2013,Rio Caeté
150195,CACHOEIRA DO PIRIÁ,1258.0,1188.0,3597,884,2610,2779,1218,1016,809,685,580,353,505,17482,2022,Rio Caeté
150200,CACHOEIRA DO ARARI,,,3996,891,2493,2545,919,736,630,541,398,257,366,13772,2013,Marajó
150200,CACHOEIRA DO ARARI,1070.0,1249.0,3927,858,2516,2882,1263,1122,876,783,608,384,644,18182,2022,Marajó
150210,CAMETÁ,6793.0,6526.0,21459,5069,17083,18692,7586,6233,5156,3994,2784,1430,2308,105113,2022,Tocantins
150210,CAMETÁ,,,24694,5467,14028,10995,4473,3599,2655,1834,1519,849,737,70850,2013,Tocantins
150215,CANAÃ DOS CARAJÁS,2693.0,2615.0,7227,1432,3805,5035,2294,2022,1456,1194,977,834,1574,33158,2022,Carajás
150215,CANAÃ DOS CARAJÁS,,,5103,961,2336,2971,1233,876,671,463,338,260,596,15808,2013,Carajás
150220,CAPANEMA,2113.0,2207.0,7204,1722,5088,5705,3053,2853,2547,2171,1858,1404,2666,40591,2022,Rio Caeté
150220,CAPANEMA,,,9458,2190,5529,6411,2899,2454,1926,1543,1143,721,1037,35311,2013,Rio Caeté
150230,CAPITÃO POÇO,2592.0,2220.0,7154,1759,6171,6765,2994,2721,2337,1994,1738,1177,1673,41295,2022,Rio Capim
150230,CAPITÃO POÇO,,,9069,2006,5720,6125,2345,2027,1593,1286,937,675,1153,32936,2013,Rio Capim
150240,CASTANHAL,,,24874,5254,14440,16530,6944,5650,4484,3174,2281,1601,2612,87844,2013,Guamá
150240,CASTANHAL,6244.0,6152.0,19691,4621,13455,15476,7853,7545,6424,5558,4686,3735,8414,109854,2022,Guamá
150250,CHAVES,,,4331,879,2419,2212,872,725,585,432,331,231,402,13419,2013,Marajó
150250,CHAVES,1257.0,1429.0,4295,988,2610,2704,1016,853,662,514,415,229,452,17424,2022,Marajó
150260,COLARES,,,1929,475,1206,1187,462,445,395,291,236,161,215,7002,2013,Guamá
150260,COLARES,537.0,608.0,1775,458,1173,1471,671,598,474,478,436,313,568,9560,2022,Guamá
150270,CONCEIÇÃO DO ARAGUAIA,1389.0,1451.0,4678,1106,3273,3422,1682,1791,1732,1597,1448,1251,3669,28489,2022,Araguaia
150270,CONCEIÇÃO DO ARAGUAIA,,,6519,1518,3762,3929,1836,1655,1352,1043,816,844,2428,25702,2013,Araguaia
150275,CONCÓRDIA DO PARÁ,,,5297,1164,3182,3100,1204,1034,797,584,453,363,602,17780,2013,Rio Capim
150275,CONCÓRDIA DO PARÁ,1649.0,1653.0,5031,1190,3478,3790,1659,1402,1178,1015,775,494,843,24157,2022,Rio Capim
150276,CUMARU DO NORTE,544.0,491.0,1540,300,922,954,414,397,341,271,275,205,409,7063,2022,Araguaia
150276,CUMARU DO NORTE,,,1623,339,730,881,398,320,321,227,180,155,225,5399,2013,Araguaia
150277,CURIONÓPOLIS,1199.0,1028.0,3125,636,1898,1987,796,705,649,541,611,567,1407,15149,2022,Carajás
150277,CURIONÓPOLIS,,,3848,847,2342,2090,811,605,630,590,561,442,955,13721,2013,Carajás
150280,CURRALINHO,,,7171,1391,3825,3723,1351,1084,764,602,475,354,473,21213,2013,Marajó
150280,CURRALINHO,2226.0,2166.0,6573,1585,4959,5014,1784,1547,1177,916,621,341,501,29410,2022,Marajó
150285,CURUÁ,,,3164,619,1523,1455,540,395,384,312,249,128,104,8873,2013,Baixo Amazonas
150285,CURUÁ,834.0,777.0,2501,644,1844,1993,854,798,566,442,468,334,630,12685,2022,Baixo Amazonas
150290,CURUÇÁ,,,6901,1425,4011,3870,1537,1229,1137,945,747,485,628,22915,2013,Guamá
150290,CURUÇÁ,2094.0,1910.0,5967,1486,4733,5060,2204,1903,1667,1458,1247,875,1361,31965,2022,Guamá
150293,DOM ELISEU,1629.0,1701.0,5013,1183,3465,3506,1736,1587,1261,1120,1083,929,2303,26516,2022,Rio Capim
150293,DOM ELISEU,,,6826,1400,3295,3892,1484,1250,1080,881,712,563,1142,22525,2013,Rio Capim
150295,ELDORADO DO CARAJÁS,1298.0,1326.0,4301,1006,2838,2845,1331,1240,1036,958,1022,872,2223,22296,2022,Carajás
150295,ELDORADO DO CARAJÁS,,,5295,1087,2454,2587,1102,858,756,607,455,343,869,16413,2013,Carajás
150300,FARO,,,1739,337,1058,921,309,252,186,160,133,102,96,5293,2013,Baixo Amazonas
150300,FARO,565.0,549.0,1561,396,1384,1502,617,494,408,326,265,204,297,8568,2022,Baixo Amazonas
150304,FLORESTA DO ARAGUAIA,,,3004,667,1840,1890,859,632,529,405,275,271,565,10937,2013,Araguaia
150304,FLORESTA DO ARAGUAIA,977.0,927.0,2616,553,1738,2119,962,848,733,598,604,418,884,13977,2022,Araguaia
150307,GARRAFÃO DO NORTE,1267.0,1172.0,4117,1031,2714,3098,1346,1192,1074,931,735,456,692,19825,2022,Rio Capim
150307,GARRAFÃO DO NORTE,,,5949,1333,3275,3137,1304,1027,875,603,491,332,927,19253,2013,Rio Capim
150309,GOIANÉSIA DO PARÁ,1255.0,1179.0,3897,928,2459,2707,1442,1411,1128,923,871,709,1574,20483,2022,Lago Tucuruí
150309,GOIANÉSIA DO PARÁ,,,5651,1221,3367,3662,1458,1113,927,701,614,528,977,20219,2013,Lago Tucuruí
150310,GURUPÁ,,,6481,1405,3623,3335,1266,1030,794,638,492,334,456,19854,2013,Marajó
150310,GURUPÁ,2419.0,2347.0,6783,1593,5127,5144,1849,1524,1215,936,667,446,673,30723,2022,Marajó
150320,IGARAPÉ-AÇU,,,6174,1450,3136,3238,1311,1131,933,706,498,379,570,19526,2013,Guamá
150320,IGARAPÉ-AÇU,1345.0,1516.0,4880,1118,3782,4369,1981,1844,1533,1428,1179,896,1414,27285,2022,Guamá
150330,IGARAPÉ-MIRI,,,11456,2630,7677,7642,2958,2247,1883,1444,1084,841,1224,41086,2013,Tocantins
150330,IGARAPÉ-MIRI,3092.0,3086.0,10564,2433,6538,8352,3677,3212,2622,1966,1569,981,1978,50070,2022,Tocantins
150340,INHANGAPI,,,1715,336,1086,1115,448,367,334,257,212,141,264,6275,2013,Guamá
150340,INHANGAPI,555.0,480.0,1533,298,1041,1277,518,492,417,344,318,244,406,7923,2022,Guamá
150345,IPIXUNA DO PARÁ,,,6161,1210,3294,3164,1167,1034,844,696,551,417,714,19252,2013,Rio Capim
150345,IPIXUNA DO PARÁ,2068.0,1970.0,5728,1293,3656,3693,1612,1493,1245,1083,919,703,1342,26805,2022,Rio Capim
150350,IRITUIA,1612.0,1473.0,4843,1171,3709,4201,1852,1681,1483,1241,1028,639,1099,26032,2022,Rio Capim
150350,IRITUIA,,,6068,1371,3645,3388,1405,1222,974,746,615,436,600,20470,2013,Rio Capim
150360,ITAITUBA,,,17050,4053,10237,9416,3551,2896,2441,2017,1671,1230,3157,57719,2013,Tapajós
150360,ITAITUBA,5154.0,5285.0,15103,3273,10688,11314,4757,3990,2983,2617,2412,2418,6369,76363,2022,Tapajós
150370,ITUPIRANGA,,,9441,2100,5390,5491,2125,1630,1557,1277,1057,798,1422,32288,2013,Lago Tucuruí
150370,ITUPIRANGA,2897.0,2357.0,7580,1777,4814,4834,2379,2079,1660,1334,1256,1155,2569,36691,2022,Lago Tucuruí
150375,JACAREACANGA,,,3555,652,1574,1403,518,458,383,276,220,155,198,9392,2013,Tapajós
150375,JACAREACANGA,1726.0,1691.0,4339,886,2595,2254,852,682,526,469,383,272,640,17315,2022,Tapajós
150380,JACUNDÁ,2023.0,1811.0,5523,1291,3376,3583,1913,1787,1514,1325,1254,1021,2388,28809,2022,Lago Tucuruí
150380,JACUNDÁ,,,7456,1501,3804,4160,1702,1381,1156,853,644,519,1085,24261,2013,Lago Tucuruí
150390,JURUTI,2427.0,2600.0,8148,1823,4587,4672,2086,1797,1380,1032,849,641,1363,33405,2022,Baixo Amazonas
150390,JURUTI,,,9775,1989,5169,4789,1858,1398,1114,953,836,626,856,29363,2013,Baixo Amazonas
150400,LIMOEIRO DO AJURU,,,5535,1151,3641,3521,1330,1087,826,617,528,311,488,19035,2013,Tocantins
150400,LIMOEIRO DO AJURU,1866.0,1539.0,4606,1174,4236,4809,1726,1418,1186,987,704,435,515,25201,2022,Tocantins
150405,MÃE DO RIO,1730.0,1570.0,4910,1267,3516,3581,1646,1466,1361,1127,877,626,1518,25195,2022,Rio Capim
150405,MÃE DO RIO,,,6235,1407,3635,3647,1500,1262,925,733,660,577,1412,21993,2013,Rio Capim
150410,MAGALHÃES BARATA,,,1568,354,980,970,395,324,255,265,215,156,237,5719,2013,Guamá
150410,MAGALHÃES BARATA,358.0,303.0,1222,260,753,903,480,484,372,328,282,268,429,6442,2022,Guamá
150420,MARABÁ,9160.0,9157.0,28328,6532,16904,17588,9300,8292,6680,5733,5297,4927,12026,139924,2022,Carajás
150420,MARABÁ,,,31698,6677,17162,16852,7061,5566,4488,3401,2415,1925,4692,101937,2013,Carajás
150430,MARACANÃ,1495.0,1393.0,4718,1166,3755,4104,1760,1572,1452,1205,1057,767,1185,25629,2022,Guamá
150430,MARACANÃ,,,5877,1384,3761,3610,1448,1210,1017,821,727,483,613,20951,2013,Guamá
150440,MARAPANIM,,,4666,1022,2732,2836,1151,953,735,613,548,357,336,15949,2013,Guamá
150440,MARAPANIM,1138.0,1111.0,3600,847,2755,3055,1358,1316,1146,985,831,586,946,19674,2022,Guamá
150442,MARITUBA,4596.0,4598.0,14337,3187,9135,10815,5526,5472,4663,4051,3249,2685,5506,77820,2022,Guajará
150442,MARITUBA,,,15150,3325,8702,9358,4386,3652,2525,1734,1314,1093,2560,53799,2013,Guajará
150445,MEDICILÂNDIA,,,4434,892,2581,2898,1193,940,823,633,449,312,553,15708,2013,Xingu
150445,MEDICILÂNDIA,1665.0,1395.0,4209,1006,3236,3616,1657,1655,1246,1001,835,577,1190,23288,2022,Xingu
150450,MELGAÇO,1958.0,2012.0,6035,1329,3931,3537,1188,1030,778,584,448,311,572,23713,2022,Marajó
150450,MELGAÇO,,,6113,1113,2905,2488,877,698,513,443,317,251,398,16116,2013,Marajó
150460,MOCAJUBA,2131.0,1870.0,5731,1529,4769,5167,1957,1606,1309,1034,746,492,928,29269,2022,Tocantins
150460,MOCAJUBA,,,6527,1417,3758,3659,1256,1011,833,585,540,349,1081,21016,2013,Tocantins
150470,MOJU,,,14104,3113,7948,7182,2773,2265,1805,1366,1133,810,1234,43733,2013,Tocantins
150470,MOJU,3723.0,4051.0,12604,3018,9513,10115,3868,3241,2673,2287,1794,1247,2681,60815,2022,Tocantins
150475,MOJUÍ DOS CAMPOS,,,173,45,97,125,57,48,47,33,28,24,22,699,2013,Baixo Amazonas
150475,MOJUÍ DOS CAMPOS,1226.0,1117.0,3367,844,2369,2672,1232,1213,1042,889,866,624,1125,18586,2022,Baixo Amazonas
150480,MONTE ALEGRE,3213.0,2951.0,9129,2187,6078,7371,3302,3109,2736,2178,1740,1123,2043,47160,2022,Baixo Amazonas
150480,MONTE ALEGRE,,,12189,2852,7272,6643,2953,2518,2118,1591,1241,978,1232,41587,2013,Baixo Amazonas
150490,MUANÁ,2236.0,1991.0,6149,1510,4655,5214,2146,1931,1517,1284,820,593,1073,31119,2022,Marajó
150490,MUANÁ,,,6546,1350,3435,3849,1569,1272,879,700,524,324,320,20768,2013,Marajó
150495,NOVA ESPERANÇA DO PIRIÁ,,,4301,904,2645,2659,967,775,617,456,359,238,296,14217,2013,Rio Capim
150495,NOVA ESPERANÇA DO PIRIÁ,1296.0,1251.0,3758,878,2741,3147,1389,1191,968,836,572,360,434,18821,2022,Rio Capim
150497,NOVA IPIXUNA,,,2634,580,1607,1806,726,549,507,401,336,305,601,10052,2013,Lago Tucuruí
150497,NOVA IPIXUNA,544.0,569.0,1790,466,1144,1194,651,613,498,438,413,338,809,9467,2022,Lago Tucuruí
150500,NOVA TIMBOTEUA,462.0,476.0,1453,352,1129,1314,649,677,578,541,490,362,550,9033,2022,Rio Caeté
150500,NOVA TIMBOTEUA,,,1854,415,1103,1427,613,535,494,362,344,233,236,7616,2013,Rio Caeté
150503,NOVO PROGRESSO,1183.0,1194.0,3363,707,2055,2134,932,877,604,589,564,705,1736,16643,2022,Tapajós
150503,NOVO PROGRESSO,,,3057,654,1747,1507,706,650,604,445,308,272,618,10568,2013,Tapajós
150506,NOVO REPARTIMENTO,2994.0,2789.0,8697,1929,5293,5893,2755,2478,1892,1429,1290,1072,2288,40799,2022,Lago Tucuruí
150506,NOVO REPARTIMENTO,,,11945,2457,6389,6329,2661,2098,1742,1331,1018,770,1219,37959,2013,Lago Tucuruí
150510,ÓBIDOS,2919.0,2513.0,8241,1940,5337,5639,2658,2610,2166,1811,1529,1162,2520,41045,2022,Baixo Amazonas
150510,ÓBIDOS,,,9479,1901,5282,5574,2321,1933,1640,1234,975,778,1619,32736,2013,Baixo Amazonas
150520,OEIRAS DO PARÁ,2549.0,2208.0,7040,1643,5212,5141,1803,1532,1260,941,646,315,521,30811,2022,Tocantins
150520,OEIRAS DO PARÁ,,,7006,1429,3707,3441,1311,1012,748,562,415,291,331,20253,2013,Tocantins
150530,ORIXIMINÁ,,,11807,2463,5677,5437,2259,1923,1513,1109,917,654,1211,34970,2013,Baixo Amazonas
150530,ORIXIMINÁ,3548.0,3382.0,10569,2470,6225,6088,2820,2487,1962,1572,1348,1021,2323,45815,2022,Baixo Amazonas
150540,OURÉM,887.0,824.0,2639,593,1851,2301,1063,1019,867,740,622,463,874,14743,2022,Rio Capim
150540,OURÉM,,,3209,797,2070,2295,851,741,626,496,385,263,564,12297,2013,Rio Capim
150543,OURILÂNDIA DO NORTE,,,4090,795,2029,2280,939,691,587,407,324,252,557,12951,2013,Araguaia
150543,OURILÂNDIA DO NORTE,1513.0,1630.0,4739,1009,2966,3237,1480,1244,1045,845,819,670,1584,22781,2022,Araguaia
150548,PACAJÁ,,,7270,1570,2876,3647,1489,1185,1067,825,688,524,901,22042,2013,Xingu
150548,PACAJÁ,2443.0,2337.0,6989,1574,4755,5276,2376,2152,1709,1413,1232,911,1588,34755,2022,Xingu
150549,PALESTINA DO PARÁ,420.0,353.0,1165,282,778,869,384,368,308,263,230,209,391,6020,2022,Carajás
150549,PALESTINA DO PARÁ,,,1602,348,1113,1121,371,288,251,226,190,188,287,5985,2013,Carajás
150550,PARAGOMINAS,,,17449,3686,9082,10559,4171,3342,2603,1869,1408,1043,1641,56853,2013,Rio Capim
150550,PARAGOMINAS,4100.0,4163.0,13445,3175,9247,9209,4562,4245,3223,2702,2332,1965,4747,67115,2022,Rio Capim
150553,PARAUAPEBAS,8792.0,8241.0,25285,5361,13045,17716,9503,7956,5617,4431,3790,3280,6987,120004,2022,Carajás
150553,PARAUAPEBAS,,,20822,4780,12241,12881,5475,4268,3337,2265,1589,1177,1798,70633,2013,Carajás
150555,PAU DARCO,,,1086,279,832,748,329,310,274,186,164,135,326,4669,2013,Araguaia
150555,PAU DARCO,410.0,333.0,1052,206,659,813,384,309,370,318,286,245,576,5961,2022,Araguaia
150560,PEIXE-BOI,,,1433,283,916,1146,439,368,328,252,207,139,191,5702,2013,Rio Caeté
150560,PEIXE-BOI,281.0,290.0,944,240,796,809,483,499,402,327,324,241,378,6014,2022,Rio Caeté
150563,PIÇARRA,,,2312,530,1321,1411,636,549,459,318,228,213,280,8257,2013,Carajás
150563,PIÇARRA,682.0,581.0,1749,375,1091,1102,611,493,504,390,340,250,528,8696,2022,Carajás
150565,PLACAS,,,2860,613,1777,1840,692,591,559,469,315,235,322,10273,2013,Xingu
150565,PLACAS,1059.0,933.0,2850,730,2191,2484,1121,979,771,647,634,477,809,15685,2022,Xingu
150570,PONTA DE PEDRAS,,,4794,972,3158,3456,1276,1010,828,631,487,301,325,17238,2013,Marajó
150570,PONTA DE PEDRAS,1455.0,1289.0,4194,1066,3596,4020,1704,1505,1157,989,765,556,845,23141,2022,Marajó
150580,PORTEL,,,12395,2404,5063,4669,1861,1396,1034,877,679,543,784,31705,2013,Marajó
150580,PORTEL,3821.0,3781.0,11898,2608,7573,6340,2458,2154,1715,1221,942,850,2128,47489,2022,Marajó
150590,PORTO DE MOZ,,,6537,1338,3333,2713,1054,854,659,473,327,201,305,17794,2013,Xingu
150590,PORTO DE MOZ,2225.0,2232.0,6612,1529,4730,4962,1720,1461,1163,898,714,522,1298,30066,2022,Xingu
150600,PRAINHA,2380.0,2423.0,7113,1624,5381,5780,2286,1991,1513,1221,979,622,855,34168,2022,Baixo Amazonas
150600,PRAINHA,,,7877,1755,4460,4382,1708,1342,1073,899,683,510,601,25290,2013,Baixo Amazonas
150610,PRIMAVERA,571.0,563.0,1553,368,1162,1360,658,636,507,483,438,329,503,9131,2022,Rio Caeté
150610,PRIMAVERA,,,1945,456,1194,1358,550,482,419,361,262,206,357,7590,2013,Rio Caeté
150611,QUATIPURU,572.0,565.0,1666,384,1261,1360,702,672,546,506,471,367,604,9676,2022,Rio Caeté
150611,QUATIPURU,,,2331,501,1322,1534,579,514,440,390,273,202,281,8367,2013,Rio Caeté
150613,REDENÇÃO,,,8814,2121,5090,4899,2267,1815,1519,1116,839,724,1875,31079,2013,Araguaia
150613,REDENÇÃO,3151.0,2956.0,8266,1740,5241,6034,2762,2683,2295,1966,1924,1799,4809,45626,2022,Araguaia
150616,RIO MARIA,,,2143,473,1071,1252,565,478,360,252,199,208,629,7630,2013,Araguaia
150616,RIO MARIA,701.0,642.0,1937,481,1384,1601,774,745,703,631,582,491,1249,11921,2022,Araguaia
150618,RONDON DO PARÁ,1313.0,1264.0,4214,997,2605,2863,1494,1476,1235,1136,997,893,2211,22698,2022,Rio Capim
150618,RONDON DO PARÁ,,,6133,1404,3702,4130,1770,1444,1230,932,729,559,959,22992,2013,Rio Capim
150619,RURÓPOLIS,,,4406,966,2676,2640,1027,857,764,643,531,414,682,15606,2013,Tapajós
150619,RURÓPOLIS,1480.0,1357.0,3901,960,3006,3015,1361,1261,931,804,673,657,1343,20749,2022,Tapajós
150620,SALINÓPOLIS,1305.0,1389.0,5062,1262,3853,4201,1930,1624,1367,1161,929,732,1882,26697,2022,Rio Caeté
150620,SALINÓPOLIS,,,5404,1370,3889,3313,1328,1119,914,611,472,406,886,19712,2013,Rio Caeté
150630,SALVATERRA,,,3941,885,2517,2607,1056,859,659,518,385,297,525,14249,2013,Marajó
150630,SALVATERRA,1173.0,1181.0,3597,826,2472,3092,1322,1142,1041,922,677,499,767,18711,2022,Marajó
150635,SANTA BÁRBARA DO PARÁ,922.0,981.0,3093,659,1812,2133,1118,1064,917,848,753,622,1222,16144,2022,Guajará
150635,SANTA BÁRBARA DO PARÁ,,,3341,811,2117,2334,1030,880,714,565,405,352,611,13160,2013,Guajará
150640,SANTA CRUZ DO ARARI,467.0,415.0,1424,322,992,1112,454,426,329,280,226,123,257,6827,2022,Marajó
150640,SANTA CRUZ DO ARARI,,,1243,270,660,676,311,246,195,141,95,49,50,3936,2013,Marajó
150650,SANTA IZABEL DO PARÁ,,,8889,2000,5389,6075,2560,2076,1613,1273,928,714,1116,32633,2013,Guamá
150650,SANTA IZABEL DO PARÁ,2193.0,2356.0,7211,1636,4338,5165,2581,2357,2006,1748,1381,1067,2187,36226,2022,Guamá
150655,SANTA LUZIA DO PARÁ,,,4149,921,2695,2916,1008,870,717,587,494,355,797,15509,2013,Rio Caeté
150655,SANTA LUZIA DO PARÁ,1095.0,1032.0,3244,824,2360,2645,1213,1093,953,751,664,457,805,17136,2022,Rio Caeté
150658,SANTA MARIA DAS BARREIRAS,,,3289,717,1564,1879,847,759,724,559,484,341,419,11582,2013,Araguaia
150658,SANTA MARIA DAS BARREIRAS,851.0,826.0,2584,618,1782,1758,951,910,844,809,790,605,1242,14570,2022,Araguaia
150660,SANTA MARIA DO PARÁ,,,3882,915,2678,2834,1286,1082,863,658,456,411,814,15879,2013,Guamá
150660,SANTA MARIA DO PARÁ,1089.0,941.0,2924,705,2299,2656,1290,1158,1117,998,840,562,1086,17665,2022,Guamá
150670,SANTANA DO ARAGUAIA,1856.0,1682.0,4620,1070,3470,3240,1336,1220,1100,897,901,855,2063,24310,2022,Araguaia
150670,SANTANA DO ARAGUAIA,,,4572,999,2431,2384,1042,891,721,617,495,471,1055,15678,2013,Araguaia
150680,SANTARÉM,15707.0,15611.0,46931,10415,32532,36400,16120,14490,11634,9509,8302,7379,16663,241693,2022,Baixo Amazonas
150680,SANTARÉM,,,49903,10954,30160,28211,11605,9884,8662,6782,5313,3888,6110,171472,2013,Baixo Amazonas
150690,SANTARÉM NOVO,,,1353,324,954,959,353,311,239,217,180,129,190,5209,2013,Rio Caeté
150690,SANTARÉM NOVO,450.0,749.0,1093,288,853,1098,457,426,342,319,280,216,479,7050,2022,Rio Caeté
150700,SANTO ANTÔNIO DO TAUÁ,,,4651,1074,2471,2759,1159,885,684,478,460,299,376,15296,2013,Guamá
150700,SANTO ANTÔNIO DO TAUÁ,1247.0,1370.0,4205,986,2954,3163,1451,1362,1128,938,777,604,1089,21274,2022,Guamá
150710,SÃO CAETANO DE ODIVELAS,755.0,712.0,2394,564,1722,2133,1005,923,769,674,564,424,775,13414,2022,Guamá
150710,SÃO CAETANO DE ODIVELAS,,,3143,748,2005,1928,780,663,531,411,345,274,468,11296,2013,Guamá
150715,SÃO DOMINGOS DO ARAGUAIA,,,3984,875,2479,2373,966,765,652,501,382,319,596,13892,2013,Carajás
150715,SÃO DOMINGOS DO ARAGUAIA,1090.0,1002.0,3181,773,2155,2111,1043,979,808,650,625,471,1276,16164,2022,Carajás
150720,SÃO DOMINGOS DO CAPIM,1771.0,1520.0,5488,1340,3917,4100,1722,1505,1363,1119,925,534,782,26086,2022,Guamá
150720,SÃO DOMINGOS DO CAPIM,,,6756,1444,3742,3885,1502,1223,1018,716,630,529,802,22247,2013,Guamá
150730,SÃO FÉLIX DO XINGU,,,8890,1700,4097,4344,1807,1442,1088,681,513,377,946,25885,2013,Araguaia
150730,SÃO FÉLIX DO XINGU,3059.0,3223.0,9307,2031,5597,6373,3086,2703,2068,1668,1413,1095,2264,43887,2022,Araguaia
150740,SÃO FRANCISCO DO PARÁ,700.0,655.0,2102,496,1604,1768,881,841,715,642,590,421,747,12162,2022,Guamá
150740,SÃO FRANCISCO DO PARÁ,,,2560,606,1738,1875,791,639,607,484,398,253,422,10373,2013,Guamá
150745,SÃO GERALDO DO ARAGUAIA,,,4414,1019,2688,2863,1141,882,741,596,464,393,855,16056,2013,Carajás
150745,SÃO GERALDO DO ARAGUAIA,1322.0,1176.0,3384,686,2171,2234,1087,995,848,689,647,554,1197,16990,2022,Carajás
150746,SÃO JOÃO DA PONTA,,,1033,227,670,724,283,238,224,159,166,104,119,3947,2013,Guamá
150746,SÃO JOÃO DA PONTA,322.0,313.0,976,219,708,844,436,355,311,279,250,175,284,5472,2022,Guamá
150747,SÃO JOÃO DE PIRABAS,1007.0,927.0,3113,766,2193,2507,1200,1083,908,814,651,515,951,16635,2022,Rio Caeté
150747,SÃO JOÃO DE PIRABAS,,,3982,936,2500,2503,954,798,606,586,461,291,488,14105,2013,Rio Caeté
150750,SÃO JOÃO DO ARAGUAIA,,,2417,580,1494,1265,483,370,358,287,279,177,329,8039,2013,Carajás
150750,SÃO JOÃO DO ARAGUAIA,778.0,824.0,2455,600,1627,1781,768,705,565,522,516,455,891,12487,2022,Carajás
150760,SÃO MIGUEL DO GUAMÁ,,,9997,2136,5271,5269,2156,1784,1425,1002,723,532,1071,31366,2013,Guamá
150760,SÃO MIGUEL DO GUAMÁ,2440.0,2441.0,7780,1864,5377,5291,2490,2277,1863,1548,1319,930,1729,37349,2022,Guamá
150770,SÃO SEBASTIÃO DA BOA VISTA,,,5122,1071,3105,3438,1232,991,740,568,426,247,326,17266,2013,Marajó
150770,SÃO SEBASTIÃO DA BOA VISTA,2060.0,1753.0,5279,1182,3915,4732,1833,1410,1119,884,578,370,678,25793,2022,Marajó
150775,SAPUCAIA,,,921,186,460,510,209,211,164,138,100,94,147,3140,2013,Araguaia
150775,SAPUCAIA,275.0,276.0,745,152,431,440,183,172,138,130,132,107,278,3459,2022,Araguaia
150780,SENADOR JOSÉ PORFÍRIO,1157.0,1193.0,3545,802,2308,2320,981,914,766,601,486,374,616,16063,2022,Xingu
150780,SENADOR JOSÉ PORFÍRIO,,,2962,667,1196,1408,606,431,360,306,220,152,188,8496,2013,Xingu
150790,SOURE,,,3962,899,2664,2246,894,697,594,446,359,272,593,13626,2013,Marajó
150790,SOURE,1309.0,1310.0,3797,822,2739,2860,1096,958,736,589,492,353,935,17996,2022,Marajó
150795,TAILÂNDIA,,,13115,2661,6309,6359,2479,1818,1377,1056,816,666,1415,38071,2013,Tocantins
150795,TAILÂNDIA,4094.0,3672.0,11682,2713,7164,7025,3316,2981,2365,1940,1584,1249,2822,52607,2022,Tocantins
150796,TERRA ALTA,677.0,589.0,1856,393,1384,1635,677,656,580,516,438,326,733,10460,2022,Guamá
150796,TERRA ALTA,,,2208,559,1431,1145,493,442,322,245,172,138,194,7349,2013,Guamá
150797,TERRA SANTA,1062.0,976.0,2762,594,1810,2273,1018,906,709,536,449,427,817,14339,2022,Baixo Amazonas
150797,TERRA SANTA,,,3268,821,2027,1782,674,550,411,337,286,219,395,10770,2013,Baixo Amazonas
150800,TOMÉ-AÇU,,,11987,2589,6956,6563,2451,1997,1603,1228,947,804,1948,39073,2013,Rio Capim
150800,TOMÉ-AÇU,3742.0,3756.0,11404,2333,6163,6909,3071,2702,2158,1790,1425,921,2219,48593,2022,Rio Capim
150803,TRACUATEUA,1540.0,1514.0,4827,1224,3362,3968,1919,1694,1439,1152,969,600,823,25031,2022,Rio Caeté
150803,TRACUATEUA,,,6004,1250,3391,3834,1505,1188,1008,780,677,493,777,20907,2013,Rio Caeté
150805,TRAIRÃO,,,2555,540,1337,1406,544,417,338,287,264,186,264,8138,2013,Tapajós
150805,TRAIRÃO,828.0,860.0,2237,514,1743,1823,821,762,517,437,381,355,791,12069,2022,Tapajós
150808,TUCUMÃ,,,4606,1024,2849,3184,1288,1040,864,633,435,358,1010,17291,2013,Araguaia
150808,TUCUMÃ,1525.0,1413.0,4080,761,2467,3100,1503,1387,1039,861,858,826,1954,21774,2022,Araguaia
150810,TUCURUÍ,3631.0,3914.0,12118,2892,8165,7990,3601,3360,2611,2112,1880,2056,5825,60155,2022,Lago Tucuruí
150810,TUCURUÍ,,,16555,3323,8161,8185,3244,2650,2072,1564,1274,1476,3516,52020,2013,Lago Tucuruí
150812,ULIANÓPOLIS,1285.0,1221.0,3478,960,2482,2419,1251,1173,1013,890,790,622,1067,18651,2022,Rio Capim
150812,ULIANÓPOLIS,,,4532,925,2036,2347,994,771,648,497,382,260,489,13881,2013,Rio Capim
150815,URUARÁ,,,7105,1577,4101,3837,1648,1275,1003,770,565,527,1127,23535,2013,Xingu
150815,URUARÁ,2333.0,2190.0,6584,1378,3666,4455,2155,1949,1431,1176,971,769,1974,31031,2022,Xingu
150820,VIGIA,,,8092,1714,4750,4461,1817,1423,1057,847,643,508,956,26268,2013,Guamá
150820,VIGIA,2140.0,2162.0,6543,1623,5161,6231,2799,2635,2161,1832,1552,1182,2432,38453,2022,Guamá
150830,VISEU,,,13222,2544,6012,6899,2495,2101,1670,1443,1126,725,655,38892,2013,Rio Caeté
150830,VISEU,2998.0,3337.0,11014,2553,6342,6999,3294,2687,2007,1582,1231,786,1173,46003,2022,Rio Caeté
150835,VITÓRIA DO XINGU,,,1843,410,1101,1158,506,409,328,211,147,106,189,6408,2013,Xingu
150835,VITÓRIA DO XINGU,945.0,793.0,2511,524,1400,1657,723,675,552,453,392,280,629,11534,2022,Xingu
150840,XINGUARA,1754.0,1755.0,5141,1175,3109,3477,1715,1524,1286,1093,1034,901,2367,26331,2022,Araguaia
150840,XINGUARA,,,5257,1104,2901,2972,1309,1073,875,629,490,401,1461,18472,2013,Araguaia
