Codigo,Municipio,0-3,4-6,7-15,16-17,18-24,25-34,35-39,40-44,45-49,50-54,55-59,60-64,64+,Total
150010,ABAETETUBA,5256.0,5309.0,6138.0,6820.0,6297.0,4818.0,,3192.0,2422.0,2079.0,1755.0,1403.0,4411.0,141100.0
150013,ABEL FIGUEIREDO,254.0,265.0,287.0,277.0,248.0,229.0,,155.0,117.0,97.0,94.0,60.0,220.0,6780.0
150020,ACARÁ,2447.0,2515.0,2675.0,2438.0,2212.0,1606.0,,1145.0,862.0,665.0,613.0,523.0,1532.0,53569.0
150030,AFUÁ,1835.0,1904.0,1938.0,1740.0,1357.0,1072.0,,669.0,455.0,420.0,337.0,246.0,838.0,35042.0
150034,ÁGUA AZUL DO NORTE,740.0,875.0,947.0,869.0,1035.0,996.0,,821.0,508.0,415.0,261.0,204.0,380.0,25057.0
150040,ALENQUER,2432.0,2737.0,2665.0,2547.0,1881.0,1572.0,,1041.0,769.0,753.0,582.0,524.0,1961.0,52626.0
150050,ALMEIRIM,1541.0,1564.0,1643.0,1588.0,1314.0,1121.0,,743.0,611.0,497.0,364.0,268.0,785.0,33614.0
150060,ALTAMIRA,3720.0,3817.0,4165.0,4211.0,4000.0,3543.0,,2365.0,1922.0,1585.0,1202.0,899.0,2759.0,99075.0
150070,ANAJÁS,1411.0,1510.0,1397.0,1181.0,1019.0,693.0,,393.0,304.0,267.0,199.0,155.0,528.0,24759.0
150080,ANANINDEUA,14703.0,15295.0,17578.0,18168.0,19028.0,17812.0,,13514.0,10745.0,9126.0,6593.0,4859.0,11672.0,471980.0
150085,ANAPU,985.0,940.0,954.0,965.0,871.0,724.0,,450.0,318.0,319.0,268.0,184.0,372.0,20543.0
150090,AUGUSTO CORRÊA,1920.0,2036.0,2007.0,1952.0,1600.0,1249.0,,774.0,605.0,538.0,464.0,406.0,1219.0,40497.0
150095,AURORA DO PARÁ,1038.0,1109.0,1220.0,1152.0,1067.0,854.0,,583.0,441.0,344.0,298.0,259.0,716.0,26546.0
150100,AVEIRO,739.0,820.0,817.0,757.0,572.0,426.0,,308.0,269.0,244.0,195.0,147.0,515.0,15849.0
150110,BAGRE,1314.0,1370.0,1335.0,1169.0,896.0,706.0,,454.0,257.0,245.0,195.0,196.0,436.0,23864.0
150120,BAIÃO,1487.0,1722.0,1752.0,1627.0,1501.0,1243.0,,805.0,598.0,485.0,410.0,339.0,972.0,36882.0
150125,BANNACH,123.0,148.0,141.0,122.0,127.0,115.0,,81.0,60.0,67.0,58.0,40.0,94.0,3431.0
150130,BARCARENA,4058.0,4041.0,4295.0,4368.0,4166.0,3511.0,,2394.0,1814.0,1518.0,1051.0,805.0,2188.0,99859.0
150140,BELÉM,39672.0,40106.0,46372.0,50496.0,53773.0,51069.0,,40920.0,33901.0,29313.0,22269.0,17735.0,56774.0,1393399.0
150145,BELTERRA,666.0,785.0,787.0,679.0,549.0,474.0,,301.0,289.0,265.0,246.0,180.0,701.0,16318.0
150150,BENEVIDES,1796.0,1958.0,2223.0,2171.0,2049.0,1868.0,,1323.0,1038.0,885.0,657.0,470.0,1455.0,51651.0
150157,BOM JESUS DO TOCANTINS,559.0,595.0,600.0,632.0,617.0,507.0,,383.0,337.0,243.0,263.0,186.0,514.0,15298.0
150160,BONITO,586.0,562.0,628.0,563.0,552.0,532.0,,312.0,215.0,199.0,161.0,140.0,407.0,13630.0
150170,BRAGANÇA,4626.0,4789.0,5029.0,5025.0,4734.0,3761.0,,2464.0,1976.0,1743.0,1385.0,1132.0,3950.0,113227.0
150172,BRASIL NOVO,599.0,601.0,677.0,673.0,627.0,511.0,,408.0,350.0,260.0,234.0,168.0,542.0,15690.0
150175,BREJO GRANDE DO ARAGUAIA,312.0,310.0,351.0,353.0,287.0,216.0,,156.0,137.0,138.0,99.0,74.0,252.0,7317.0
150178,BREU BRANCO,2417.0,2520.0,2548.0,2248.0,2151.0,1756.0,,1107.0,854.0,782.0,624.0,469.0,1171.0,52493.0
150180,BREVES,4853.0,4931.0,4925.0,4456.0,3604.0,2750.0,,1684.0,1273.0,1102.0,975.0,707.0,2504.0,92860.0
150190,BUJARU,1067.0,1275.0,1316.0,1207.0,1039.0,779.0,,624.0,392.0,345.0,294.0,235.0,793.0,25695.0
150195,CACHOEIRA DO PIRIÁ,1323.0,1463.0,1368.0,1043.0,1041.0,790.0,,590.0,394.0,346.0,251.0,177.0,387.0,26484.0
150200,CACHOEIRA DO ARARI,846.0,874.0,903.0,894.0,827.0,689.0,,523.0,414.0,310.0,242.0,202.0,821.0,20443.0
150210,CAMETÁ,5433.0,5440.0,5674.0,5636.0,5184.0,3910.0,,2294.0,1771.0,1545.0,1429.0,1094.0,4112.0,120896.0
150215,CANAÃ DOS CARAJÁS,1131.0,1121.0,1087.0,1092.0,1129.0,1002.0,,628.0,486.0,357.0,250.0,178.0,423.0,26716.0
150220,CAPANEMA,2141.0,2208.0,2528.0,2689.0,2552.0,2126.0,,1554.0,1304.0,1092.0,960.0,690.0,2658.0,63639.0
150230,CAPITÃO POÇO,1948.0,2165.0,2518.0,2504.0,2145.0,1624.0,,1197.0,900.0,746.0,621.0,484.0,1737.0,51893.0
150240,CASTANHAL,6152.0,6118.0,6877.0,7219.0,7266.0,6264.0,,4426.0,3494.0,2865.0,2129.0,1657.0,5220.0,173149.0
150250,CHAVES,1055.0,1123.0,1068.0,929.0,828.0,587.0,,440.0,326.0,276.0,246.0,192.0,565.0,21005.0
150260,COLARES,478.0,448.0,514.0,541.0,420.0,325.0,,265.0,203.0,165.0,161.0,131.0,539.0,11381.0
150270,CONCEIÇÃO DO ARAGUAIA,1572.0,1712.0,1928.0,1942.0,1636.0,1425.0,,1172.0,899.0,838.0,680.0,596.0,1887.0,45557.0
150275,CONCÓRDIA DO PARÁ,1282.0,1356.0,1326.0,1338.0,1257.0,972.0,,615.0,378.0,315.0,307.0,285.0,848.0,28216.0
150276,CUMARU DO NORTE,433.0,453.0,424.0,358.0,350.0,404.0,,323.0,279.0,201.0,125.0,102.0,109.0,10466.0
150277,CURIONÓPOLIS,707.0,760.0,786.0,843.0,694.0,525.0,,343.0,361.0,354.0,298.0,209.0,745.0,18288.0
150280,CURRALINHO,1655.0,1694.0,1557.0,1396.0,1151.0,803.0,,462.0,363.0,290.0,232.0,200.0,696.0,28549.0
150285,CURUÁ,588.0,713.0,635.0,557.0,486.0,321.0,,227.0,185.0,170.0,107.0,99.0,340.0,12254.0
150290,CURUÇÁ,1288.0,1433.0,1589.0,1484.0,1294.0,1007.0,,780.0,614.0,607.0,431.0,421.0,1692.0,34294.0
150293,DOM ELISEU,2053.0,2242.0,2269.0,2057.0,2147.0,1892.0,,1272.0,934.0,756.0,545.0,420.0,966.0,51319.0
150295,ELDORADO DO CARAJÁS,1372.0,1394.0,1491.0,1378.0,1255.0,936.0,,733.0,597.0,537.0,402.0,318.0,695.0,31786.0
150300,FARO,393.0,449.0,387.0,430.0,310.0,241.0,,140.0,137.0,143.0,104.0,73.0,274.0,8177.0
150304,FLORESTA DO ARAGUAIA,724.0,755.0,820.0,747.0,702.0,609.0,,436.0,312.0,314.0,244.0,176.0,476.0,17768.0
150307,GARRAFÃO DO NORTE,1069.0,1261.0,1263.0,1236.0,1057.0,774.0,,521.0,386.0,313.0,273.0,211.0,685.0,25034.0
150309,GOIANÉSIA DO PARÁ,1352.0,1279.0,1314.0,1272.0,1284.0,1098.0,,663.0,585.0,461.0,373.0,253.0,617.0,30436.0
150310,GURUPÁ,1578.0,1552.0,1579.0,1371.0,1155.0,857.0,,502.0,429.0,362.0,261.0,217.0,709.0,29062.0
150320,IGARAPÉ-AÇU,1258.0,1309.0,1566.0,1665.0,1486.0,1191.0,,857.0,661.0,594.0,470.0,384.0,1453.0,35887.0
150330,IGARAPÉ-MIRI,2532.0,2634.0,2715.0,2824.0,2464.0,1878.0,,1189.0,924.0,810.0,657.0,510.0,1961.0,58077.0
150340,INHANGAPI,371.0,398.0,423.0,480.0,424.0,336.0,,241.0,208.0,142.0,126.0,114.0,362.0,10037.0
150345,IPIXUNA DO PARÁ,2078.0,2298.0,2347.0,1933.0,2332.0,2001.0,,1321.0,805.0,723.0,498.0,489.0,754.0,51309.0
150350,IRITUIA,1306.0,1359.0,1428.0,1410.0,1217.0,1013.0,,657.0,462.0,433.0,389.0,351.0,1249.0,31364.0
150360,ITAITUBA,3635.0,3866.0,4289.0,4352.0,3899.0,3448.0,,2321.0,1861.0,1653.0,1214.0,904.0,2379.0,97493.0
150370,ITUPIRANGA,2328.0,2394.0,2430.0,2239.0,1988.0,1604.0,,1070.0,830.0,765.0,680.0,553.0,1285.0,51220.0
150375,JACAREACANGA,625.0,668.0,548.0,465.0,538.0,435.0,,421.0,331.0,264.0,147.0,120.0,170.0,14103.0
150380,JACUNDÁ,2052.0,2017.0,2222.0,2221.0,2282.0,1847.0,,1363.0,942.0,671.0,577.0,408.0,1330.0,51360.0
150390,JURUTI,2502.0,2488.0,2440.0,2103.0,1966.0,1423.0,,855.0,625.0,570.0,468.0,354.0,1304.0,47086.0
150400,LIMOEIRO DO AJURU,1162.0,1226.0,1251.0,1192.0,1097.0,741.0,,508.0,316.0,292.0,249.0,179.0,667.0,25021.0
150405,MÃE DO RIO,1120.0,1187.0,1230.0,1214.0,1156.0,868.0,,674.0,429.0,399.0,325.0,288.0,989.0,27904.0
150410,MAGALHÃES BARATA,292.0,346.0,395.0,391.0,288.0,240.0,,172.0,144.0,139.0,92.0,108.0,408.0,8115.0
150420,MARABÁ,9890.0,9745.0,9879.0,9564.0,9956.0,8670.0,,5487.0,4139.0,3536.0,2573.0,1853.0,5342.0,233669.0
150430,MARACANÃ,1110.0,1201.0,1435.0,1362.0,1054.0,788.0,,634.0,486.0,444.0,380.0,325.0,1328.0,28376.0
150440,MARAPANIM,877.0,994.0,1212.0,1258.0,913.0,799.0,,615.0,462.0,469.0,395.0,333.0,1377.0,26605.0
150442,MARITUBA,3887.0,3987.0,4165.0,4050.0,4412.0,4240.0,,3092.0,2195.0,1850.0,1197.0,945.0,2269.0,108246.0
150445,MEDICILÂNDIA,1075.0,1142.0,1171.0,1223.0,1152.0,880.0,,648.0,517.0,454.0,339.0,255.0,611.0,27328.0
150450,MELGAÇO,1483.0,1494.0,1404.0,1243.0,1013.0,737.0,,439.0,277.0,220.0,204.0,121.0,414.0,24808.0
150460,MOCAJUBA,1124.0,1347.0,1316.0,1254.0,1077.0,823.0,,526.0,410.0,320.0,309.0,241.0,987.0,26731.0
150470,MOJU,3266.0,3451.0,3483.0,3340.0,2845.0,2192.0,,1409.0,996.0,941.0,749.0,565.0,1647.0,70018.0
150480,MONTE ALEGRE,2118.0,2260.0,2752.0,2707.0,2001.0,1669.0,,1234.0,994.0,850.0,744.0,605.0,2228.0,55462.0
150490,MUANÁ,1560.0,1613.0,1771.0,1541.0,1369.0,1060.0,,799.0,559.0,511.0,373.0,311.0,936.0,34204.0
150495,NOVA ESPERANÇA DO PIRIÁ,991.0,1005.0,1041.0,958.0,816.0,657.0,,374.0,289.0,242.0,186.0,176.0,306.0,20158.0
150497,NOVA IPIXUNA,640.0,642.0,692.0,627.0,574.0,439.0,,318.0,263.0,234.0,218.0,186.0,405.0,14645.0
150500,NOVA TIMBOTEUA,425.0,500.0,554.0,530.0,526.0,461.0,,333.0,266.0,244.0,199.0,190.0,674.0,13670.0
150503,NOVO PROGRESSO,977.0,1021.0,998.0,979.0,939.0,876.0,,747.0,626.0,437.0,343.0,220.0,289.0,25124.0
150506,NOVO REPARTIMENTO,2813.0,2924.0,3057.0,2727.0,2352.0,2029.0,,1346.0,1058.0,874.0,734.0,566.0,1288.0,62050.0
150510,ÓBIDOS,2250.0,2363.0,2381.0,2159.0,1805.0,1506.0,,1068.0,827.0,769.0,638.0,515.0,1855.0,49333.0
150520,OEIRAS DO PARÁ,1590.0,1639.0,1496.0,1317.0,1143.0,798.0,,500.0,363.0,326.0,281.0,226.0,690.0,28595.0
150530,ORIXIMINÁ,2828.0,3142.0,3052.0,2884.0,2349.0,1947.0,,1279.0,1070.0,899.0,745.0,562.0,1853.0,62794.0
150540,OURÉM,625.0,707.0,726.0,777.0,659.0,509.0,,336.0,289.0,214.0,201.0,155.0,649.0,16311.0
150543,OURILÂNDIA DO NORTE,1175.0,1092.0,1184.0,1213.0,1159.0,1014.0,,704.0,506.0,384.0,246.0,178.0,453.0,27359.0
150548,PACAJÁ,1763.0,1789.0,1922.0,1836.0,1620.0,1261.0,,819.0,703.0,595.0,500.0,404.0,957.0,39979.0
150549,PALESTINA DO PARÁ,306.0,318.0,346.0,340.0,313.0,255.0,,135.0,130.0,130.0,100.0,102.0,293.0,7475.0
150550,PARAGOMINAS,4273.0,4272.0,4267.0,4061.0,4085.0,3661.0,,2260.0,1552.0,1393.0,952.0,666.0,1543.0,97819.0
150553,PARAUAPEBAS,6697.0,6312.0,6147.0,5976.0,7119.0,6381.0,,3538.0,2600.0,1892.0,1276.0,867.0,1940.0,153908.0
150555,PAU D'ARCO,242.0,217.0,278.0,302.0,216.0,179.0,,163.0,104.0,99.0,75.0,72.0,212.0,6033.0
150560,PEIXE-BOI,260.0,293.0,312.0,332.0,307.0,238.0,,188.0,158.0,156.0,127.0,93.0,403.0,7854.0
150563,PIÇARRA,525.0,570.0,557.0,517.0,458.0,386.0,,328.0,236.0,223.0,165.0,140.0,302.0,12697.0
150565,PLACAS,1080.0,1126.0,1070.0,986.0,927.0,820.0,,531.0,428.0,363.0,268.0,224.0,414.0,23934.0
150570,PONTA DE PEDRAS,1059.0,1231.0,1231.0,1187.0,1107.0,852.0,,602.0,493.0,410.0,310.0,239.0,854.0,25999.0
150580,PORTEL,3167.0,3227.0,2842.0,2367.0,2003.0,1497.0,,870.0,652.0,591.0,485.0,377.0,1088.0,52172.0
150590,PORTO DE MOZ,2019.0,1886.0,1928.0,1594.0,1394.0,1065.0,,630.0,439.0,345.0,230.0,219.0,627.0,33956.0
150600,PRAINHA,1438.0,1483.0,1542.0,1415.0,1150.0,831.0,,622.0,435.0,398.0,319.0,209.0,694.0,29349.0
150610,PRIMAVERA,338.0,404.0,460.0,496.0,397.0,327.0,,229.0,190.0,158.0,155.0,122.0,522.0,10268.0
150611,QUATIPURU,447.0,529.0,627.0,576.0,484.0,361.0,,250.0,236.0,194.0,147.0,147.0,520.0,12411.0
150613,REDENÇÃO,2720.0,2833.0,3231.0,3092.0,3030.0,2607.0,,1969.0,1486.0,1186.0,893.0,668.0,2041.0,75556.0
150616,RIO MARIA,602.0,641.0,707.0,666.0,701.0,629.0,,479.0,380.0,303.0,260.0,215.0,579.0,17697.0
150618,RONDON DO PARÁ,1650.0,1832.0,1987.0,1992.0,1856.0,1699.0,,1226.0,1006.0,768.0,638.0,469.0,1275.0,46964.0
150619,RURÓPOLIS,1639.0,1804.0,1820.0,1751.0,1518.0,1369.0,,981.0,745.0,681.0,498.0,404.0,902.0,40087.0
150620,SALINÓPOLIS,1356.0,1442.0,1698.0,1650.0,1619.0,1283.0,,856.0,700.0,556.0,490.0,370.0,1180.0,37421.0
150630,SALVATERRA,774.0,795.0,904.0,915.0,854.0,618.0,,444.0,372.0,350.0,269.0,235.0,786.0,20183.0
150635,SANTA BÁRBARA DO PARÁ,632.0,642.0,678.0,713.0,641.0,575.0,,420.0,299.0,251.0,212.0,197.0,549.0,17141.0
150640,SANTA CRUZ DO ARARI,263.0,313.0,361.0,360.0,403.0,293.0,,187.0,174.0,110.0,92.0,83.0,252.0,8155.0
150650,SANTA IZABEL DO PARÁ,1963.0,2154.0,2338.0,2500.0,2581.0,2133.0,,1561.0,1058.0,830.0,672.0,566.0,1804.0,59466.0
150655,SANTA LUZIA DO PARÁ,774.0,830.0,897.0,954.0,799.0,605.0,,374.0,333.0,293.0,219.0,184.0,718.0,19424.0
150658,SANTA MARIA DAS BARREIRAS,644.0,652.0,752.0,654.0,612.0,535.0,,465.0,399.0,335.0,314.0,209.0,467.0,17206.0
150660,SANTA MARIA DO PARÁ,741.0,861.0,966.0,1006.0,941.0,801.0,,579.0,422.0,381.0,295.0,220.0,954.0,23026.0
150670,SANTANA DO ARAGUAIA,2062.0,2573.0,2346.0,2077.0,2369.0,2161.0,,1456.0,1094.0,878.0,562.0,502.0,869.0,56153.0
150680,SANTARÉM,11653.0,11994.0,13082.0,13115.0,11993.0,9710.0,,6573.0,5673.0,4740.0,3771.0,2902.0,10181.0,294580.0
150690,SANTARÉM NOVO,250.0,273.0,263.0,274.0,246.0,182.0,,123.0,104.0,80.0,79.0,71.0,237.0,6141.0
150700,SANTO ANTÔNIO DO TAUÁ,1034.0,1015.0,1125.0,1223.0,1088.0,878.0,,570.0,481.0,403.0,338.0,294.0,910.0,26674.0
150710,SÃO CAETANO DE ODIVELAS,641.0,691.0,712.0,797.0,667.0,565.0,,358.0,276.0,283.0,221.0,191.0,727.0,16891.0
150715,SÃO DOMINGOS DO ARAGUAIA,957.0,965.0,1132.0,1036.0,906.0,711.0,,416.0,373.0,332.0,324.0,244.0,900.0,23130.0
150720,SÃO DOMINGOS DO CAPIM,1517.0,1613.0,1558.0,1390.0,1171.0,858.0,,553.0,380.0,330.0,348.0,295.0,854.0,29846.0
150730,SÃO FÉLIX DO XINGU,3016.0,3585.0,3756.0,3293.0,3834.0,3659.0,,2737.0,1897.0,1480.0,913.0,745.0,1122.0,91340.0
150740,SÃO FRANCISCO DO PARÁ,484.0,564.0,619.0,629.0,553.0,480.0,,304.0,299.0,255.0,232.0,169.0,659.0,15060.0
150745,SÃO GERALDO DO ARAGUAIA,974.0,1015.0,1091.0,1126.0,973.0,910.0,,594.0,458.0,428.0,337.0,271.0,885.0,25587.0
150746,SÃO JOÃO DA PONTA,198.0,272.0,245.0,237.0,214.0,143.0,,102.0,101.0,83.0,78.0,61.0,258.0,5265.0
150747,SÃO JOÃO DE PIRABAS,787.0,923.0,910.0,914.0,851.0,620.0,,400.0,340.0,312.0,281.0,240.0,931.0,20647.0
150750,SÃO JOÃO DO ARAGUAIA,566.0,633.0,595.0,611.0,482.0,383.0,,290.0,259.0,205.0,195.0,151.0,411.0,13155.0
150760,SÃO MIGUEL DO GUAMÁ,2173.0,2269.0,2366.0,2299.0,2078.0,1701.0,,1116.0,898.0,713.0,575.0,492.0,1713.0,51567.0
150770,SÃO SEBASTIÃO DA BOA VISTA,1085.0,1110.0,1169.0,1112.0,990.0,744.0,,445.0,313.0,290.0,225.0,169.0,702.0,22904.0
150775,SAPUCAIA,181.0,178.0,210.0,196.0,206.0,160.0,,146.0,117.0,91.0,61.0,46.0,102.0,5047.0
150780,SENADOR JOSÉ PORFÍRIO,633.0,651.0,635.0,513.0,484.0,393.0,,285.0,243.0,186.0,147.0,104.0,222.0,13045.0
150790,SOURE,861.0,912.0,1000.0,1055.0,926.0,760.0,,553.0,445.0,363.0,313.0,233.0,931.0,23001.0
150795,TAILÂNDIA,3276.0,3653.0,3767.0,3089.0,3564.0,3245.0,,1829.0,1256.0,872.0,627.0,563.0,1046.0,79297.0
150796,TERRA ALTA,391.0,419.0,454.0,473.0,406.0,307.0,,271.0,190.0,150.0,139.0,128.0,424.0,10262.0
150797,TERRA SANTA,665.0,753.0,792.0,789.0,681.0,548.0,,351.0,267.0,276.0,207.0,166.0,606.0,16949.0
150800,TOMÉ-AÇU,2582.0,2608.0,2632.0,2529.0,2389.0,1789.0,,1198.0,834.0,737.0,592.0,463.0,1530.0,56518.0
150803,TRACUATEUA,1150.0,1199.0,1309.0,1292.0,1112.0,818.0,,574.0,463.0,395.0,340.0,243.0,989.0,27455.0
150805,TRAIRÃO,736.0,694.0,738.0,648.0,705.0,648.0,,360.0,298.0,280.0,203.0,144.0,281.0,16875.0
150808,TUCUMÃ,1344.0,1255.0,1424.0,1441.0,1418.0,1186.0,,814.0,685.0,561.0,405.0,300.0,711.0,33690.0
150810,TUCURUÍ,4005.0,4097.0,4233.0,4227.0,4186.0,3491.0,,2227.0,1694.0,1466.0,1083.0,771.0,2020.0,97128.0
150812,ULIANÓPOLIS,1814.0,1927.0,1926.0,1533.0,1814.0,1702.0,,1102.0,648.0,746.0,368.0,324.0,480.0,43341.0
150815,URUARÁ,1899.0,1883.0,1945.0,1884.0,1790.0,1670.0,,1032.0,809.0,647.0,475.0,420.0,976.0,44789.0
150820,VIGIA,1705.0,1833.0,2041.0,2125.0,2001.0,1617.0,,1138.0,854.0,791.0,645.0,523.0,1800.0,47889.0
150830,VISEU,2875.0,3026.0,2984.0,2627.0,2269.0,1661.0,,1072.0,809.0,798.0,617.0,542.0,1762.0,56716.0
150835,VITÓRIA DO XINGU,463.0,550.0,559.0,546.0,554.0,490.0,,351.0,250.0,196.0,172.0,146.0,353.0,13431.0
150840,XINGUARA,1520.0,1527.0,1683.0,1601.0,1622.0,1462.0,,1033.0,840.0,664.0,528.0,383.0,1069.0,40573.0
